-- MySQL dump 10.13  Distrib 5.5.60, for debian-linux-gnu (x86_64)
--
-- Host: localhost    Database: glpi
-- ------------------------------------------------------
-- Server version	5.5.60-0+deb8u1

/*!40101 SET @OLD_CHARACTER_SET_CLIENT=@@CHARACTER_SET_CLIENT */;
/*!40101 SET @OLD_CHARACTER_SET_RESULTS=@@CHARACTER_SET_RESULTS */;
/*!40101 SET @OLD_COLLATION_CONNECTION=@@COLLATION_CONNECTION */;
/*!40101 SET NAMES utf8 */;
/*!40103 SET @OLD_TIME_ZONE=@@TIME_ZONE */;
/*!40103 SET TIME_ZONE='+00:00' */;
/*!40014 SET @OLD_UNIQUE_CHECKS=@@UNIQUE_CHECKS, UNIQUE_CHECKS=0 */;
/*!40014 SET @OLD_FOREIGN_KEY_CHECKS=@@FOREIGN_KEY_CHECKS, FOREIGN_KEY_CHECKS=0 */;
/*!40101 SET @OLD_SQL_MODE=@@SQL_MODE, SQL_MODE='NO_AUTO_VALUE_ON_ZERO' */;
/*!40111 SET @OLD_SQL_NOTES=@@SQL_NOTES, SQL_NOTES=0 */;

--
-- Current Database: `itsm_migration`
--

CREATE DATABASE /*!32312 IF NOT EXISTS*/ `itsm_migration` /*!40100 DEFAULT CHARACTER SET latin1 */;

USE `itsm_migration`;

--
-- Table structure for table `glpi_alerts`
--

DROP TABLE IF EXISTS `glpi_alerts`;
/*!40101 SET @saved_cs_client     = @@character_set_client */;
/*!40101 SET character_set_client = utf8 */;
CREATE TABLE `glpi_alerts` (
  `id` int(11) NOT NULL AUTO_INCREMENT,
  `itemtype` varchar(100) COLLATE utf8_unicode_ci NOT NULL,
  `items_id` int(11) NOT NULL DEFAULT '0',
  `type` int(11) NOT NULL DEFAULT '0' COMMENT 'see define.php ALERT_* constant',
  `date` datetime NOT NULL,
  PRIMARY KEY (`id`),
  UNIQUE KEY `unicity` (`itemtype`,`items_id`,`type`),
  KEY `type` (`type`),
  KEY `date` (`date`)
) ENGINE=MyISAM DEFAULT CHARSET=utf8 COLLATE=utf8_unicode_ci;
/*!40101 SET character_set_client = @saved_cs_client */;

--
-- Dumping data for table `glpi_alerts`
--

LOCK TABLES `glpi_alerts` WRITE;
/*!40000 ALTER TABLE `glpi_alerts` DISABLE KEYS */;
/*!40000 ALTER TABLE `glpi_alerts` ENABLE KEYS */;
UNLOCK TABLES;

--
-- Table structure for table `glpi_apiclients`
--

DROP TABLE IF EXISTS `glpi_apiclients`;
/*!40101 SET @saved_cs_client     = @@character_set_client */;
/*!40101 SET character_set_client = utf8 */;
CREATE TABLE `glpi_apiclients` (
  `id` int(11) NOT NULL AUTO_INCREMENT,
  `entities_id` int(11) NOT NULL DEFAULT '0',
  `is_recursive` tinyint(1) NOT NULL DEFAULT '0',
  `name` varchar(255) COLLATE utf8_unicode_ci DEFAULT NULL,
  `date_mod` datetime DEFAULT NULL,
  `is_active` tinyint(1) NOT NULL DEFAULT '0',
  `ipv4_range_start` bigint(20) DEFAULT NULL,
  `ipv4_range_end` bigint(20) DEFAULT NULL,
  `ipv6` varchar(255) COLLATE utf8_unicode_ci DEFAULT NULL,
  `app_token` varchar(255) COLLATE utf8_unicode_ci DEFAULT NULL,
  `app_token_date` datetime DEFAULT NULL,
  `dolog_method` tinyint(4) NOT NULL DEFAULT '0',
  `comment` text COLLATE utf8_unicode_ci,
  PRIMARY KEY (`id`),
  KEY `date_mod` (`date_mod`),
  KEY `is_active` (`is_active`)
) ENGINE=MyISAM AUTO_INCREMENT=2 DEFAULT CHARSET=utf8 COLLATE=utf8_unicode_ci;
/*!40101 SET character_set_client = @saved_cs_client */;

--
-- Dumping data for table `glpi_apiclients`
--

LOCK TABLES `glpi_apiclients` WRITE;
/*!40000 ALTER TABLE `glpi_apiclients` DISABLE KEYS */;
INSERT INTO `glpi_apiclients` VALUES (1,0,1,'full access from localhost',NULL,1,2130706433,2130706433,'::1','',NULL,0,NULL);
/*!40000 ALTER TABLE `glpi_apiclients` ENABLE KEYS */;
UNLOCK TABLES;

--
-- Table structure for table `glpi_authldapreplicates`
--

DROP TABLE IF EXISTS `glpi_authldapreplicates`;
/*!40101 SET @saved_cs_client     = @@character_set_client */;
/*!40101 SET character_set_client = utf8 */;
CREATE TABLE `glpi_authldapreplicates` (
  `id` int(11) NOT NULL AUTO_INCREMENT,
  `authldaps_id` int(11) NOT NULL DEFAULT '0',
  `host` varchar(255) COLLATE utf8_unicode_ci DEFAULT NULL,
  `port` int(11) NOT NULL DEFAULT '389',
  `name` varchar(255) COLLATE utf8_unicode_ci DEFAULT NULL,
  PRIMARY KEY (`id`),
  KEY `authldaps_id` (`authldaps_id`)
) ENGINE=MyISAM DEFAULT CHARSET=utf8 COLLATE=utf8_unicode_ci;
/*!40101 SET character_set_client = @saved_cs_client */;

--
-- Dumping data for table `glpi_authldapreplicates`
--

LOCK TABLES `glpi_authldapreplicates` WRITE;
/*!40000 ALTER TABLE `glpi_authldapreplicates` DISABLE KEYS */;
/*!40000 ALTER TABLE `glpi_authldapreplicates` ENABLE KEYS */;
UNLOCK TABLES;

--
-- Table structure for table `glpi_authldaps`
--

DROP TABLE IF EXISTS `glpi_authldaps`;
/*!40101 SET @saved_cs_client     = @@character_set_client */;
/*!40101 SET character_set_client = utf8 */;
CREATE TABLE `glpi_authldaps` (
  `id` int(11) NOT NULL AUTO_INCREMENT,
  `name` varchar(255) COLLATE utf8_unicode_ci DEFAULT NULL,
  `host` varchar(255) COLLATE utf8_unicode_ci DEFAULT NULL,
  `basedn` varchar(255) COLLATE utf8_unicode_ci DEFAULT NULL,
  `rootdn` varchar(255) COLLATE utf8_unicode_ci DEFAULT NULL,
  `port` int(11) NOT NULL DEFAULT '389',
  `condition` text COLLATE utf8_unicode_ci,
  `login_field` varchar(255) COLLATE utf8_unicode_ci DEFAULT 'uid',
  `use_tls` tinyint(1) NOT NULL DEFAULT '0',
  `group_field` varchar(255) COLLATE utf8_unicode_ci DEFAULT NULL,
  `group_condition` text COLLATE utf8_unicode_ci,
  `group_search_type` int(11) NOT NULL DEFAULT '0',
  `group_member_field` varchar(255) COLLATE utf8_unicode_ci DEFAULT NULL,
  `email1_field` varchar(255) COLLATE utf8_unicode_ci DEFAULT NULL,
  `realname_field` varchar(255) COLLATE utf8_unicode_ci DEFAULT NULL,
  `firstname_field` varchar(255) COLLATE utf8_unicode_ci DEFAULT NULL,
  `phone_field` varchar(255) COLLATE utf8_unicode_ci DEFAULT NULL,
  `phone2_field` varchar(255) COLLATE utf8_unicode_ci DEFAULT NULL,
  `mobile_field` varchar(255) COLLATE utf8_unicode_ci DEFAULT NULL,
  `comment_field` varchar(255) COLLATE utf8_unicode_ci DEFAULT NULL,
  `use_dn` tinyint(1) NOT NULL DEFAULT '1',
  `time_offset` int(11) NOT NULL DEFAULT '0' COMMENT 'in seconds',
  `deref_option` int(11) NOT NULL DEFAULT '0',
  `title_field` varchar(255) COLLATE utf8_unicode_ci DEFAULT NULL,
  `category_field` varchar(255) COLLATE utf8_unicode_ci DEFAULT NULL,
  `language_field` varchar(255) COLLATE utf8_unicode_ci DEFAULT NULL,
  `entity_field` varchar(255) COLLATE utf8_unicode_ci DEFAULT NULL,
  `entity_condition` text COLLATE utf8_unicode_ci,
  `date_mod` datetime DEFAULT NULL,
  `comment` text COLLATE utf8_unicode_ci,
  `is_default` tinyint(1) NOT NULL DEFAULT '0',
  `is_active` tinyint(1) NOT NULL DEFAULT '0',
  `rootdn_passwd` varchar(255) COLLATE utf8_unicode_ci DEFAULT NULL,
  `registration_number_field` varchar(255) COLLATE utf8_unicode_ci DEFAULT NULL,
  `email2_field` varchar(255) COLLATE utf8_unicode_ci DEFAULT NULL,
  `email3_field` varchar(255) COLLATE utf8_unicode_ci DEFAULT NULL,
  `email4_field` varchar(255) COLLATE utf8_unicode_ci DEFAULT NULL,
  `location_field` varchar(255) COLLATE utf8_unicode_ci DEFAULT NULL,
  `pagesize` int(11) NOT NULL DEFAULT '0',
  `ldap_maxlimit` int(11) NOT NULL DEFAULT '0',
  `can_support_pagesize` tinyint(1) NOT NULL DEFAULT '0',
  `picture_field` varchar(255) COLLATE utf8_unicode_ci DEFAULT NULL,
  `date_creation` datetime DEFAULT NULL,
  PRIMARY KEY (`id`),
  KEY `date_mod` (`date_mod`),
  KEY `is_default` (`is_default`),
  KEY `is_active` (`is_active`),
  KEY `date_creation` (`date_creation`)
) ENGINE=MyISAM DEFAULT CHARSET=utf8 COLLATE=utf8_unicode_ci;
/*!40101 SET character_set_client = @saved_cs_client */;

--
-- Dumping data for table `glpi_authldaps`
--

LOCK TABLES `glpi_authldaps` WRITE;
/*!40000 ALTER TABLE `glpi_authldaps` DISABLE KEYS */;
/*!40000 ALTER TABLE `glpi_authldaps` ENABLE KEYS */;
UNLOCK TABLES;

--
-- Table structure for table `glpi_authmails`
--

DROP TABLE IF EXISTS `glpi_authmails`;
/*!40101 SET @saved_cs_client     = @@character_set_client */;
/*!40101 SET character_set_client = utf8 */;
CREATE TABLE `glpi_authmails` (
  `id` int(11) NOT NULL AUTO_INCREMENT,
  `name` varchar(255) COLLATE utf8_unicode_ci DEFAULT NULL,
  `connect_string` varchar(255) COLLATE utf8_unicode_ci DEFAULT NULL,
  `host` varchar(255) COLLATE utf8_unicode_ci DEFAULT NULL,
  `date_mod` datetime DEFAULT NULL,
  `comment` text COLLATE utf8_unicode_ci,
  `is_active` tinyint(1) NOT NULL DEFAULT '0',
  PRIMARY KEY (`id`),
  KEY `date_mod` (`date_mod`),
  KEY `is_active` (`is_active`)
) ENGINE=MyISAM DEFAULT CHARSET=utf8 COLLATE=utf8_unicode_ci;
/*!40101 SET character_set_client = @saved_cs_client */;

--
-- Dumping data for table `glpi_authmails`
--

LOCK TABLES `glpi_authmails` WRITE;
/*!40000 ALTER TABLE `glpi_authmails` DISABLE KEYS */;
/*!40000 ALTER TABLE `glpi_authmails` ENABLE KEYS */;
UNLOCK TABLES;

--
-- Table structure for table `glpi_autoupdatesystems`
--

DROP TABLE IF EXISTS `glpi_autoupdatesystems`;
/*!40101 SET @saved_cs_client     = @@character_set_client */;
/*!40101 SET character_set_client = utf8 */;
CREATE TABLE `glpi_autoupdatesystems` (
  `id` int(11) NOT NULL AUTO_INCREMENT,
  `name` varchar(255) COLLATE utf8_unicode_ci DEFAULT NULL,
  `comment` text COLLATE utf8_unicode_ci,
  PRIMARY KEY (`id`),
  KEY `name` (`name`)
) ENGINE=MyISAM DEFAULT CHARSET=utf8 COLLATE=utf8_unicode_ci;
/*!40101 SET character_set_client = @saved_cs_client */;

--
-- Dumping data for table `glpi_autoupdatesystems`
--

LOCK TABLES `glpi_autoupdatesystems` WRITE;
/*!40000 ALTER TABLE `glpi_autoupdatesystems` DISABLE KEYS */;
/*!40000 ALTER TABLE `glpi_autoupdatesystems` ENABLE KEYS */;
UNLOCK TABLES;

--
-- Table structure for table `glpi_blacklistedmailcontents`
--

DROP TABLE IF EXISTS `glpi_blacklistedmailcontents`;
/*!40101 SET @saved_cs_client     = @@character_set_client */;
/*!40101 SET character_set_client = utf8 */;
CREATE TABLE `glpi_blacklistedmailcontents` (
  `id` int(11) NOT NULL AUTO_INCREMENT,
  `name` varchar(255) COLLATE utf8_unicode_ci DEFAULT NULL,
  `content` text COLLATE utf8_unicode_ci,
  `comment` text COLLATE utf8_unicode_ci,
  `date_mod` datetime DEFAULT NULL,
  `date_creation` datetime DEFAULT NULL,
  PRIMARY KEY (`id`),
  KEY `date_mod` (`date_mod`),
  KEY `date_creation` (`date_creation`)
) ENGINE=MyISAM DEFAULT CHARSET=utf8 COLLATE=utf8_unicode_ci;
/*!40101 SET character_set_client = @saved_cs_client */;

--
-- Dumping data for table `glpi_blacklistedmailcontents`
--

LOCK TABLES `glpi_blacklistedmailcontents` WRITE;
/*!40000 ALTER TABLE `glpi_blacklistedmailcontents` DISABLE KEYS */;
/*!40000 ALTER TABLE `glpi_blacklistedmailcontents` ENABLE KEYS */;
UNLOCK TABLES;

--
-- Table structure for table `glpi_blacklists`
--

DROP TABLE IF EXISTS `glpi_blacklists`;
/*!40101 SET @saved_cs_client     = @@character_set_client */;
/*!40101 SET character_set_client = utf8 */;
CREATE TABLE `glpi_blacklists` (
  `id` int(11) NOT NULL AUTO_INCREMENT,
  `type` int(11) NOT NULL DEFAULT '0',
  `name` varchar(255) COLLATE utf8_unicode_ci DEFAULT NULL,
  `value` varchar(255) COLLATE utf8_unicode_ci DEFAULT NULL,
  `comment` text COLLATE utf8_unicode_ci,
  `date_mod` datetime DEFAULT NULL,
  `date_creation` datetime DEFAULT NULL,
  PRIMARY KEY (`id`),
  KEY `type` (`type`),
  KEY `name` (`name`),
  KEY `date_mod` (`date_mod`),
  KEY `date_creation` (`date_creation`)
) ENGINE=MyISAM AUTO_INCREMENT=5 DEFAULT CHARSET=utf8 COLLATE=utf8_unicode_ci;
/*!40101 SET character_set_client = @saved_cs_client */;

--
-- Dumping data for table `glpi_blacklists`
--

LOCK TABLES `glpi_blacklists` WRITE;
/*!40000 ALTER TABLE `glpi_blacklists` DISABLE KEYS */;
INSERT INTO `glpi_blacklists` VALUES (1,1,'empty IP','',NULL,NULL,NULL),(2,1,'localhost','127.0.0.1',NULL,NULL,NULL),(3,1,'zero IP','0.0.0.0',NULL,NULL,NULL),(4,2,'empty MAC','',NULL,NULL,NULL);
/*!40000 ALTER TABLE `glpi_blacklists` ENABLE KEYS */;
UNLOCK TABLES;

--
-- Table structure for table `glpi_bookmarks`
--

DROP TABLE IF EXISTS `glpi_bookmarks`;
/*!40101 SET @saved_cs_client     = @@character_set_client */;
/*!40101 SET character_set_client = utf8 */;
CREATE TABLE `glpi_bookmarks` (
  `id` int(11) NOT NULL AUTO_INCREMENT,
  `name` varchar(255) COLLATE utf8_unicode_ci DEFAULT NULL,
  `type` int(11) NOT NULL DEFAULT '0' COMMENT 'see define.php BOOKMARK_* constant',
  `itemtype` varchar(100) COLLATE utf8_unicode_ci NOT NULL,
  `users_id` int(11) NOT NULL DEFAULT '0',
  `is_private` tinyint(1) NOT NULL DEFAULT '1',
  `entities_id` int(11) NOT NULL DEFAULT '-1',
  `is_recursive` tinyint(1) NOT NULL DEFAULT '0',
  `path` varchar(255) COLLATE utf8_unicode_ci DEFAULT NULL,
  `query` text COLLATE utf8_unicode_ci,
  PRIMARY KEY (`id`),
  KEY `type` (`type`),
  KEY `itemtype` (`itemtype`),
  KEY `entities_id` (`entities_id`),
  KEY `users_id` (`users_id`),
  KEY `is_private` (`is_private`),
  KEY `is_recursive` (`is_recursive`)
) ENGINE=MyISAM DEFAULT CHARSET=utf8 COLLATE=utf8_unicode_ci;
/*!40101 SET character_set_client = @saved_cs_client */;

--
-- Dumping data for table `glpi_bookmarks`
--

LOCK TABLES `glpi_bookmarks` WRITE;
/*!40000 ALTER TABLE `glpi_bookmarks` DISABLE KEYS */;
/*!40000 ALTER TABLE `glpi_bookmarks` ENABLE KEYS */;
UNLOCK TABLES;

--
-- Table structure for table `glpi_bookmarks_users`
--

DROP TABLE IF EXISTS `glpi_bookmarks_users`;
/*!40101 SET @saved_cs_client     = @@character_set_client */;
/*!40101 SET character_set_client = utf8 */;
CREATE TABLE `glpi_bookmarks_users` (
  `id` int(11) NOT NULL AUTO_INCREMENT,
  `users_id` int(11) NOT NULL DEFAULT '0',
  `itemtype` varchar(100) COLLATE utf8_unicode_ci NOT NULL,
  `bookmarks_id` int(11) NOT NULL DEFAULT '0',
  PRIMARY KEY (`id`),
  UNIQUE KEY `unicity` (`users_id`,`itemtype`),
  KEY `bookmarks_id` (`bookmarks_id`)
) ENGINE=MyISAM DEFAULT CHARSET=utf8 COLLATE=utf8_unicode_ci;
/*!40101 SET character_set_client = @saved_cs_client */;

--
-- Dumping data for table `glpi_bookmarks_users`
--

LOCK TABLES `glpi_bookmarks_users` WRITE;
/*!40000 ALTER TABLE `glpi_bookmarks_users` DISABLE KEYS */;
/*!40000 ALTER TABLE `glpi_bookmarks_users` ENABLE KEYS */;
UNLOCK TABLES;

--
-- Table structure for table `glpi_budgets`
--

DROP TABLE IF EXISTS `glpi_budgets`;
/*!40101 SET @saved_cs_client     = @@character_set_client */;
/*!40101 SET character_set_client = utf8 */;
CREATE TABLE `glpi_budgets` (
  `id` int(11) NOT NULL AUTO_INCREMENT,
  `name` varchar(255) COLLATE utf8_unicode_ci DEFAULT NULL,
  `entities_id` int(11) NOT NULL DEFAULT '0',
  `is_recursive` tinyint(1) NOT NULL DEFAULT '0',
  `comment` text COLLATE utf8_unicode_ci,
  `is_deleted` tinyint(1) NOT NULL DEFAULT '0',
  `begin_date` date DEFAULT NULL,
  `end_date` date DEFAULT NULL,
  `value` decimal(20,4) NOT NULL DEFAULT '0.0000',
  `is_template` tinyint(1) NOT NULL DEFAULT '0',
  `template_name` varchar(255) COLLATE utf8_unicode_ci DEFAULT NULL,
  `date_mod` datetime DEFAULT NULL,
  `date_creation` datetime DEFAULT NULL,
  `locations_id` int(11) NOT NULL DEFAULT '0',
  `budgettypes_id` int(11) NOT NULL DEFAULT '0',
  PRIMARY KEY (`id`),
  KEY `name` (`name`),
  KEY `is_recursive` (`is_recursive`),
  KEY `entities_id` (`entities_id`),
  KEY `is_deleted` (`is_deleted`),
  KEY `begin_date` (`begin_date`),
  KEY `is_template` (`is_template`),
  KEY `date_mod` (`date_mod`),
  KEY `date_creation` (`date_creation`),
  KEY `locations_id` (`locations_id`),
  KEY `budgettypes_id` (`budgettypes_id`)
) ENGINE=MyISAM DEFAULT CHARSET=utf8 COLLATE=utf8_unicode_ci;
/*!40101 SET character_set_client = @saved_cs_client */;

--
-- Dumping data for table `glpi_budgets`
--

LOCK TABLES `glpi_budgets` WRITE;
/*!40000 ALTER TABLE `glpi_budgets` DISABLE KEYS */;
/*!40000 ALTER TABLE `glpi_budgets` ENABLE KEYS */;
UNLOCK TABLES;

--
-- Table structure for table `glpi_budgettypes`
--

DROP TABLE IF EXISTS `glpi_budgettypes`;
/*!40101 SET @saved_cs_client     = @@character_set_client */;
/*!40101 SET character_set_client = utf8 */;
CREATE TABLE `glpi_budgettypes` (
  `id` int(11) NOT NULL AUTO_INCREMENT,
  `name` varchar(255) COLLATE utf8_unicode_ci DEFAULT NULL,
  `comment` text COLLATE utf8_unicode_ci,
  `date_mod` datetime DEFAULT NULL,
  `date_creation` datetime DEFAULT NULL,
  PRIMARY KEY (`id`),
  KEY `name` (`name`),
  KEY `date_mod` (`date_mod`),
  KEY `date_creation` (`date_creation`)
) ENGINE=MyISAM DEFAULT CHARSET=utf8 COLLATE=utf8_unicode_ci;
/*!40101 SET character_set_client = @saved_cs_client */;

--
-- Dumping data for table `glpi_budgettypes`
--

LOCK TABLES `glpi_budgettypes` WRITE;
/*!40000 ALTER TABLE `glpi_budgettypes` DISABLE KEYS */;
/*!40000 ALTER TABLE `glpi_budgettypes` ENABLE KEYS */;
UNLOCK TABLES;

--
-- Table structure for table `glpi_calendars`
--

DROP TABLE IF EXISTS `glpi_calendars`;
/*!40101 SET @saved_cs_client     = @@character_set_client */;
/*!40101 SET character_set_client = utf8 */;
CREATE TABLE `glpi_calendars` (
  `id` int(11) NOT NULL AUTO_INCREMENT,
  `name` varchar(255) COLLATE utf8_unicode_ci DEFAULT NULL,
  `entities_id` int(11) NOT NULL DEFAULT '0',
  `is_recursive` tinyint(1) NOT NULL DEFAULT '0',
  `comment` text COLLATE utf8_unicode_ci,
  `date_mod` datetime DEFAULT NULL,
  `cache_duration` text COLLATE utf8_unicode_ci,
  `date_creation` datetime DEFAULT NULL,
  PRIMARY KEY (`id`),
  KEY `name` (`name`),
  KEY `entities_id` (`entities_id`),
  KEY `is_recursive` (`is_recursive`),
  KEY `date_mod` (`date_mod`),
  KEY `date_creation` (`date_creation`)
) ENGINE=MyISAM AUTO_INCREMENT=2 DEFAULT CHARSET=utf8 COLLATE=utf8_unicode_ci;
/*!40101 SET character_set_client = @saved_cs_client */;

--
-- Dumping data for table `glpi_calendars`
--

LOCK TABLES `glpi_calendars` WRITE;
/*!40000 ALTER TABLE `glpi_calendars` DISABLE KEYS */;
INSERT INTO `glpi_calendars` VALUES (1,'Default',0,1,'Default calendar',NULL,'[0,43200,43200,43200,43200,43200,0]',NULL);
/*!40000 ALTER TABLE `glpi_calendars` ENABLE KEYS */;
UNLOCK TABLES;

--
-- Table structure for table `glpi_calendars_holidays`
--

DROP TABLE IF EXISTS `glpi_calendars_holidays`;
/*!40101 SET @saved_cs_client     = @@character_set_client */;
/*!40101 SET character_set_client = utf8 */;
CREATE TABLE `glpi_calendars_holidays` (
  `id` int(11) NOT NULL AUTO_INCREMENT,
  `calendars_id` int(11) NOT NULL DEFAULT '0',
  `holidays_id` int(11) NOT NULL DEFAULT '0',
  PRIMARY KEY (`id`),
  UNIQUE KEY `unicity` (`calendars_id`,`holidays_id`),
  KEY `holidays_id` (`holidays_id`)
) ENGINE=MyISAM DEFAULT CHARSET=utf8 COLLATE=utf8_unicode_ci;
/*!40101 SET character_set_client = @saved_cs_client */;

--
-- Dumping data for table `glpi_calendars_holidays`
--

LOCK TABLES `glpi_calendars_holidays` WRITE;
/*!40000 ALTER TABLE `glpi_calendars_holidays` DISABLE KEYS */;
/*!40000 ALTER TABLE `glpi_calendars_holidays` ENABLE KEYS */;
UNLOCK TABLES;

--
-- Table structure for table `glpi_calendarsegments`
--

DROP TABLE IF EXISTS `glpi_calendarsegments`;
/*!40101 SET @saved_cs_client     = @@character_set_client */;
/*!40101 SET character_set_client = utf8 */;
CREATE TABLE `glpi_calendarsegments` (
  `id` int(11) NOT NULL AUTO_INCREMENT,
  `calendars_id` int(11) NOT NULL DEFAULT '0',
  `entities_id` int(11) NOT NULL DEFAULT '0',
  `is_recursive` tinyint(1) NOT NULL DEFAULT '0',
  `day` tinyint(1) NOT NULL DEFAULT '1' COMMENT 'numer of the day based on date(w)',
  `begin` time DEFAULT NULL,
  `end` time DEFAULT NULL,
  PRIMARY KEY (`id`),
  KEY `calendars_id` (`calendars_id`),
  KEY `day` (`day`)
) ENGINE=MyISAM AUTO_INCREMENT=6 DEFAULT CHARSET=utf8 COLLATE=utf8_unicode_ci;
/*!40101 SET character_set_client = @saved_cs_client */;

--
-- Dumping data for table `glpi_calendarsegments`
--

LOCK TABLES `glpi_calendarsegments` WRITE;
/*!40000 ALTER TABLE `glpi_calendarsegments` DISABLE KEYS */;
INSERT INTO `glpi_calendarsegments` VALUES (1,1,0,0,1,'08:00:00','20:00:00'),(2,1,0,0,2,'08:00:00','20:00:00'),(3,1,0,0,3,'08:00:00','20:00:00'),(4,1,0,0,4,'08:00:00','20:00:00'),(5,1,0,0,5,'08:00:00','20:00:00');
/*!40000 ALTER TABLE `glpi_calendarsegments` ENABLE KEYS */;
UNLOCK TABLES;

--
-- Table structure for table `glpi_cartridgeitems`
--

DROP TABLE IF EXISTS `glpi_cartridgeitems`;
/*!40101 SET @saved_cs_client     = @@character_set_client */;
/*!40101 SET character_set_client = utf8 */;
CREATE TABLE `glpi_cartridgeitems` (
  `id` int(11) NOT NULL AUTO_INCREMENT,
  `entities_id` int(11) NOT NULL DEFAULT '0',
  `is_recursive` tinyint(1) NOT NULL DEFAULT '0',
  `name` varchar(255) COLLATE utf8_unicode_ci DEFAULT NULL,
  `ref` varchar(255) COLLATE utf8_unicode_ci DEFAULT NULL,
  `locations_id` int(11) NOT NULL DEFAULT '0',
  `cartridgeitemtypes_id` int(11) NOT NULL DEFAULT '0',
  `manufacturers_id` int(11) NOT NULL DEFAULT '0',
  `users_id_tech` int(11) NOT NULL DEFAULT '0',
  `groups_id_tech` int(11) NOT NULL DEFAULT '0',
  `is_deleted` tinyint(1) NOT NULL DEFAULT '0',
  `comment` text COLLATE utf8_unicode_ci,
  `alarm_threshold` int(11) NOT NULL DEFAULT '10',
  `date_mod` datetime DEFAULT NULL,
  `date_creation` datetime DEFAULT NULL,
  PRIMARY KEY (`id`),
  KEY `name` (`name`),
  KEY `entities_id` (`entities_id`),
  KEY `manufacturers_id` (`manufacturers_id`),
  KEY `locations_id` (`locations_id`),
  KEY `users_id_tech` (`users_id_tech`),
  KEY `cartridgeitemtypes_id` (`cartridgeitemtypes_id`),
  KEY `is_deleted` (`is_deleted`),
  KEY `alarm_threshold` (`alarm_threshold`),
  KEY `groups_id_tech` (`groups_id_tech`),
  KEY `date_mod` (`date_mod`),
  KEY `date_creation` (`date_creation`)
) ENGINE=MyISAM DEFAULT CHARSET=utf8 COLLATE=utf8_unicode_ci;
/*!40101 SET character_set_client = @saved_cs_client */;

--
-- Dumping data for table `glpi_cartridgeitems`
--

LOCK TABLES `glpi_cartridgeitems` WRITE;
/*!40000 ALTER TABLE `glpi_cartridgeitems` DISABLE KEYS */;
/*!40000 ALTER TABLE `glpi_cartridgeitems` ENABLE KEYS */;
UNLOCK TABLES;

--
-- Table structure for table `glpi_cartridgeitems_printermodels`
--

DROP TABLE IF EXISTS `glpi_cartridgeitems_printermodels`;
/*!40101 SET @saved_cs_client     = @@character_set_client */;
/*!40101 SET character_set_client = utf8 */;
CREATE TABLE `glpi_cartridgeitems_printermodels` (
  `id` int(11) NOT NULL AUTO_INCREMENT,
  `cartridgeitems_id` int(11) NOT NULL DEFAULT '0',
  `printermodels_id` int(11) NOT NULL DEFAULT '0',
  PRIMARY KEY (`id`),
  UNIQUE KEY `unicity` (`printermodels_id`,`cartridgeitems_id`),
  KEY `cartridgeitems_id` (`cartridgeitems_id`)
) ENGINE=MyISAM DEFAULT CHARSET=utf8 COLLATE=utf8_unicode_ci;
/*!40101 SET character_set_client = @saved_cs_client */;

--
-- Dumping data for table `glpi_cartridgeitems_printermodels`
--

LOCK TABLES `glpi_cartridgeitems_printermodels` WRITE;
/*!40000 ALTER TABLE `glpi_cartridgeitems_printermodels` DISABLE KEYS */;
/*!40000 ALTER TABLE `glpi_cartridgeitems_printermodels` ENABLE KEYS */;
UNLOCK TABLES;

--
-- Table structure for table `glpi_cartridgeitemtypes`
--

DROP TABLE IF EXISTS `glpi_cartridgeitemtypes`;
/*!40101 SET @saved_cs_client     = @@character_set_client */;
/*!40101 SET character_set_client = utf8 */;
CREATE TABLE `glpi_cartridgeitemtypes` (
  `id` int(11) NOT NULL AUTO_INCREMENT,
  `name` varchar(255) COLLATE utf8_unicode_ci DEFAULT NULL,
  `comment` text COLLATE utf8_unicode_ci,
  `date_mod` datetime DEFAULT NULL,
  `date_creation` datetime DEFAULT NULL,
  PRIMARY KEY (`id`),
  KEY `name` (`name`),
  KEY `date_mod` (`date_mod`),
  KEY `date_creation` (`date_creation`)
) ENGINE=MyISAM DEFAULT CHARSET=utf8 COLLATE=utf8_unicode_ci;
/*!40101 SET character_set_client = @saved_cs_client */;

--
-- Dumping data for table `glpi_cartridgeitemtypes`
--

LOCK TABLES `glpi_cartridgeitemtypes` WRITE;
/*!40000 ALTER TABLE `glpi_cartridgeitemtypes` DISABLE KEYS */;
/*!40000 ALTER TABLE `glpi_cartridgeitemtypes` ENABLE KEYS */;
UNLOCK TABLES;

--
-- Table structure for table `glpi_cartridges`
--

DROP TABLE IF EXISTS `glpi_cartridges`;
/*!40101 SET @saved_cs_client     = @@character_set_client */;
/*!40101 SET character_set_client = utf8 */;
CREATE TABLE `glpi_cartridges` (
  `id` int(11) NOT NULL AUTO_INCREMENT,
  `entities_id` int(11) NOT NULL DEFAULT '0',
  `cartridgeitems_id` int(11) NOT NULL DEFAULT '0',
  `printers_id` int(11) NOT NULL DEFAULT '0',
  `date_in` date DEFAULT NULL,
  `date_use` date DEFAULT NULL,
  `date_out` date DEFAULT NULL,
  `pages` int(11) NOT NULL DEFAULT '0',
  `date_mod` datetime DEFAULT NULL,
  `date_creation` datetime DEFAULT NULL,
  PRIMARY KEY (`id`),
  KEY `cartridgeitems_id` (`cartridgeitems_id`),
  KEY `printers_id` (`printers_id`),
  KEY `entities_id` (`entities_id`),
  KEY `date_mod` (`date_mod`),
  KEY `date_creation` (`date_creation`)
) ENGINE=MyISAM DEFAULT CHARSET=utf8 COLLATE=utf8_unicode_ci;
/*!40101 SET character_set_client = @saved_cs_client */;

--
-- Dumping data for table `glpi_cartridges`
--

LOCK TABLES `glpi_cartridges` WRITE;
/*!40000 ALTER TABLE `glpi_cartridges` DISABLE KEYS */;
/*!40000 ALTER TABLE `glpi_cartridges` ENABLE KEYS */;
UNLOCK TABLES;

--
-- Table structure for table `glpi_changecosts`
--

DROP TABLE IF EXISTS `glpi_changecosts`;
/*!40101 SET @saved_cs_client     = @@character_set_client */;
/*!40101 SET character_set_client = utf8 */;
CREATE TABLE `glpi_changecosts` (
  `id` int(11) NOT NULL AUTO_INCREMENT,
  `changes_id` int(11) NOT NULL DEFAULT '0',
  `name` varchar(255) COLLATE utf8_unicode_ci DEFAULT NULL,
  `comment` text COLLATE utf8_unicode_ci,
  `begin_date` date DEFAULT NULL,
  `end_date` date DEFAULT NULL,
  `actiontime` int(11) NOT NULL DEFAULT '0',
  `cost_time` decimal(20,4) NOT NULL DEFAULT '0.0000',
  `cost_fixed` decimal(20,4) NOT NULL DEFAULT '0.0000',
  `cost_material` decimal(20,4) NOT NULL DEFAULT '0.0000',
  `budgets_id` int(11) NOT NULL DEFAULT '0',
  `entities_id` int(11) NOT NULL DEFAULT '0',
  `is_recursive` tinyint(1) NOT NULL DEFAULT '0',
  PRIMARY KEY (`id`),
  KEY `name` (`name`),
  KEY `changes_id` (`changes_id`),
  KEY `begin_date` (`begin_date`),
  KEY `end_date` (`end_date`),
  KEY `entities_id` (`entities_id`),
  KEY `is_recursive` (`is_recursive`),
  KEY `budgets_id` (`budgets_id`)
) ENGINE=MyISAM DEFAULT CHARSET=utf8 COLLATE=utf8_unicode_ci;
/*!40101 SET character_set_client = @saved_cs_client */;

--
-- Dumping data for table `glpi_changecosts`
--

LOCK TABLES `glpi_changecosts` WRITE;
/*!40000 ALTER TABLE `glpi_changecosts` DISABLE KEYS */;
/*!40000 ALTER TABLE `glpi_changecosts` ENABLE KEYS */;
UNLOCK TABLES;

--
-- Table structure for table `glpi_changes`
--

DROP TABLE IF EXISTS `glpi_changes`;
/*!40101 SET @saved_cs_client     = @@character_set_client */;
/*!40101 SET character_set_client = utf8 */;
CREATE TABLE `glpi_changes` (
  `id` int(11) NOT NULL AUTO_INCREMENT,
  `name` varchar(255) COLLATE utf8_unicode_ci DEFAULT NULL,
  `entities_id` int(11) NOT NULL DEFAULT '0',
  `is_recursive` tinyint(1) NOT NULL DEFAULT '0',
  `is_deleted` tinyint(1) NOT NULL DEFAULT '0',
  `status` int(11) NOT NULL DEFAULT '1',
  `content` longtext COLLATE utf8_unicode_ci,
  `date_mod` datetime DEFAULT NULL,
  `date` datetime DEFAULT NULL,
  `solvedate` datetime DEFAULT NULL,
  `closedate` datetime DEFAULT NULL,
  `due_date` datetime DEFAULT NULL,
  `users_id_recipient` int(11) NOT NULL DEFAULT '0',
  `users_id_lastupdater` int(11) NOT NULL DEFAULT '0',
  `urgency` int(11) NOT NULL DEFAULT '1',
  `impact` int(11) NOT NULL DEFAULT '1',
  `priority` int(11) NOT NULL DEFAULT '1',
  `itilcategories_id` int(11) NOT NULL DEFAULT '0',
  `impactcontent` longtext COLLATE utf8_unicode_ci,
  `controlistcontent` longtext COLLATE utf8_unicode_ci,
  `rolloutplancontent` longtext COLLATE utf8_unicode_ci,
  `backoutplancontent` longtext COLLATE utf8_unicode_ci,
  `checklistcontent` longtext COLLATE utf8_unicode_ci,
  `global_validation` int(11) NOT NULL DEFAULT '1',
  `validation_percent` int(11) NOT NULL DEFAULT '0',
  `solutiontypes_id` int(11) NOT NULL DEFAULT '0',
  `solution` longtext COLLATE utf8_unicode_ci,
  `actiontime` int(11) NOT NULL DEFAULT '0',
  `begin_waiting_date` datetime DEFAULT NULL,
  `waiting_duration` int(11) NOT NULL DEFAULT '0',
  `close_delay_stat` int(11) NOT NULL DEFAULT '0',
  `solve_delay_stat` int(11) NOT NULL DEFAULT '0',
  `date_creation` datetime DEFAULT NULL,
  PRIMARY KEY (`id`),
  KEY `name` (`name`),
  KEY `entities_id` (`entities_id`),
  KEY `is_recursive` (`is_recursive`),
  KEY `is_deleted` (`is_deleted`),
  KEY `date` (`date`),
  KEY `closedate` (`closedate`),
  KEY `status` (`status`),
  KEY `priority` (`priority`),
  KEY `date_mod` (`date_mod`),
  KEY `itilcategories_id` (`itilcategories_id`),
  KEY `users_id_recipient` (`users_id_recipient`),
  KEY `solvedate` (`solvedate`),
  KEY `solutiontypes_id` (`solutiontypes_id`),
  KEY `urgency` (`urgency`),
  KEY `impact` (`impact`),
  KEY `due_date` (`due_date`),
  KEY `global_validation` (`global_validation`),
  KEY `users_id_lastupdater` (`users_id_lastupdater`),
  KEY `date_creation` (`date_creation`)
) ENGINE=MyISAM DEFAULT CHARSET=utf8 COLLATE=utf8_unicode_ci;
/*!40101 SET character_set_client = @saved_cs_client */;

--
-- Dumping data for table `glpi_changes`
--

LOCK TABLES `glpi_changes` WRITE;
/*!40000 ALTER TABLE `glpi_changes` DISABLE KEYS */;
/*!40000 ALTER TABLE `glpi_changes` ENABLE KEYS */;
UNLOCK TABLES;

--
-- Table structure for table `glpi_changes_groups`
--

DROP TABLE IF EXISTS `glpi_changes_groups`;
/*!40101 SET @saved_cs_client     = @@character_set_client */;
/*!40101 SET character_set_client = utf8 */;
CREATE TABLE `glpi_changes_groups` (
  `id` int(11) NOT NULL AUTO_INCREMENT,
  `changes_id` int(11) NOT NULL DEFAULT '0',
  `groups_id` int(11) NOT NULL DEFAULT '0',
  `type` int(11) NOT NULL DEFAULT '1',
  PRIMARY KEY (`id`),
  UNIQUE KEY `unicity` (`changes_id`,`type`,`groups_id`),
  KEY `group` (`groups_id`,`type`)
) ENGINE=MyISAM DEFAULT CHARSET=utf8 COLLATE=utf8_unicode_ci;
/*!40101 SET character_set_client = @saved_cs_client */;

--
-- Dumping data for table `glpi_changes_groups`
--

LOCK TABLES `glpi_changes_groups` WRITE;
/*!40000 ALTER TABLE `glpi_changes_groups` DISABLE KEYS */;
/*!40000 ALTER TABLE `glpi_changes_groups` ENABLE KEYS */;
UNLOCK TABLES;

--
-- Table structure for table `glpi_changes_items`
--

DROP TABLE IF EXISTS `glpi_changes_items`;
/*!40101 SET @saved_cs_client     = @@character_set_client */;
/*!40101 SET character_set_client = utf8 */;
CREATE TABLE `glpi_changes_items` (
  `id` int(11) NOT NULL AUTO_INCREMENT,
  `changes_id` int(11) NOT NULL DEFAULT '0',
  `itemtype` varchar(100) COLLATE utf8_unicode_ci DEFAULT NULL,
  `items_id` int(11) NOT NULL DEFAULT '0',
  PRIMARY KEY (`id`),
  UNIQUE KEY `unicity` (`changes_id`,`itemtype`,`items_id`),
  KEY `item` (`itemtype`,`items_id`)
) ENGINE=MyISAM DEFAULT CHARSET=utf8 COLLATE=utf8_unicode_ci;
/*!40101 SET character_set_client = @saved_cs_client */;

--
-- Dumping data for table `glpi_changes_items`
--

LOCK TABLES `glpi_changes_items` WRITE;
/*!40000 ALTER TABLE `glpi_changes_items` DISABLE KEYS */;
/*!40000 ALTER TABLE `glpi_changes_items` ENABLE KEYS */;
UNLOCK TABLES;

--
-- Table structure for table `glpi_changes_problems`
--

DROP TABLE IF EXISTS `glpi_changes_problems`;
/*!40101 SET @saved_cs_client     = @@character_set_client */;
/*!40101 SET character_set_client = utf8 */;
CREATE TABLE `glpi_changes_problems` (
  `id` int(11) NOT NULL AUTO_INCREMENT,
  `changes_id` int(11) NOT NULL DEFAULT '0',
  `problems_id` int(11) NOT NULL DEFAULT '0',
  PRIMARY KEY (`id`),
  UNIQUE KEY `unicity` (`changes_id`,`problems_id`),
  KEY `problems_id` (`problems_id`)
) ENGINE=MyISAM DEFAULT CHARSET=utf8 COLLATE=utf8_unicode_ci;
/*!40101 SET character_set_client = @saved_cs_client */;

--
-- Dumping data for table `glpi_changes_problems`
--

LOCK TABLES `glpi_changes_problems` WRITE;
/*!40000 ALTER TABLE `glpi_changes_problems` DISABLE KEYS */;
/*!40000 ALTER TABLE `glpi_changes_problems` ENABLE KEYS */;
UNLOCK TABLES;

--
-- Table structure for table `glpi_changes_projects`
--

DROP TABLE IF EXISTS `glpi_changes_projects`;
/*!40101 SET @saved_cs_client     = @@character_set_client */;
/*!40101 SET character_set_client = utf8 */;
CREATE TABLE `glpi_changes_projects` (
  `id` int(11) NOT NULL AUTO_INCREMENT,
  `changes_id` int(11) NOT NULL DEFAULT '0',
  `projects_id` int(11) NOT NULL DEFAULT '0',
  PRIMARY KEY (`id`),
  UNIQUE KEY `unicity` (`changes_id`,`projects_id`),
  KEY `projects_id` (`projects_id`)
) ENGINE=MyISAM DEFAULT CHARSET=utf8 COLLATE=utf8_unicode_ci;
/*!40101 SET character_set_client = @saved_cs_client */;

--
-- Dumping data for table `glpi_changes_projects`
--

LOCK TABLES `glpi_changes_projects` WRITE;
/*!40000 ALTER TABLE `glpi_changes_projects` DISABLE KEYS */;
/*!40000 ALTER TABLE `glpi_changes_projects` ENABLE KEYS */;
UNLOCK TABLES;

--
-- Table structure for table `glpi_changes_suppliers`
--

DROP TABLE IF EXISTS `glpi_changes_suppliers`;
/*!40101 SET @saved_cs_client     = @@character_set_client */;
/*!40101 SET character_set_client = utf8 */;
CREATE TABLE `glpi_changes_suppliers` (
  `id` int(11) NOT NULL AUTO_INCREMENT,
  `changes_id` int(11) NOT NULL DEFAULT '0',
  `suppliers_id` int(11) NOT NULL DEFAULT '0',
  `type` int(11) NOT NULL DEFAULT '1',
  `use_notification` tinyint(1) NOT NULL DEFAULT '0',
  `alternative_email` varchar(255) COLLATE utf8_unicode_ci DEFAULT NULL,
  PRIMARY KEY (`id`),
  UNIQUE KEY `unicity` (`changes_id`,`type`,`suppliers_id`),
  KEY `group` (`suppliers_id`,`type`)
) ENGINE=MyISAM DEFAULT CHARSET=utf8 COLLATE=utf8_unicode_ci;
/*!40101 SET character_set_client = @saved_cs_client */;

--
-- Dumping data for table `glpi_changes_suppliers`
--

LOCK TABLES `glpi_changes_suppliers` WRITE;
/*!40000 ALTER TABLE `glpi_changes_suppliers` DISABLE KEYS */;
/*!40000 ALTER TABLE `glpi_changes_suppliers` ENABLE KEYS */;
UNLOCK TABLES;

--
-- Table structure for table `glpi_changes_tickets`
--

DROP TABLE IF EXISTS `glpi_changes_tickets`;
/*!40101 SET @saved_cs_client     = @@character_set_client */;
/*!40101 SET character_set_client = utf8 */;
CREATE TABLE `glpi_changes_tickets` (
  `id` int(11) NOT NULL AUTO_INCREMENT,
  `changes_id` int(11) NOT NULL DEFAULT '0',
  `tickets_id` int(11) NOT NULL DEFAULT '0',
  PRIMARY KEY (`id`),
  UNIQUE KEY `unicity` (`changes_id`,`tickets_id`),
  KEY `tickets_id` (`tickets_id`)
) ENGINE=MyISAM DEFAULT CHARSET=utf8 COLLATE=utf8_unicode_ci;
/*!40101 SET character_set_client = @saved_cs_client */;

--
-- Dumping data for table `glpi_changes_tickets`
--

LOCK TABLES `glpi_changes_tickets` WRITE;
/*!40000 ALTER TABLE `glpi_changes_tickets` DISABLE KEYS */;
/*!40000 ALTER TABLE `glpi_changes_tickets` ENABLE KEYS */;
UNLOCK TABLES;

--
-- Table structure for table `glpi_changes_users`
--

DROP TABLE IF EXISTS `glpi_changes_users`;
/*!40101 SET @saved_cs_client     = @@character_set_client */;
/*!40101 SET character_set_client = utf8 */;
CREATE TABLE `glpi_changes_users` (
  `id` int(11) NOT NULL AUTO_INCREMENT,
  `changes_id` int(11) NOT NULL DEFAULT '0',
  `users_id` int(11) NOT NULL DEFAULT '0',
  `type` int(11) NOT NULL DEFAULT '1',
  `use_notification` tinyint(1) NOT NULL DEFAULT '0',
  `alternative_email` varchar(255) COLLATE utf8_unicode_ci DEFAULT NULL,
  PRIMARY KEY (`id`),
  UNIQUE KEY `unicity` (`changes_id`,`type`,`users_id`,`alternative_email`),
  KEY `user` (`users_id`,`type`)
) ENGINE=MyISAM DEFAULT CHARSET=utf8 COLLATE=utf8_unicode_ci;
/*!40101 SET character_set_client = @saved_cs_client */;

--
-- Dumping data for table `glpi_changes_users`
--

LOCK TABLES `glpi_changes_users` WRITE;
/*!40000 ALTER TABLE `glpi_changes_users` DISABLE KEYS */;
/*!40000 ALTER TABLE `glpi_changes_users` ENABLE KEYS */;
UNLOCK TABLES;

--
-- Table structure for table `glpi_changetasks`
--

DROP TABLE IF EXISTS `glpi_changetasks`;
/*!40101 SET @saved_cs_client     = @@character_set_client */;
/*!40101 SET character_set_client = utf8 */;
CREATE TABLE `glpi_changetasks` (
  `id` int(11) NOT NULL AUTO_INCREMENT,
  `changes_id` int(11) NOT NULL DEFAULT '0',
  `taskcategories_id` int(11) NOT NULL DEFAULT '0',
  `state` int(11) NOT NULL DEFAULT '0',
  `date` datetime DEFAULT NULL,
  `begin` datetime DEFAULT NULL,
  `end` datetime DEFAULT NULL,
  `users_id` int(11) NOT NULL DEFAULT '0',
  `users_id_tech` int(11) NOT NULL DEFAULT '0',
  `groups_id_tech` int(11) NOT NULL DEFAULT '0',
  `content` longtext COLLATE utf8_unicode_ci,
  `actiontime` int(11) NOT NULL DEFAULT '0',
  `date_mod` datetime DEFAULT NULL,
  PRIMARY KEY (`id`),
  KEY `changes_id` (`changes_id`),
  KEY `state` (`state`),
  KEY `users_id` (`users_id`),
  KEY `users_id_tech` (`users_id_tech`),
  KEY `groups_id_tech` (`groups_id_tech`),
  KEY `date` (`date`),
  KEY `date_mod` (`date_mod`),
  KEY `begin` (`begin`),
  KEY `end` (`end`),
  KEY `taskcategories_id` (`taskcategories_id`)
) ENGINE=MyISAM DEFAULT CHARSET=utf8 COLLATE=utf8_unicode_ci;
/*!40101 SET character_set_client = @saved_cs_client */;

--
-- Dumping data for table `glpi_changetasks`
--

LOCK TABLES `glpi_changetasks` WRITE;
/*!40000 ALTER TABLE `glpi_changetasks` DISABLE KEYS */;
/*!40000 ALTER TABLE `glpi_changetasks` ENABLE KEYS */;
UNLOCK TABLES;

--
-- Table structure for table `glpi_changevalidations`
--

DROP TABLE IF EXISTS `glpi_changevalidations`;
/*!40101 SET @saved_cs_client     = @@character_set_client */;
/*!40101 SET character_set_client = utf8 */;
CREATE TABLE `glpi_changevalidations` (
  `id` int(11) NOT NULL AUTO_INCREMENT,
  `entities_id` int(11) NOT NULL DEFAULT '0',
  `is_recursive` tinyint(1) NOT NULL DEFAULT '0',
  `users_id` int(11) NOT NULL DEFAULT '0',
  `changes_id` int(11) NOT NULL DEFAULT '0',
  `users_id_validate` int(11) NOT NULL DEFAULT '0',
  `comment_submission` text COLLATE utf8_unicode_ci,
  `comment_validation` text COLLATE utf8_unicode_ci,
  `status` int(11) NOT NULL DEFAULT '2',
  `submission_date` datetime DEFAULT NULL,
  `validation_date` datetime DEFAULT NULL,
  PRIMARY KEY (`id`),
  KEY `entities_id` (`entities_id`),
  KEY `is_recursive` (`is_recursive`),
  KEY `users_id` (`users_id`),
  KEY `users_id_validate` (`users_id_validate`),
  KEY `changes_id` (`changes_id`),
  KEY `submission_date` (`submission_date`),
  KEY `validation_date` (`validation_date`),
  KEY `status` (`status`)
) ENGINE=MyISAM DEFAULT CHARSET=utf8 COLLATE=utf8_unicode_ci;
/*!40101 SET character_set_client = @saved_cs_client */;

--
-- Dumping data for table `glpi_changevalidations`
--

LOCK TABLES `glpi_changevalidations` WRITE;
/*!40000 ALTER TABLE `glpi_changevalidations` DISABLE KEYS */;
/*!40000 ALTER TABLE `glpi_changevalidations` ENABLE KEYS */;
UNLOCK TABLES;

--
-- Table structure for table `glpi_computerantiviruses`
--

DROP TABLE IF EXISTS `glpi_computerantiviruses`;
/*!40101 SET @saved_cs_client     = @@character_set_client */;
/*!40101 SET character_set_client = utf8 */;
CREATE TABLE `glpi_computerantiviruses` (
  `id` int(11) NOT NULL AUTO_INCREMENT,
  `computers_id` int(11) NOT NULL DEFAULT '0',
  `name` varchar(255) COLLATE utf8_unicode_ci DEFAULT NULL,
  `manufacturers_id` int(11) NOT NULL DEFAULT '0',
  `antivirus_version` varchar(255) COLLATE utf8_unicode_ci DEFAULT NULL,
  `signature_version` varchar(255) COLLATE utf8_unicode_ci DEFAULT NULL,
  `is_active` tinyint(1) NOT NULL DEFAULT '0',
  `is_deleted` tinyint(1) NOT NULL DEFAULT '0',
  `is_uptodate` tinyint(1) NOT NULL DEFAULT '0',
  `is_dynamic` tinyint(1) NOT NULL DEFAULT '0',
  `date_expiration` datetime DEFAULT NULL,
  `date_mod` datetime DEFAULT NULL,
  `date_creation` datetime DEFAULT NULL,
  PRIMARY KEY (`id`),
  KEY `name` (`name`),
  KEY `antivirus_version` (`antivirus_version`),
  KEY `signature_version` (`signature_version`),
  KEY `is_active` (`is_active`),
  KEY `is_uptodate` (`is_uptodate`),
  KEY `is_dynamic` (`is_dynamic`),
  KEY `is_deleted` (`is_deleted`),
  KEY `computers_id` (`computers_id`),
  KEY `date_expiration` (`date_expiration`),
  KEY `date_mod` (`date_mod`),
  KEY `date_creation` (`date_creation`)
) ENGINE=MyISAM DEFAULT CHARSET=utf8 COLLATE=utf8_unicode_ci;
/*!40101 SET character_set_client = @saved_cs_client */;

--
-- Dumping data for table `glpi_computerantiviruses`
--

LOCK TABLES `glpi_computerantiviruses` WRITE;
/*!40000 ALTER TABLE `glpi_computerantiviruses` DISABLE KEYS */;
/*!40000 ALTER TABLE `glpi_computerantiviruses` ENABLE KEYS */;
UNLOCK TABLES;

--
-- Table structure for table `glpi_computerdisks`
--

DROP TABLE IF EXISTS `glpi_computerdisks`;
/*!40101 SET @saved_cs_client     = @@character_set_client */;
/*!40101 SET character_set_client = utf8 */;
CREATE TABLE `glpi_computerdisks` (
  `id` int(11) NOT NULL AUTO_INCREMENT,
  `entities_id` int(11) NOT NULL DEFAULT '0',
  `computers_id` int(11) NOT NULL DEFAULT '0',
  `name` varchar(255) COLLATE utf8_unicode_ci DEFAULT NULL,
  `device` varchar(255) COLLATE utf8_unicode_ci DEFAULT NULL,
  `mountpoint` varchar(255) COLLATE utf8_unicode_ci DEFAULT NULL,
  `filesystems_id` int(11) NOT NULL DEFAULT '0',
  `totalsize` int(11) NOT NULL DEFAULT '0',
  `freesize` int(11) NOT NULL DEFAULT '0',
  `is_deleted` tinyint(1) NOT NULL DEFAULT '0',
  `is_dynamic` tinyint(1) NOT NULL DEFAULT '0',
  `date_mod` datetime DEFAULT NULL,
  `date_creation` datetime DEFAULT NULL,
  PRIMARY KEY (`id`),
  KEY `name` (`name`),
  KEY `device` (`device`),
  KEY `mountpoint` (`mountpoint`),
  KEY `totalsize` (`totalsize`),
  KEY `freesize` (`freesize`),
  KEY `computers_id` (`computers_id`),
  KEY `filesystems_id` (`filesystems_id`),
  KEY `entities_id` (`entities_id`),
  KEY `is_deleted` (`is_deleted`),
  KEY `is_dynamic` (`is_dynamic`),
  KEY `date_mod` (`date_mod`),
  KEY `date_creation` (`date_creation`)
) ENGINE=MyISAM DEFAULT CHARSET=utf8 COLLATE=utf8_unicode_ci;
/*!40101 SET character_set_client = @saved_cs_client */;

--
-- Dumping data for table `glpi_computerdisks`
--

LOCK TABLES `glpi_computerdisks` WRITE;
/*!40000 ALTER TABLE `glpi_computerdisks` DISABLE KEYS */;
/*!40000 ALTER TABLE `glpi_computerdisks` ENABLE KEYS */;
UNLOCK TABLES;

--
-- Table structure for table `glpi_computermodels`
--

DROP TABLE IF EXISTS `glpi_computermodels`;
/*!40101 SET @saved_cs_client     = @@character_set_client */;
/*!40101 SET character_set_client = utf8 */;
CREATE TABLE `glpi_computermodels` (
  `id` int(11) NOT NULL AUTO_INCREMENT,
  `name` varchar(255) COLLATE utf8_unicode_ci DEFAULT NULL,
  `comment` text COLLATE utf8_unicode_ci,
  `date_mod` datetime DEFAULT NULL,
  `date_creation` datetime DEFAULT NULL,
  PRIMARY KEY (`id`),
  KEY `name` (`name`),
  KEY `date_mod` (`date_mod`),
  KEY `date_creation` (`date_creation`)
) ENGINE=MyISAM DEFAULT CHARSET=utf8 COLLATE=utf8_unicode_ci;
/*!40101 SET character_set_client = @saved_cs_client */;

--
-- Dumping data for table `glpi_computermodels`
--

LOCK TABLES `glpi_computermodels` WRITE;
/*!40000 ALTER TABLE `glpi_computermodels` DISABLE KEYS */;
/*!40000 ALTER TABLE `glpi_computermodels` ENABLE KEYS */;
UNLOCK TABLES;

--
-- Table structure for table `glpi_computers`
--

DROP TABLE IF EXISTS `glpi_computers`;
/*!40101 SET @saved_cs_client     = @@character_set_client */;
/*!40101 SET character_set_client = utf8 */;
CREATE TABLE `glpi_computers` (
  `id` int(11) NOT NULL AUTO_INCREMENT,
  `entities_id` int(11) NOT NULL DEFAULT '0',
  `name` varchar(255) COLLATE utf8_unicode_ci DEFAULT NULL,
  `serial` varchar(255) COLLATE utf8_unicode_ci DEFAULT NULL,
  `otherserial` varchar(255) COLLATE utf8_unicode_ci DEFAULT NULL,
  `contact` varchar(255) COLLATE utf8_unicode_ci DEFAULT NULL,
  `contact_num` varchar(255) COLLATE utf8_unicode_ci DEFAULT NULL,
  `users_id_tech` int(11) NOT NULL DEFAULT '0',
  `groups_id_tech` int(11) NOT NULL DEFAULT '0',
  `comment` text COLLATE utf8_unicode_ci,
  `date_mod` datetime DEFAULT NULL,
  `operatingsystems_id` int(11) NOT NULL DEFAULT '0',
  `operatingsystemversions_id` int(11) NOT NULL DEFAULT '0',
  `operatingsystemservicepacks_id` int(11) NOT NULL DEFAULT '0',
  `operatingsystemarchitectures_id` int(11) NOT NULL DEFAULT '0',
  `os_license_number` varchar(255) COLLATE utf8_unicode_ci DEFAULT NULL,
  `os_licenseid` varchar(255) COLLATE utf8_unicode_ci DEFAULT NULL,
  `os_kernel_version` varchar(255) COLLATE utf8_unicode_ci DEFAULT NULL,
  `autoupdatesystems_id` int(11) NOT NULL DEFAULT '0',
  `locations_id` int(11) NOT NULL DEFAULT '0',
  `domains_id` int(11) NOT NULL DEFAULT '0',
  `networks_id` int(11) NOT NULL DEFAULT '0',
  `computermodels_id` int(11) NOT NULL DEFAULT '0',
  `computertypes_id` int(11) NOT NULL DEFAULT '0',
  `is_template` tinyint(1) NOT NULL DEFAULT '0',
  `template_name` varchar(255) COLLATE utf8_unicode_ci DEFAULT NULL,
  `manufacturers_id` int(11) NOT NULL DEFAULT '0',
  `is_deleted` tinyint(1) NOT NULL DEFAULT '0',
  `is_dynamic` tinyint(1) NOT NULL DEFAULT '0',
  `users_id` int(11) NOT NULL DEFAULT '0',
  `groups_id` int(11) NOT NULL DEFAULT '0',
  `states_id` int(11) NOT NULL DEFAULT '0',
  `ticket_tco` decimal(20,4) DEFAULT '0.0000',
  `uuid` varchar(255) COLLATE utf8_unicode_ci DEFAULT NULL,
  `date_creation` datetime DEFAULT NULL,
  `is_recursive` tinyint(1) NOT NULL DEFAULT '0',
  PRIMARY KEY (`id`),
  KEY `date_mod` (`date_mod`),
  KEY `name` (`name`),
  KEY `is_template` (`is_template`),
  KEY `autoupdatesystems_id` (`autoupdatesystems_id`),
  KEY `domains_id` (`domains_id`),
  KEY `entities_id` (`entities_id`),
  KEY `manufacturers_id` (`manufacturers_id`),
  KEY `groups_id` (`groups_id`),
  KEY `users_id` (`users_id`),
  KEY `locations_id` (`locations_id`),
  KEY `computermodels_id` (`computermodels_id`),
  KEY `networks_id` (`networks_id`),
  KEY `operatingsystems_id` (`operatingsystems_id`),
  KEY `operatingsystemservicepacks_id` (`operatingsystemservicepacks_id`),
  KEY `operatingsystemversions_id` (`operatingsystemversions_id`),
  KEY `operatingsystemarchitectures_id` (`operatingsystemarchitectures_id`),
  KEY `states_id` (`states_id`),
  KEY `users_id_tech` (`users_id_tech`),
  KEY `computertypes_id` (`computertypes_id`),
  KEY `is_deleted` (`is_deleted`),
  KEY `groups_id_tech` (`groups_id_tech`),
  KEY `is_dynamic` (`is_dynamic`),
  KEY `serial` (`serial`),
  KEY `otherserial` (`otherserial`),
  KEY `uuid` (`uuid`),
  KEY `date_creation` (`date_creation`),
  KEY `is_recursive` (`is_recursive`)
) ENGINE=MyISAM DEFAULT CHARSET=utf8 COLLATE=utf8_unicode_ci;
/*!40101 SET character_set_client = @saved_cs_client */;

--
-- Dumping data for table `glpi_computers`
--

LOCK TABLES `glpi_computers` WRITE;
/*!40000 ALTER TABLE `glpi_computers` DISABLE KEYS */;
/*!40000 ALTER TABLE `glpi_computers` ENABLE KEYS */;
UNLOCK TABLES;

--
-- Table structure for table `glpi_computers_items`
--

DROP TABLE IF EXISTS `glpi_computers_items`;
/*!40101 SET @saved_cs_client     = @@character_set_client */;
/*!40101 SET character_set_client = utf8 */;
CREATE TABLE `glpi_computers_items` (
  `id` int(11) NOT NULL AUTO_INCREMENT,
  `items_id` int(11) NOT NULL DEFAULT '0' COMMENT 'RELATION to various table, according to itemtype (ID)',
  `computers_id` int(11) NOT NULL DEFAULT '0',
  `itemtype` varchar(100) COLLATE utf8_unicode_ci NOT NULL,
  `is_deleted` tinyint(1) NOT NULL DEFAULT '0',
  `is_dynamic` tinyint(1) NOT NULL DEFAULT '0',
  PRIMARY KEY (`id`),
  KEY `computers_id` (`computers_id`),
  KEY `item` (`itemtype`,`items_id`),
  KEY `is_deleted` (`is_deleted`),
  KEY `is_dynamic` (`is_dynamic`)
) ENGINE=MyISAM DEFAULT CHARSET=utf8 COLLATE=utf8_unicode_ci;
/*!40101 SET character_set_client = @saved_cs_client */;

--
-- Dumping data for table `glpi_computers_items`
--

LOCK TABLES `glpi_computers_items` WRITE;
/*!40000 ALTER TABLE `glpi_computers_items` DISABLE KEYS */;
/*!40000 ALTER TABLE `glpi_computers_items` ENABLE KEYS */;
UNLOCK TABLES;

--
-- Table structure for table `glpi_computers_softwarelicenses`
--

DROP TABLE IF EXISTS `glpi_computers_softwarelicenses`;
/*!40101 SET @saved_cs_client     = @@character_set_client */;
/*!40101 SET character_set_client = utf8 */;
CREATE TABLE `glpi_computers_softwarelicenses` (
  `id` int(11) NOT NULL AUTO_INCREMENT,
  `computers_id` int(11) NOT NULL DEFAULT '0',
  `softwarelicenses_id` int(11) NOT NULL DEFAULT '0',
  `is_deleted` tinyint(1) NOT NULL DEFAULT '0',
  `is_dynamic` tinyint(1) NOT NULL DEFAULT '0',
  PRIMARY KEY (`id`),
  UNIQUE KEY `unicity` (`computers_id`,`softwarelicenses_id`),
  KEY `computers_id` (`computers_id`),
  KEY `softwarelicenses_id` (`softwarelicenses_id`),
  KEY `is_deleted` (`is_deleted`),
  KEY `is_dynamic` (`is_dynamic`)
) ENGINE=MyISAM DEFAULT CHARSET=utf8 COLLATE=utf8_unicode_ci;
/*!40101 SET character_set_client = @saved_cs_client */;

--
-- Dumping data for table `glpi_computers_softwarelicenses`
--

LOCK TABLES `glpi_computers_softwarelicenses` WRITE;
/*!40000 ALTER TABLE `glpi_computers_softwarelicenses` DISABLE KEYS */;
/*!40000 ALTER TABLE `glpi_computers_softwarelicenses` ENABLE KEYS */;
UNLOCK TABLES;

--
-- Table structure for table `glpi_computers_softwareversions`
--

DROP TABLE IF EXISTS `glpi_computers_softwareversions`;
/*!40101 SET @saved_cs_client     = @@character_set_client */;
/*!40101 SET character_set_client = utf8 */;
CREATE TABLE `glpi_computers_softwareversions` (
  `id` int(11) NOT NULL AUTO_INCREMENT,
  `computers_id` int(11) NOT NULL DEFAULT '0',
  `softwareversions_id` int(11) NOT NULL DEFAULT '0',
  `is_deleted_computer` tinyint(1) NOT NULL DEFAULT '0',
  `is_template_computer` tinyint(1) NOT NULL DEFAULT '0',
  `entities_id` int(11) NOT NULL DEFAULT '0',
  `is_deleted` tinyint(1) NOT NULL DEFAULT '0',
  `is_dynamic` tinyint(1) NOT NULL DEFAULT '0',
  `date_install` date DEFAULT NULL,
  PRIMARY KEY (`id`),
  UNIQUE KEY `unicity` (`computers_id`,`softwareversions_id`),
  KEY `softwareversions_id` (`softwareversions_id`),
  KEY `computers_info` (`entities_id`,`is_template_computer`,`is_deleted_computer`),
  KEY `is_template` (`is_template_computer`),
  KEY `is_deleted` (`is_deleted_computer`),
  KEY `is_dynamic` (`is_dynamic`),
  KEY `date_install` (`date_install`)
) ENGINE=MyISAM DEFAULT CHARSET=utf8 COLLATE=utf8_unicode_ci;
/*!40101 SET character_set_client = @saved_cs_client */;

--
-- Dumping data for table `glpi_computers_softwareversions`
--

LOCK TABLES `glpi_computers_softwareversions` WRITE;
/*!40000 ALTER TABLE `glpi_computers_softwareversions` DISABLE KEYS */;
/*!40000 ALTER TABLE `glpi_computers_softwareversions` ENABLE KEYS */;
UNLOCK TABLES;

--
-- Table structure for table `glpi_computertypes`
--

DROP TABLE IF EXISTS `glpi_computertypes`;
/*!40101 SET @saved_cs_client     = @@character_set_client */;
/*!40101 SET character_set_client = utf8 */;
CREATE TABLE `glpi_computertypes` (
  `id` int(11) NOT NULL AUTO_INCREMENT,
  `name` varchar(255) COLLATE utf8_unicode_ci DEFAULT NULL,
  `comment` text COLLATE utf8_unicode_ci,
  `date_mod` datetime DEFAULT NULL,
  `date_creation` datetime DEFAULT NULL,
  PRIMARY KEY (`id`),
  KEY `name` (`name`),
  KEY `date_mod` (`date_mod`),
  KEY `date_creation` (`date_creation`)
) ENGINE=MyISAM DEFAULT CHARSET=utf8 COLLATE=utf8_unicode_ci;
/*!40101 SET character_set_client = @saved_cs_client */;

--
-- Dumping data for table `glpi_computertypes`
--

LOCK TABLES `glpi_computertypes` WRITE;
/*!40000 ALTER TABLE `glpi_computertypes` DISABLE KEYS */;
/*!40000 ALTER TABLE `glpi_computertypes` ENABLE KEYS */;
UNLOCK TABLES;

--
-- Table structure for table `glpi_computervirtualmachines`
--

DROP TABLE IF EXISTS `glpi_computervirtualmachines`;
/*!40101 SET @saved_cs_client     = @@character_set_client */;
/*!40101 SET character_set_client = utf8 */;
CREATE TABLE `glpi_computervirtualmachines` (
  `id` int(11) NOT NULL AUTO_INCREMENT,
  `entities_id` int(11) NOT NULL DEFAULT '0',
  `computers_id` int(11) NOT NULL DEFAULT '0',
  `name` varchar(255) COLLATE utf8_unicode_ci NOT NULL DEFAULT '',
  `virtualmachinestates_id` int(11) NOT NULL DEFAULT '0',
  `virtualmachinesystems_id` int(11) NOT NULL DEFAULT '0',
  `virtualmachinetypes_id` int(11) NOT NULL DEFAULT '0',
  `uuid` varchar(255) COLLATE utf8_unicode_ci NOT NULL DEFAULT '',
  `vcpu` int(11) NOT NULL DEFAULT '0',
  `ram` varchar(255) COLLATE utf8_unicode_ci NOT NULL DEFAULT '',
  `is_deleted` tinyint(1) NOT NULL DEFAULT '0',
  `is_dynamic` tinyint(1) NOT NULL DEFAULT '0',
  `comment` text COLLATE utf8_unicode_ci,
  `date_mod` datetime DEFAULT NULL,
  `date_creation` datetime DEFAULT NULL,
  PRIMARY KEY (`id`),
  KEY `computers_id` (`computers_id`),
  KEY `entities_id` (`entities_id`),
  KEY `name` (`name`),
  KEY `virtualmachinestates_id` (`virtualmachinestates_id`),
  KEY `virtualmachinesystems_id` (`virtualmachinesystems_id`),
  KEY `vcpu` (`vcpu`),
  KEY `ram` (`ram`),
  KEY `is_deleted` (`is_deleted`),
  KEY `is_dynamic` (`is_dynamic`),
  KEY `uuid` (`uuid`),
  KEY `date_mod` (`date_mod`),
  KEY `date_creation` (`date_creation`)
) ENGINE=MyISAM DEFAULT CHARSET=utf8 COLLATE=utf8_unicode_ci;
/*!40101 SET character_set_client = @saved_cs_client */;

--
-- Dumping data for table `glpi_computervirtualmachines`
--

LOCK TABLES `glpi_computervirtualmachines` WRITE;
/*!40000 ALTER TABLE `glpi_computervirtualmachines` DISABLE KEYS */;
/*!40000 ALTER TABLE `glpi_computervirtualmachines` ENABLE KEYS */;
UNLOCK TABLES;

--
-- Table structure for table `glpi_configs`
--

DROP TABLE IF EXISTS `glpi_configs`;
/*!40101 SET @saved_cs_client     = @@character_set_client */;
/*!40101 SET character_set_client = utf8 */;
CREATE TABLE `glpi_configs` (
  `id` int(11) NOT NULL AUTO_INCREMENT,
  `context` varchar(150) COLLATE utf8_unicode_ci DEFAULT NULL,
  `name` varchar(150) COLLATE utf8_unicode_ci DEFAULT NULL,
  `value` text COLLATE utf8_unicode_ci,
  PRIMARY KEY (`id`),
  UNIQUE KEY `unicity` (`context`,`name`)
) ENGINE=MyISAM AUTO_INCREMENT=171 DEFAULT CHARSET=utf8 COLLATE=utf8_unicode_ci;
/*!40101 SET character_set_client = @saved_cs_client */;

--
-- Dumping data for table `glpi_configs`
--

LOCK TABLES `glpi_configs` WRITE;
/*!40000 ALTER TABLE `glpi_configs` DISABLE KEYS */;
INSERT INTO `glpi_configs` VALUES (1,'core','version','9.1.1'),(2,'core','show_jobs_at_login','0'),(3,'core','cut','250'),(4,'core','list_limit','15'),(5,'core','list_limit_max','50'),(6,'core','url_maxlength','30'),(7,'core','event_loglevel','5'),(8,'core','use_mailing','0'),(9,'core','admin_email','admsys@localhost'),(10,'core','admin_email_name',''),(11,'core','admin_reply',''),(12,'core','admin_reply_name',''),(13,'core','mailing_signature','SIGNATURE'),(14,'core','use_anonymous_helpdesk','0'),(15,'core','use_anonymous_followups','0'),(16,'core','language','fr_FR'),(17,'core','priority_1','#fff2f2'),(18,'core','priority_2','#ffe0e0'),(19,'core','priority_3','#ffcece'),(20,'core','priority_4','#ffbfbf'),(21,'core','priority_5','#ffadad'),(22,'core','priority_6','#ff5555'),(23,'core','date_tax','2005-12-31'),(24,'core','cas_host',''),(25,'core','cas_port','443'),(26,'core','cas_uri',''),(27,'core','cas_logout',''),(28,'core','existing_auth_server_field_clean_domain','0'),(29,'core','planning_begin','08:00:00'),(30,'core','planning_end','20:00:00'),(31,'core','utf8_conv','1'),(32,'core','use_public_faq','0'),(33,'core','url_base','http://127.0.0.1:32706'),(34,'core','show_link_in_mail','0'),(35,'core','text_login',''),(36,'core','founded_new_version',''),(37,'core','dropdown_max','100'),(38,'core','ajax_wildcard','*'),(42,'core','ajax_limit_count','50'),(43,'core','use_ajax_autocompletion','1'),(44,'core','is_users_auto_add','1'),(45,'core','date_format','0'),(46,'core','number_format','0'),(47,'core','csv_delimiter',';'),(48,'core','is_ids_visible','0'),(50,'core','smtp_mode','0'),(51,'core','smtp_host',''),(52,'core','smtp_port','25'),(53,'core','smtp_username',''),(54,'core','proxy_name',''),(55,'core','proxy_port','8080'),(56,'core','proxy_user',''),(57,'core','add_followup_on_update_ticket','1'),(58,'core','keep_tickets_on_delete','0'),(59,'core','time_step','5'),(60,'core','decimal_number','2'),(61,'core','helpdesk_doc_url',''),(62,'core','central_doc_url',''),(63,'core','documentcategories_id_forticket','0'),(64,'core','monitors_management_restrict','2'),(65,'core','phones_management_restrict','2'),(66,'core','peripherals_management_restrict','2'),(67,'core','printers_management_restrict','2'),(68,'core','use_log_in_files','1'),(69,'core','time_offset','0'),(70,'core','is_contact_autoupdate','1'),(71,'core','is_user_autoupdate','1'),(72,'core','is_group_autoupdate','1'),(73,'core','is_location_autoupdate','1'),(74,'core','state_autoupdate_mode','0'),(75,'core','is_contact_autoclean','0'),(76,'core','is_user_autoclean','0'),(77,'core','is_group_autoclean','0'),(78,'core','is_location_autoclean','0'),(79,'core','state_autoclean_mode','0'),(80,'core','use_flat_dropdowntree','0'),(81,'core','use_autoname_by_entity','1'),(84,'core','softwarecategories_id_ondelete','1'),(85,'core','x509_email_field',''),(86,'core','x509_cn_restrict',''),(87,'core','x509_o_restrict',''),(88,'core','x509_ou_restrict',''),(89,'core','default_mailcollector_filesize_max','2097152'),(90,'core','followup_private','0'),(91,'core','task_private','0'),(92,'core','default_software_helpdesk_visible','1'),(93,'core','names_format','0'),(94,'core','default_graphtype','svg'),(95,'core','default_requesttypes_id','1'),(96,'core','use_noright_users_add','1'),(97,'core','cron_limit','5'),(98,'core','priority_matrix','{\"1\":{\"1\":1,\"2\":1,\"3\":2,\"4\":2,\"5\":2},\"2\":{\"1\":1,\"2\":2,\"3\":2,\"4\":3,\"5\":3},\"3\":{\"1\":2,\"2\":2,\"3\":3,\"4\":4,\"5\":4},\"4\":{\"1\":2,\"2\":3,\"3\":4,\"4\":4,\"5\":5},\"5\":{\"1\":2,\"2\":3,\"3\":4,\"4\":5,\"5\":5}}'),(99,'core','urgency_mask','62'),(100,'core','impact_mask','62'),(101,'core','user_deleted_ldap','0'),(102,'core','auto_create_infocoms','0'),(103,'core','use_slave_for_search','0'),(104,'core','proxy_passwd',''),(105,'core','smtp_passwd',''),(106,'core','transfers_id_auto','0'),(107,'core','show_count_on_tabs','1'),(108,'core','refresh_ticket_list','0'),(109,'core','set_default_tech','1'),(110,'core','allow_search_view','2'),(111,'core','allow_search_all','1'),(112,'core','allow_search_global','1'),(113,'core','display_count_on_home','5'),(114,'core','use_password_security','0'),(115,'core','password_min_length','8'),(116,'core','password_need_number','1'),(117,'core','password_need_letter','1'),(118,'core','password_need_caps','1'),(119,'core','password_need_symbol','1'),(120,'core','use_check_pref','0'),(121,'core','notification_to_myself','1'),(122,'core','duedateok_color','#06ff00'),(123,'core','duedatewarning_color','#ffb800'),(124,'core','duedatecritical_color','#ff0000'),(125,'core','duedatewarning_less','20'),(126,'core','duedatecritical_less','5'),(127,'core','duedatewarning_unit','%'),(128,'core','duedatecritical_unit','%'),(129,'core','realname_ssofield',''),(130,'core','firstname_ssofield',''),(131,'core','email1_ssofield',''),(132,'core','email2_ssofield',''),(133,'core','email3_ssofield',''),(134,'core','email4_ssofield',''),(135,'core','phone_ssofield',''),(136,'core','phone2_ssofield',''),(137,'core','mobile_ssofield',''),(138,'core','comment_ssofield',''),(139,'core','title_ssofield',''),(140,'core','category_ssofield',''),(141,'core','language_ssofield',''),(142,'core','entity_ssofield',''),(143,'core','registration_number_ssofield',''),(144,'core','ssovariables_id','0'),(145,'core','translate_kb','0'),(146,'core','translate_dropdowns','0'),(147,'core','pdffont','helvetica'),(148,'core','keep_devices_when_purging_item','0'),(149,'core','maintenance_mode','0'),(150,'core','maintenance_text',''),(151,'core','use_rich_text','0'),(152,'core','attach_ticket_documents_to_mail','0'),(153,'core','backcreated','0'),(154,'core','task_state','1'),(155,'core','layout','lefttab'),(156,'core','ticket_timeline','1'),(157,'core','ticket_timeline_keep_replaced_tabs','0'),(158,'core','palette','auror'),(159,'core','lock_use_lock_item','0'),(160,'core','lock_autolock_mode','1'),(161,'core','lock_directunlock_notification','0'),(162,'core','lock_item_list','[]'),(163,'core','lock_lockprofile_id','8'),(164,'core','set_default_requester','1'),(165,'core','highcontrast_css','0'),(166,'core','smtp_check_certificate','1'),(167,'core','enable_api','0'),(168,'core','enable_api_login_credentials','0'),(169,'core','enable_api_login_external_token','1'),(170,'core','url_base_api','http://127.0.0.1:32706/apirest.php/');
/*!40000 ALTER TABLE `glpi_configs` ENABLE KEYS */;
UNLOCK TABLES;

--
-- Table structure for table `glpi_consumableitems`
--

DROP TABLE IF EXISTS `glpi_consumableitems`;
/*!40101 SET @saved_cs_client     = @@character_set_client */;
/*!40101 SET character_set_client = utf8 */;
CREATE TABLE `glpi_consumableitems` (
  `id` int(11) NOT NULL AUTO_INCREMENT,
  `entities_id` int(11) NOT NULL DEFAULT '0',
  `is_recursive` tinyint(1) NOT NULL DEFAULT '0',
  `name` varchar(255) COLLATE utf8_unicode_ci DEFAULT NULL,
  `ref` varchar(255) COLLATE utf8_unicode_ci DEFAULT NULL,
  `locations_id` int(11) NOT NULL DEFAULT '0',
  `consumableitemtypes_id` int(11) NOT NULL DEFAULT '0',
  `manufacturers_id` int(11) NOT NULL DEFAULT '0',
  `users_id_tech` int(11) NOT NULL DEFAULT '0',
  `groups_id_tech` int(11) NOT NULL DEFAULT '0',
  `is_deleted` tinyint(1) NOT NULL DEFAULT '0',
  `comment` text COLLATE utf8_unicode_ci,
  `alarm_threshold` int(11) NOT NULL DEFAULT '10',
  `date_mod` datetime DEFAULT NULL,
  `date_creation` datetime DEFAULT NULL,
  PRIMARY KEY (`id`),
  KEY `name` (`name`),
  KEY `entities_id` (`entities_id`),
  KEY `manufacturers_id` (`manufacturers_id`),
  KEY `locations_id` (`locations_id`),
  KEY `users_id_tech` (`users_id_tech`),
  KEY `consumableitemtypes_id` (`consumableitemtypes_id`),
  KEY `is_deleted` (`is_deleted`),
  KEY `alarm_threshold` (`alarm_threshold`),
  KEY `groups_id_tech` (`groups_id_tech`),
  KEY `date_mod` (`date_mod`),
  KEY `date_creation` (`date_creation`)
) ENGINE=MyISAM DEFAULT CHARSET=utf8 COLLATE=utf8_unicode_ci;
/*!40101 SET character_set_client = @saved_cs_client */;

--
-- Dumping data for table `glpi_consumableitems`
--

LOCK TABLES `glpi_consumableitems` WRITE;
/*!40000 ALTER TABLE `glpi_consumableitems` DISABLE KEYS */;
/*!40000 ALTER TABLE `glpi_consumableitems` ENABLE KEYS */;
UNLOCK TABLES;

--
-- Table structure for table `glpi_consumableitemtypes`
--

DROP TABLE IF EXISTS `glpi_consumableitemtypes`;
/*!40101 SET @saved_cs_client     = @@character_set_client */;
/*!40101 SET character_set_client = utf8 */;
CREATE TABLE `glpi_consumableitemtypes` (
  `id` int(11) NOT NULL AUTO_INCREMENT,
  `name` varchar(255) COLLATE utf8_unicode_ci DEFAULT NULL,
  `comment` text COLLATE utf8_unicode_ci,
  `date_mod` datetime DEFAULT NULL,
  `date_creation` datetime DEFAULT NULL,
  PRIMARY KEY (`id`),
  KEY `name` (`name`),
  KEY `date_mod` (`date_mod`),
  KEY `date_creation` (`date_creation`)
) ENGINE=MyISAM DEFAULT CHARSET=utf8 COLLATE=utf8_unicode_ci;
/*!40101 SET character_set_client = @saved_cs_client */;

--
-- Dumping data for table `glpi_consumableitemtypes`
--

LOCK TABLES `glpi_consumableitemtypes` WRITE;
/*!40000 ALTER TABLE `glpi_consumableitemtypes` DISABLE KEYS */;
/*!40000 ALTER TABLE `glpi_consumableitemtypes` ENABLE KEYS */;
UNLOCK TABLES;

--
-- Table structure for table `glpi_consumables`
--

DROP TABLE IF EXISTS `glpi_consumables`;
/*!40101 SET @saved_cs_client     = @@character_set_client */;
/*!40101 SET character_set_client = utf8 */;
CREATE TABLE `glpi_consumables` (
  `id` int(11) NOT NULL AUTO_INCREMENT,
  `entities_id` int(11) NOT NULL DEFAULT '0',
  `consumableitems_id` int(11) NOT NULL DEFAULT '0',
  `date_in` date DEFAULT NULL,
  `date_out` date DEFAULT NULL,
  `itemtype` varchar(100) COLLATE utf8_unicode_ci DEFAULT NULL,
  `items_id` int(11) NOT NULL DEFAULT '0',
  `date_mod` datetime DEFAULT NULL,
  `date_creation` datetime DEFAULT NULL,
  PRIMARY KEY (`id`),
  KEY `date_in` (`date_in`),
  KEY `date_out` (`date_out`),
  KEY `consumableitems_id` (`consumableitems_id`),
  KEY `entities_id` (`entities_id`),
  KEY `item` (`itemtype`,`items_id`),
  KEY `date_mod` (`date_mod`),
  KEY `date_creation` (`date_creation`)
) ENGINE=MyISAM DEFAULT CHARSET=utf8 COLLATE=utf8_unicode_ci;
/*!40101 SET character_set_client = @saved_cs_client */;

--
-- Dumping data for table `glpi_consumables`
--

LOCK TABLES `glpi_consumables` WRITE;
/*!40000 ALTER TABLE `glpi_consumables` DISABLE KEYS */;
/*!40000 ALTER TABLE `glpi_consumables` ENABLE KEYS */;
UNLOCK TABLES;

--
-- Table structure for table `glpi_contacts`
--

DROP TABLE IF EXISTS `glpi_contacts`;
/*!40101 SET @saved_cs_client     = @@character_set_client */;
/*!40101 SET character_set_client = utf8 */;
CREATE TABLE `glpi_contacts` (
  `id` int(11) NOT NULL AUTO_INCREMENT,
  `entities_id` int(11) NOT NULL DEFAULT '0',
  `is_recursive` tinyint(1) NOT NULL DEFAULT '0',
  `name` varchar(255) COLLATE utf8_unicode_ci DEFAULT NULL,
  `firstname` varchar(255) COLLATE utf8_unicode_ci DEFAULT NULL,
  `phone` varchar(255) COLLATE utf8_unicode_ci DEFAULT NULL,
  `phone2` varchar(255) COLLATE utf8_unicode_ci DEFAULT NULL,
  `mobile` varchar(255) COLLATE utf8_unicode_ci DEFAULT NULL,
  `fax` varchar(255) COLLATE utf8_unicode_ci DEFAULT NULL,
  `email` varchar(255) COLLATE utf8_unicode_ci DEFAULT NULL,
  `contacttypes_id` int(11) NOT NULL DEFAULT '0',
  `comment` text COLLATE utf8_unicode_ci,
  `is_deleted` tinyint(1) NOT NULL DEFAULT '0',
  `usertitles_id` int(11) NOT NULL DEFAULT '0',
  `address` text COLLATE utf8_unicode_ci,
  `postcode` varchar(255) COLLATE utf8_unicode_ci DEFAULT NULL,
  `town` varchar(255) COLLATE utf8_unicode_ci DEFAULT NULL,
  `state` varchar(255) COLLATE utf8_unicode_ci DEFAULT NULL,
  `country` varchar(255) COLLATE utf8_unicode_ci DEFAULT NULL,
  `date_mod` datetime DEFAULT NULL,
  `date_creation` datetime DEFAULT NULL,
  PRIMARY KEY (`id`),
  KEY `name` (`name`),
  KEY `entities_id` (`entities_id`),
  KEY `contacttypes_id` (`contacttypes_id`),
  KEY `is_deleted` (`is_deleted`),
  KEY `usertitles_id` (`usertitles_id`),
  KEY `date_mod` (`date_mod`),
  KEY `date_creation` (`date_creation`)
) ENGINE=MyISAM DEFAULT CHARSET=utf8 COLLATE=utf8_unicode_ci;
/*!40101 SET character_set_client = @saved_cs_client */;

--
-- Dumping data for table `glpi_contacts`
--

LOCK TABLES `glpi_contacts` WRITE;
/*!40000 ALTER TABLE `glpi_contacts` DISABLE KEYS */;
/*!40000 ALTER TABLE `glpi_contacts` ENABLE KEYS */;
UNLOCK TABLES;

--
-- Table structure for table `glpi_contacts_suppliers`
--

DROP TABLE IF EXISTS `glpi_contacts_suppliers`;
/*!40101 SET @saved_cs_client     = @@character_set_client */;
/*!40101 SET character_set_client = utf8 */;
CREATE TABLE `glpi_contacts_suppliers` (
  `id` int(11) NOT NULL AUTO_INCREMENT,
  `suppliers_id` int(11) NOT NULL DEFAULT '0',
  `contacts_id` int(11) NOT NULL DEFAULT '0',
  PRIMARY KEY (`id`),
  UNIQUE KEY `unicity` (`suppliers_id`,`contacts_id`),
  KEY `contacts_id` (`contacts_id`)
) ENGINE=MyISAM DEFAULT CHARSET=utf8 COLLATE=utf8_unicode_ci;
/*!40101 SET character_set_client = @saved_cs_client */;

--
-- Dumping data for table `glpi_contacts_suppliers`
--

LOCK TABLES `glpi_contacts_suppliers` WRITE;
/*!40000 ALTER TABLE `glpi_contacts_suppliers` DISABLE KEYS */;
/*!40000 ALTER TABLE `glpi_contacts_suppliers` ENABLE KEYS */;
UNLOCK TABLES;

--
-- Table structure for table `glpi_contacttypes`
--

DROP TABLE IF EXISTS `glpi_contacttypes`;
/*!40101 SET @saved_cs_client     = @@character_set_client */;
/*!40101 SET character_set_client = utf8 */;
CREATE TABLE `glpi_contacttypes` (
  `id` int(11) NOT NULL AUTO_INCREMENT,
  `name` varchar(255) COLLATE utf8_unicode_ci DEFAULT NULL,
  `comment` text COLLATE utf8_unicode_ci,
  `date_mod` datetime DEFAULT NULL,
  `date_creation` datetime DEFAULT NULL,
  PRIMARY KEY (`id`),
  KEY `name` (`name`),
  KEY `date_mod` (`date_mod`),
  KEY `date_creation` (`date_creation`)
) ENGINE=MyISAM DEFAULT CHARSET=utf8 COLLATE=utf8_unicode_ci;
/*!40101 SET character_set_client = @saved_cs_client */;

--
-- Dumping data for table `glpi_contacttypes`
--

LOCK TABLES `glpi_contacttypes` WRITE;
/*!40000 ALTER TABLE `glpi_contacttypes` DISABLE KEYS */;
/*!40000 ALTER TABLE `glpi_contacttypes` ENABLE KEYS */;
UNLOCK TABLES;

--
-- Table structure for table `glpi_contractcosts`
--

DROP TABLE IF EXISTS `glpi_contractcosts`;
/*!40101 SET @saved_cs_client     = @@character_set_client */;
/*!40101 SET character_set_client = utf8 */;
CREATE TABLE `glpi_contractcosts` (
  `id` int(11) NOT NULL AUTO_INCREMENT,
  `contracts_id` int(11) NOT NULL DEFAULT '0',
  `name` varchar(255) COLLATE utf8_unicode_ci DEFAULT NULL,
  `comment` text COLLATE utf8_unicode_ci,
  `begin_date` date DEFAULT NULL,
  `end_date` date DEFAULT NULL,
  `cost` decimal(20,4) NOT NULL DEFAULT '0.0000',
  `budgets_id` int(11) NOT NULL DEFAULT '0',
  `entities_id` int(11) NOT NULL DEFAULT '0',
  `is_recursive` tinyint(1) NOT NULL DEFAULT '0',
  PRIMARY KEY (`id`),
  KEY `name` (`name`),
  KEY `contracts_id` (`contracts_id`),
  KEY `begin_date` (`begin_date`),
  KEY `end_date` (`end_date`),
  KEY `entities_id` (`entities_id`),
  KEY `is_recursive` (`is_recursive`),
  KEY `budgets_id` (`budgets_id`)
) ENGINE=MyISAM DEFAULT CHARSET=utf8 COLLATE=utf8_unicode_ci;
/*!40101 SET character_set_client = @saved_cs_client */;

--
-- Dumping data for table `glpi_contractcosts`
--

LOCK TABLES `glpi_contractcosts` WRITE;
/*!40000 ALTER TABLE `glpi_contractcosts` DISABLE KEYS */;
/*!40000 ALTER TABLE `glpi_contractcosts` ENABLE KEYS */;
UNLOCK TABLES;

--
-- Table structure for table `glpi_contracts`
--

DROP TABLE IF EXISTS `glpi_contracts`;
/*!40101 SET @saved_cs_client     = @@character_set_client */;
/*!40101 SET character_set_client = utf8 */;
CREATE TABLE `glpi_contracts` (
  `id` int(11) NOT NULL AUTO_INCREMENT,
  `entities_id` int(11) NOT NULL DEFAULT '0',
  `is_recursive` tinyint(1) NOT NULL DEFAULT '0',
  `name` varchar(255) COLLATE utf8_unicode_ci DEFAULT NULL,
  `num` varchar(255) COLLATE utf8_unicode_ci DEFAULT NULL,
  `contracttypes_id` int(11) NOT NULL DEFAULT '0',
  `begin_date` date DEFAULT NULL,
  `duration` int(11) NOT NULL DEFAULT '0',
  `notice` int(11) NOT NULL DEFAULT '0',
  `periodicity` int(11) NOT NULL DEFAULT '0',
  `billing` int(11) NOT NULL DEFAULT '0',
  `comment` text COLLATE utf8_unicode_ci,
  `accounting_number` varchar(255) COLLATE utf8_unicode_ci DEFAULT NULL,
  `is_deleted` tinyint(1) NOT NULL DEFAULT '0',
  `week_begin_hour` time NOT NULL DEFAULT '00:00:00',
  `week_end_hour` time NOT NULL DEFAULT '00:00:00',
  `saturday_begin_hour` time NOT NULL DEFAULT '00:00:00',
  `saturday_end_hour` time NOT NULL DEFAULT '00:00:00',
  `use_saturday` tinyint(1) NOT NULL DEFAULT '0',
  `monday_begin_hour` time NOT NULL DEFAULT '00:00:00',
  `monday_end_hour` time NOT NULL DEFAULT '00:00:00',
  `use_monday` tinyint(1) NOT NULL DEFAULT '0',
  `max_links_allowed` int(11) NOT NULL DEFAULT '0',
  `alert` int(11) NOT NULL DEFAULT '0',
  `renewal` int(11) NOT NULL DEFAULT '0',
  `template_name` varchar(255) COLLATE utf8_unicode_ci DEFAULT NULL,
  `is_template` tinyint(1) NOT NULL DEFAULT '0',
  `date_mod` datetime DEFAULT NULL,
  `date_creation` datetime DEFAULT NULL,
  PRIMARY KEY (`id`),
  KEY `begin_date` (`begin_date`),
  KEY `name` (`name`),
  KEY `contracttypes_id` (`contracttypes_id`),
  KEY `entities_id` (`entities_id`),
  KEY `is_deleted` (`is_deleted`),
  KEY `use_monday` (`use_monday`),
  KEY `use_saturday` (`use_saturday`),
  KEY `alert` (`alert`),
  KEY `date_mod` (`date_mod`),
  KEY `date_creation` (`date_creation`)
) ENGINE=MyISAM DEFAULT CHARSET=utf8 COLLATE=utf8_unicode_ci;
/*!40101 SET character_set_client = @saved_cs_client */;

--
-- Dumping data for table `glpi_contracts`
--

LOCK TABLES `glpi_contracts` WRITE;
/*!40000 ALTER TABLE `glpi_contracts` DISABLE KEYS */;
/*!40000 ALTER TABLE `glpi_contracts` ENABLE KEYS */;
UNLOCK TABLES;

--
-- Table structure for table `glpi_contracts_items`
--

DROP TABLE IF EXISTS `glpi_contracts_items`;
/*!40101 SET @saved_cs_client     = @@character_set_client */;
/*!40101 SET character_set_client = utf8 */;
CREATE TABLE `glpi_contracts_items` (
  `id` int(11) NOT NULL AUTO_INCREMENT,
  `contracts_id` int(11) NOT NULL DEFAULT '0',
  `items_id` int(11) NOT NULL DEFAULT '0',
  `itemtype` varchar(100) COLLATE utf8_unicode_ci NOT NULL,
  PRIMARY KEY (`id`),
  UNIQUE KEY `unicity` (`contracts_id`,`itemtype`,`items_id`),
  KEY `FK_device` (`items_id`,`itemtype`),
  KEY `item` (`itemtype`,`items_id`)
) ENGINE=MyISAM DEFAULT CHARSET=utf8 COLLATE=utf8_unicode_ci;
/*!40101 SET character_set_client = @saved_cs_client */;

--
-- Dumping data for table `glpi_contracts_items`
--

LOCK TABLES `glpi_contracts_items` WRITE;
/*!40000 ALTER TABLE `glpi_contracts_items` DISABLE KEYS */;
/*!40000 ALTER TABLE `glpi_contracts_items` ENABLE KEYS */;
UNLOCK TABLES;

--
-- Table structure for table `glpi_contracts_suppliers`
--

DROP TABLE IF EXISTS `glpi_contracts_suppliers`;
/*!40101 SET @saved_cs_client     = @@character_set_client */;
/*!40101 SET character_set_client = utf8 */;
CREATE TABLE `glpi_contracts_suppliers` (
  `id` int(11) NOT NULL AUTO_INCREMENT,
  `suppliers_id` int(11) NOT NULL DEFAULT '0',
  `contracts_id` int(11) NOT NULL DEFAULT '0',
  PRIMARY KEY (`id`),
  UNIQUE KEY `unicity` (`suppliers_id`,`contracts_id`),
  KEY `contracts_id` (`contracts_id`)
) ENGINE=MyISAM DEFAULT CHARSET=utf8 COLLATE=utf8_unicode_ci;
/*!40101 SET character_set_client = @saved_cs_client */;

--
-- Dumping data for table `glpi_contracts_suppliers`
--

LOCK TABLES `glpi_contracts_suppliers` WRITE;
/*!40000 ALTER TABLE `glpi_contracts_suppliers` DISABLE KEYS */;
/*!40000 ALTER TABLE `glpi_contracts_suppliers` ENABLE KEYS */;
UNLOCK TABLES;

--
-- Table structure for table `glpi_contracttypes`
--

DROP TABLE IF EXISTS `glpi_contracttypes`;
/*!40101 SET @saved_cs_client     = @@character_set_client */;
/*!40101 SET character_set_client = utf8 */;
CREATE TABLE `glpi_contracttypes` (
  `id` int(11) NOT NULL AUTO_INCREMENT,
  `name` varchar(255) COLLATE utf8_unicode_ci DEFAULT NULL,
  `comment` text COLLATE utf8_unicode_ci,
  `date_mod` datetime DEFAULT NULL,
  `date_creation` datetime DEFAULT NULL,
  PRIMARY KEY (`id`),
  KEY `name` (`name`),
  KEY `date_mod` (`date_mod`),
  KEY `date_creation` (`date_creation`)
) ENGINE=MyISAM DEFAULT CHARSET=utf8 COLLATE=utf8_unicode_ci;
/*!40101 SET character_set_client = @saved_cs_client */;

--
-- Dumping data for table `glpi_contracttypes`
--

LOCK TABLES `glpi_contracttypes` WRITE;
/*!40000 ALTER TABLE `glpi_contracttypes` DISABLE KEYS */;
/*!40000 ALTER TABLE `glpi_contracttypes` ENABLE KEYS */;
UNLOCK TABLES;

--
-- Table structure for table `glpi_crontasklogs`
--

DROP TABLE IF EXISTS `glpi_crontasklogs`;
/*!40101 SET @saved_cs_client     = @@character_set_client */;
/*!40101 SET character_set_client = utf8 */;
CREATE TABLE `glpi_crontasklogs` (
  `id` int(11) NOT NULL AUTO_INCREMENT,
  `crontasks_id` int(11) NOT NULL,
  `crontasklogs_id` int(11) NOT NULL COMMENT 'id of ''start'' event',
  `date` datetime NOT NULL,
  `state` int(11) NOT NULL COMMENT '0:start, 1:run, 2:stop',
  `elapsed` float NOT NULL COMMENT 'time elapsed since start',
  `volume` int(11) NOT NULL COMMENT 'for statistics',
  `content` varchar(255) COLLATE utf8_unicode_ci DEFAULT NULL COMMENT 'message',
  PRIMARY KEY (`id`),
  KEY `date` (`date`),
  KEY `crontasks_id` (`crontasks_id`),
  KEY `crontasklogs_id_state` (`crontasklogs_id`,`state`)
) ENGINE=MyISAM AUTO_INCREMENT=3 DEFAULT CHARSET=utf8 COLLATE=utf8_unicode_ci;
/*!40101 SET character_set_client = @saved_cs_client */;

--
-- Dumping data for table `glpi_crontasklogs`
--

LOCK TABLES `glpi_crontasklogs` WRITE;
/*!40000 ALTER TABLE `glpi_crontasklogs` DISABLE KEYS */;
INSERT INTO `glpi_crontasklogs` VALUES (1,18,0,'2024-08-01 12:46:36',0,0,0,'Run mode: GLPI'),(2,18,1,'2024-08-01 12:46:36',2,0.00682783,0,'Action completed, no processing required');
/*!40000 ALTER TABLE `glpi_crontasklogs` ENABLE KEYS */;
UNLOCK TABLES;

--
-- Table structure for table `glpi_crontasks`
--

DROP TABLE IF EXISTS `glpi_crontasks`;
/*!40101 SET @saved_cs_client     = @@character_set_client */;
/*!40101 SET character_set_client = utf8 */;
CREATE TABLE `glpi_crontasks` (
  `id` int(11) NOT NULL AUTO_INCREMENT,
  `itemtype` varchar(100) COLLATE utf8_unicode_ci NOT NULL,
  `name` varchar(150) COLLATE utf8_unicode_ci NOT NULL COMMENT 'task name',
  `frequency` int(11) NOT NULL COMMENT 'second between launch',
  `param` int(11) DEFAULT NULL COMMENT 'task specify parameter',
  `state` int(11) NOT NULL DEFAULT '1' COMMENT '0:disabled, 1:waiting, 2:running',
  `mode` int(11) NOT NULL DEFAULT '1' COMMENT '1:internal, 2:external',
  `allowmode` int(11) NOT NULL DEFAULT '3' COMMENT '1:internal, 2:external, 3:both',
  `hourmin` int(11) NOT NULL DEFAULT '0',
  `hourmax` int(11) NOT NULL DEFAULT '24',
  `logs_lifetime` int(11) NOT NULL DEFAULT '30' COMMENT 'number of days',
  `lastrun` datetime DEFAULT NULL COMMENT 'last run date',
  `lastcode` int(11) DEFAULT NULL COMMENT 'last run return code',
  `comment` text COLLATE utf8_unicode_ci,
  `date_mod` datetime DEFAULT NULL,
  `date_creation` datetime DEFAULT NULL,
  PRIMARY KEY (`id`),
  UNIQUE KEY `unicity` (`itemtype`,`name`),
  KEY `mode` (`mode`),
  KEY `date_mod` (`date_mod`),
  KEY `date_creation` (`date_creation`)
) ENGINE=MyISAM AUTO_INCREMENT=28 DEFAULT CHARSET=utf8 COLLATE=utf8_unicode_ci COMMENT='Task run by internal / external cron.';
/*!40101 SET character_set_client = @saved_cs_client */;

--
-- Dumping data for table `glpi_crontasks`
--

LOCK TABLES `glpi_crontasks` WRITE;
/*!40000 ALTER TABLE `glpi_crontasks` DISABLE KEYS */;
INSERT INTO `glpi_crontasks` VALUES (2,'CartridgeItem','cartridge',86400,10,0,1,3,0,24,30,NULL,NULL,NULL,NULL,NULL),(3,'ConsumableItem','consumable',86400,10,0,1,3,0,24,30,NULL,NULL,NULL,NULL,NULL),(4,'SoftwareLicense','software',86400,NULL,0,1,3,0,24,30,NULL,NULL,NULL,NULL,NULL),(5,'Contract','contract',86400,NULL,1,1,3,0,24,30,'2010-05-06 09:31:02',NULL,NULL,NULL,NULL),(6,'InfoCom','infocom',86400,NULL,1,1,3,0,24,30,'2011-01-18 11:40:43',NULL,NULL,NULL,NULL),(7,'CronTask','logs',86400,30,0,1,3,0,24,30,NULL,NULL,NULL,NULL,NULL),(8,'CronTask','optimize',604800,NULL,1,1,3,0,24,30,'2011-03-04 11:35:21',NULL,NULL,NULL,NULL),(9,'MailCollector','mailgate',600,10,1,1,3,0,24,30,'2011-06-28 11:34:37',NULL,NULL,NULL,NULL),(10,'DBconnection','checkdbreplicate',300,NULL,0,1,3,0,24,30,NULL,NULL,NULL,NULL,NULL),(11,'CronTask','checkupdate',604800,NULL,0,1,3,0,24,30,NULL,NULL,NULL,NULL,NULL),(12,'CronTask','session',86400,NULL,1,1,3,0,24,30,'2011-08-30 08:22:27',NULL,NULL,NULL,NULL),(13,'CronTask','graph',3600,NULL,1,1,3,0,24,30,'2011-12-06 09:48:42',NULL,NULL,NULL,NULL),(14,'ReservationItem','reservation',3600,NULL,1,1,3,0,24,30,'2012-04-05 20:31:57',NULL,NULL,NULL,NULL),(15,'Ticket','closeticket',43200,NULL,1,1,3,0,24,30,'2014-01-15 14:35:00',NULL,NULL,NULL,NULL),(16,'Ticket','alertnotclosed',43200,NULL,1,1,3,0,24,30,'2014-04-16 15:32:00',NULL,NULL,NULL,NULL),(17,'SlaLevel_Ticket','slaticket',300,NULL,1,1,3,0,24,30,'2014-06-18 08:02:00',NULL,NULL,NULL,NULL),(18,'Ticket','createinquest',86400,NULL,1,1,3,0,24,30,'2024-08-01 12:46:00',NULL,NULL,NULL,NULL),(19,'Crontask','watcher',86400,NULL,1,1,3,0,24,30,NULL,NULL,NULL,NULL,NULL),(20,'TicketRecurrent','ticketrecurrent',3600,NULL,1,1,3,0,24,30,NULL,NULL,NULL,NULL,NULL),(21,'PlanningRecall','planningrecall',300,NULL,1,1,3,0,24,30,NULL,NULL,NULL,NULL,NULL),(22,'QueuedMail','queuedmail',60,50,1,1,3,0,24,30,NULL,NULL,NULL,NULL,NULL),(23,'QueuedMail','queuedmailclean',86400,30,1,1,3,0,24,30,NULL,NULL,NULL,NULL,NULL),(24,'Crontask','temp',3600,NULL,1,1,3,0,24,30,NULL,NULL,NULL,NULL,NULL),(25,'MailCollector','mailgateerror',86400,NULL,1,1,3,0,24,30,NULL,NULL,NULL,NULL,NULL),(26,'Crontask','circularlogs',86400,4,0,1,3,0,24,30,NULL,NULL,NULL,NULL,NULL),(27,'ObjectLock','unlockobject',86400,4,0,1,3,0,24,30,NULL,NULL,NULL,NULL,NULL);
/*!40000 ALTER TABLE `glpi_crontasks` ENABLE KEYS */;
UNLOCK TABLES;

--
-- Table structure for table `glpi_devicecases`
--

DROP TABLE IF EXISTS `glpi_devicecases`;
/*!40101 SET @saved_cs_client     = @@character_set_client */;
/*!40101 SET character_set_client = utf8 */;
CREATE TABLE `glpi_devicecases` (
  `id` int(11) NOT NULL AUTO_INCREMENT,
  `designation` varchar(255) COLLATE utf8_unicode_ci DEFAULT NULL,
  `devicecasetypes_id` int(11) NOT NULL DEFAULT '0',
  `comment` text COLLATE utf8_unicode_ci,
  `manufacturers_id` int(11) NOT NULL DEFAULT '0',
  `entities_id` int(11) NOT NULL DEFAULT '0',
  `is_recursive` tinyint(1) NOT NULL DEFAULT '0',
  `date_mod` datetime DEFAULT NULL,
  `date_creation` datetime DEFAULT NULL,
  PRIMARY KEY (`id`),
  KEY `designation` (`designation`),
  KEY `manufacturers_id` (`manufacturers_id`),
  KEY `devicecasetypes_id` (`devicecasetypes_id`),
  KEY `entities_id` (`entities_id`),
  KEY `is_recursive` (`is_recursive`),
  KEY `date_mod` (`date_mod`),
  KEY `date_creation` (`date_creation`)
) ENGINE=MyISAM DEFAULT CHARSET=utf8 COLLATE=utf8_unicode_ci;
/*!40101 SET character_set_client = @saved_cs_client */;

--
-- Dumping data for table `glpi_devicecases`
--

LOCK TABLES `glpi_devicecases` WRITE;
/*!40000 ALTER TABLE `glpi_devicecases` DISABLE KEYS */;
/*!40000 ALTER TABLE `glpi_devicecases` ENABLE KEYS */;
UNLOCK TABLES;

--
-- Table structure for table `glpi_devicecasetypes`
--

DROP TABLE IF EXISTS `glpi_devicecasetypes`;
/*!40101 SET @saved_cs_client     = @@character_set_client */;
/*!40101 SET character_set_client = utf8 */;
CREATE TABLE `glpi_devicecasetypes` (
  `id` int(11) NOT NULL AUTO_INCREMENT,
  `name` varchar(255) COLLATE utf8_unicode_ci DEFAULT NULL,
  `comment` text COLLATE utf8_unicode_ci,
  `date_mod` datetime DEFAULT NULL,
  `date_creation` datetime DEFAULT NULL,
  PRIMARY KEY (`id`),
  KEY `name` (`name`),
  KEY `date_mod` (`date_mod`),
  KEY `date_creation` (`date_creation`)
) ENGINE=MyISAM DEFAULT CHARSET=utf8 COLLATE=utf8_unicode_ci;
/*!40101 SET character_set_client = @saved_cs_client */;

--
-- Dumping data for table `glpi_devicecasetypes`
--

LOCK TABLES `glpi_devicecasetypes` WRITE;
/*!40000 ALTER TABLE `glpi_devicecasetypes` DISABLE KEYS */;
/*!40000 ALTER TABLE `glpi_devicecasetypes` ENABLE KEYS */;
UNLOCK TABLES;

--
-- Table structure for table `glpi_devicecontrols`
--

DROP TABLE IF EXISTS `glpi_devicecontrols`;
/*!40101 SET @saved_cs_client     = @@character_set_client */;
/*!40101 SET character_set_client = utf8 */;
CREATE TABLE `glpi_devicecontrols` (
  `id` int(11) NOT NULL AUTO_INCREMENT,
  `designation` varchar(255) COLLATE utf8_unicode_ci DEFAULT NULL,
  `is_raid` tinyint(1) NOT NULL DEFAULT '0',
  `comment` text COLLATE utf8_unicode_ci,
  `manufacturers_id` int(11) NOT NULL DEFAULT '0',
  `interfacetypes_id` int(11) NOT NULL DEFAULT '0',
  `entities_id` int(11) NOT NULL DEFAULT '0',
  `is_recursive` tinyint(1) NOT NULL DEFAULT '0',
  `date_mod` datetime DEFAULT NULL,
  `date_creation` datetime DEFAULT NULL,
  PRIMARY KEY (`id`),
  KEY `designation` (`designation`),
  KEY `manufacturers_id` (`manufacturers_id`),
  KEY `interfacetypes_id` (`interfacetypes_id`),
  KEY `entities_id` (`entities_id`),
  KEY `is_recursive` (`is_recursive`),
  KEY `date_mod` (`date_mod`),
  KEY `date_creation` (`date_creation`)
) ENGINE=MyISAM DEFAULT CHARSET=utf8 COLLATE=utf8_unicode_ci;
/*!40101 SET character_set_client = @saved_cs_client */;

--
-- Dumping data for table `glpi_devicecontrols`
--

LOCK TABLES `glpi_devicecontrols` WRITE;
/*!40000 ALTER TABLE `glpi_devicecontrols` DISABLE KEYS */;
/*!40000 ALTER TABLE `glpi_devicecontrols` ENABLE KEYS */;
UNLOCK TABLES;

--
-- Table structure for table `glpi_devicedrives`
--

DROP TABLE IF EXISTS `glpi_devicedrives`;
/*!40101 SET @saved_cs_client     = @@character_set_client */;
/*!40101 SET character_set_client = utf8 */;
CREATE TABLE `glpi_devicedrives` (
  `id` int(11) NOT NULL AUTO_INCREMENT,
  `designation` varchar(255) COLLATE utf8_unicode_ci DEFAULT NULL,
  `is_writer` tinyint(1) NOT NULL DEFAULT '1',
  `speed` varchar(255) COLLATE utf8_unicode_ci DEFAULT NULL,
  `comment` text COLLATE utf8_unicode_ci,
  `manufacturers_id` int(11) NOT NULL DEFAULT '0',
  `interfacetypes_id` int(11) NOT NULL DEFAULT '0',
  `entities_id` int(11) NOT NULL DEFAULT '0',
  `is_recursive` tinyint(1) NOT NULL DEFAULT '0',
  `date_mod` datetime DEFAULT NULL,
  `date_creation` datetime DEFAULT NULL,
  PRIMARY KEY (`id`),
  KEY `designation` (`designation`),
  KEY `manufacturers_id` (`manufacturers_id`),
  KEY `interfacetypes_id` (`interfacetypes_id`),
  KEY `entities_id` (`entities_id`),
  KEY `is_recursive` (`is_recursive`),
  KEY `date_mod` (`date_mod`),
  KEY `date_creation` (`date_creation`)
) ENGINE=MyISAM DEFAULT CHARSET=utf8 COLLATE=utf8_unicode_ci;
/*!40101 SET character_set_client = @saved_cs_client */;

--
-- Dumping data for table `glpi_devicedrives`
--

LOCK TABLES `glpi_devicedrives` WRITE;
/*!40000 ALTER TABLE `glpi_devicedrives` DISABLE KEYS */;
/*!40000 ALTER TABLE `glpi_devicedrives` ENABLE KEYS */;
UNLOCK TABLES;

--
-- Table structure for table `glpi_devicegraphiccards`
--

DROP TABLE IF EXISTS `glpi_devicegraphiccards`;
/*!40101 SET @saved_cs_client     = @@character_set_client */;
/*!40101 SET character_set_client = utf8 */;
CREATE TABLE `glpi_devicegraphiccards` (
  `id` int(11) NOT NULL AUTO_INCREMENT,
  `designation` varchar(255) COLLATE utf8_unicode_ci DEFAULT NULL,
  `interfacetypes_id` int(11) NOT NULL DEFAULT '0',
  `comment` text COLLATE utf8_unicode_ci,
  `manufacturers_id` int(11) NOT NULL DEFAULT '0',
  `memory_default` int(11) NOT NULL DEFAULT '0',
  `entities_id` int(11) NOT NULL DEFAULT '0',
  `is_recursive` tinyint(1) NOT NULL DEFAULT '0',
  `chipset` varchar(255) COLLATE utf8_unicode_ci DEFAULT NULL,
  `date_mod` datetime DEFAULT NULL,
  `date_creation` datetime DEFAULT NULL,
  PRIMARY KEY (`id`),
  KEY `designation` (`designation`),
  KEY `manufacturers_id` (`manufacturers_id`),
  KEY `interfacetypes_id` (`interfacetypes_id`),
  KEY `entities_id` (`entities_id`),
  KEY `is_recursive` (`is_recursive`),
  KEY `chipset` (`chipset`),
  KEY `date_mod` (`date_mod`),
  KEY `date_creation` (`date_creation`)
) ENGINE=MyISAM DEFAULT CHARSET=utf8 COLLATE=utf8_unicode_ci;
/*!40101 SET character_set_client = @saved_cs_client */;

--
-- Dumping data for table `glpi_devicegraphiccards`
--

LOCK TABLES `glpi_devicegraphiccards` WRITE;
/*!40000 ALTER TABLE `glpi_devicegraphiccards` DISABLE KEYS */;
/*!40000 ALTER TABLE `glpi_devicegraphiccards` ENABLE KEYS */;
UNLOCK TABLES;

--
-- Table structure for table `glpi_deviceharddrives`
--

DROP TABLE IF EXISTS `glpi_deviceharddrives`;
/*!40101 SET @saved_cs_client     = @@character_set_client */;
/*!40101 SET character_set_client = utf8 */;
CREATE TABLE `glpi_deviceharddrives` (
  `id` int(11) NOT NULL AUTO_INCREMENT,
  `designation` varchar(255) COLLATE utf8_unicode_ci DEFAULT NULL,
  `rpm` varchar(255) COLLATE utf8_unicode_ci DEFAULT NULL,
  `interfacetypes_id` int(11) NOT NULL DEFAULT '0',
  `cache` varchar(255) COLLATE utf8_unicode_ci DEFAULT NULL,
  `comment` text COLLATE utf8_unicode_ci,
  `manufacturers_id` int(11) NOT NULL DEFAULT '0',
  `capacity_default` int(11) NOT NULL DEFAULT '0',
  `entities_id` int(11) NOT NULL DEFAULT '0',
  `is_recursive` tinyint(1) NOT NULL DEFAULT '0',
  `date_mod` datetime DEFAULT NULL,
  `date_creation` datetime DEFAULT NULL,
  PRIMARY KEY (`id`),
  KEY `designation` (`designation`),
  KEY `manufacturers_id` (`manufacturers_id`),
  KEY `interfacetypes_id` (`interfacetypes_id`),
  KEY `entities_id` (`entities_id`),
  KEY `is_recursive` (`is_recursive`),
  KEY `date_mod` (`date_mod`),
  KEY `date_creation` (`date_creation`)
) ENGINE=MyISAM DEFAULT CHARSET=utf8 COLLATE=utf8_unicode_ci;
/*!40101 SET character_set_client = @saved_cs_client */;

--
-- Dumping data for table `glpi_deviceharddrives`
--

LOCK TABLES `glpi_deviceharddrives` WRITE;
/*!40000 ALTER TABLE `glpi_deviceharddrives` DISABLE KEYS */;
/*!40000 ALTER TABLE `glpi_deviceharddrives` ENABLE KEYS */;
UNLOCK TABLES;

--
-- Table structure for table `glpi_devicememories`
--

DROP TABLE IF EXISTS `glpi_devicememories`;
/*!40101 SET @saved_cs_client     = @@character_set_client */;
/*!40101 SET character_set_client = utf8 */;
CREATE TABLE `glpi_devicememories` (
  `id` int(11) NOT NULL AUTO_INCREMENT,
  `designation` varchar(255) COLLATE utf8_unicode_ci DEFAULT NULL,
  `frequence` varchar(255) COLLATE utf8_unicode_ci DEFAULT NULL,
  `comment` text COLLATE utf8_unicode_ci,
  `manufacturers_id` int(11) NOT NULL DEFAULT '0',
  `size_default` int(11) NOT NULL DEFAULT '0',
  `devicememorytypes_id` int(11) NOT NULL DEFAULT '0',
  `entities_id` int(11) NOT NULL DEFAULT '0',
  `is_recursive` tinyint(1) NOT NULL DEFAULT '0',
  `date_mod` datetime DEFAULT NULL,
  `date_creation` datetime DEFAULT NULL,
  PRIMARY KEY (`id`),
  KEY `designation` (`designation`),
  KEY `manufacturers_id` (`manufacturers_id`),
  KEY `devicememorytypes_id` (`devicememorytypes_id`),
  KEY `entities_id` (`entities_id`),
  KEY `is_recursive` (`is_recursive`),
  KEY `date_mod` (`date_mod`),
  KEY `date_creation` (`date_creation`)
) ENGINE=MyISAM DEFAULT CHARSET=utf8 COLLATE=utf8_unicode_ci;
/*!40101 SET character_set_client = @saved_cs_client */;

--
-- Dumping data for table `glpi_devicememories`
--

LOCK TABLES `glpi_devicememories` WRITE;
/*!40000 ALTER TABLE `glpi_devicememories` DISABLE KEYS */;
/*!40000 ALTER TABLE `glpi_devicememories` ENABLE KEYS */;
UNLOCK TABLES;

--
-- Table structure for table `glpi_devicememorytypes`
--

DROP TABLE IF EXISTS `glpi_devicememorytypes`;
/*!40101 SET @saved_cs_client     = @@character_set_client */;
/*!40101 SET character_set_client = utf8 */;
CREATE TABLE `glpi_devicememorytypes` (
  `id` int(11) NOT NULL AUTO_INCREMENT,
  `name` varchar(255) COLLATE utf8_unicode_ci DEFAULT NULL,
  `comment` text COLLATE utf8_unicode_ci,
  `date_mod` datetime DEFAULT NULL,
  `date_creation` datetime DEFAULT NULL,
  PRIMARY KEY (`id`),
  KEY `name` (`name`),
  KEY `date_mod` (`date_mod`),
  KEY `date_creation` (`date_creation`)
) ENGINE=MyISAM AUTO_INCREMENT=5 DEFAULT CHARSET=utf8 COLLATE=utf8_unicode_ci;
/*!40101 SET character_set_client = @saved_cs_client */;

--
-- Dumping data for table `glpi_devicememorytypes`
--

LOCK TABLES `glpi_devicememorytypes` WRITE;
/*!40000 ALTER TABLE `glpi_devicememorytypes` DISABLE KEYS */;
INSERT INTO `glpi_devicememorytypes` VALUES (1,'EDO',NULL,NULL,NULL),(2,'DDR',NULL,NULL,NULL),(3,'SDRAM',NULL,NULL,NULL),(4,'SDRAM-2',NULL,NULL,NULL);
/*!40000 ALTER TABLE `glpi_devicememorytypes` ENABLE KEYS */;
UNLOCK TABLES;

--
-- Table structure for table `glpi_devicemotherboards`
--

DROP TABLE IF EXISTS `glpi_devicemotherboards`;
/*!40101 SET @saved_cs_client     = @@character_set_client */;
/*!40101 SET character_set_client = utf8 */;
CREATE TABLE `glpi_devicemotherboards` (
  `id` int(11) NOT NULL AUTO_INCREMENT,
  `designation` varchar(255) COLLATE utf8_unicode_ci DEFAULT NULL,
  `chipset` varchar(255) COLLATE utf8_unicode_ci DEFAULT NULL,
  `comment` text COLLATE utf8_unicode_ci,
  `manufacturers_id` int(11) NOT NULL DEFAULT '0',
  `entities_id` int(11) NOT NULL DEFAULT '0',
  `is_recursive` tinyint(1) NOT NULL DEFAULT '0',
  `date_mod` datetime DEFAULT NULL,
  `date_creation` datetime DEFAULT NULL,
  PRIMARY KEY (`id`),
  KEY `designation` (`designation`),
  KEY `manufacturers_id` (`manufacturers_id`),
  KEY `entities_id` (`entities_id`),
  KEY `is_recursive` (`is_recursive`),
  KEY `date_mod` (`date_mod`),
  KEY `date_creation` (`date_creation`)
) ENGINE=MyISAM DEFAULT CHARSET=utf8 COLLATE=utf8_unicode_ci;
/*!40101 SET character_set_client = @saved_cs_client */;

--
-- Dumping data for table `glpi_devicemotherboards`
--

LOCK TABLES `glpi_devicemotherboards` WRITE;
/*!40000 ALTER TABLE `glpi_devicemotherboards` DISABLE KEYS */;
/*!40000 ALTER TABLE `glpi_devicemotherboards` ENABLE KEYS */;
UNLOCK TABLES;

--
-- Table structure for table `glpi_devicenetworkcards`
--

DROP TABLE IF EXISTS `glpi_devicenetworkcards`;
/*!40101 SET @saved_cs_client     = @@character_set_client */;
/*!40101 SET character_set_client = utf8 */;
CREATE TABLE `glpi_devicenetworkcards` (
  `id` int(11) NOT NULL AUTO_INCREMENT,
  `designation` varchar(255) COLLATE utf8_unicode_ci DEFAULT NULL,
  `bandwidth` varchar(255) COLLATE utf8_unicode_ci DEFAULT NULL,
  `comment` text COLLATE utf8_unicode_ci,
  `manufacturers_id` int(11) NOT NULL DEFAULT '0',
  `mac_default` varchar(255) COLLATE utf8_unicode_ci DEFAULT NULL,
  `entities_id` int(11) NOT NULL DEFAULT '0',
  `is_recursive` tinyint(1) NOT NULL DEFAULT '0',
  `date_mod` datetime DEFAULT NULL,
  `date_creation` datetime DEFAULT NULL,
  PRIMARY KEY (`id`),
  KEY `designation` (`designation`),
  KEY `manufacturers_id` (`manufacturers_id`),
  KEY `entities_id` (`entities_id`),
  KEY `is_recursive` (`is_recursive`),
  KEY `date_mod` (`date_mod`),
  KEY `date_creation` (`date_creation`)
) ENGINE=MyISAM DEFAULT CHARSET=utf8 COLLATE=utf8_unicode_ci;
/*!40101 SET character_set_client = @saved_cs_client */;

--
-- Dumping data for table `glpi_devicenetworkcards`
--

LOCK TABLES `glpi_devicenetworkcards` WRITE;
/*!40000 ALTER TABLE `glpi_devicenetworkcards` DISABLE KEYS */;
/*!40000 ALTER TABLE `glpi_devicenetworkcards` ENABLE KEYS */;
UNLOCK TABLES;

--
-- Table structure for table `glpi_devicepcis`
--

DROP TABLE IF EXISTS `glpi_devicepcis`;
/*!40101 SET @saved_cs_client     = @@character_set_client */;
/*!40101 SET character_set_client = utf8 */;
CREATE TABLE `glpi_devicepcis` (
  `id` int(11) NOT NULL AUTO_INCREMENT,
  `designation` varchar(255) COLLATE utf8_unicode_ci DEFAULT NULL,
  `comment` text COLLATE utf8_unicode_ci,
  `manufacturers_id` int(11) NOT NULL DEFAULT '0',
  `entities_id` int(11) NOT NULL DEFAULT '0',
  `is_recursive` tinyint(1) NOT NULL DEFAULT '0',
  `date_mod` datetime DEFAULT NULL,
  `date_creation` datetime DEFAULT NULL,
  PRIMARY KEY (`id`),
  KEY `designation` (`designation`),
  KEY `manufacturers_id` (`manufacturers_id`),
  KEY `entities_id` (`entities_id`),
  KEY `is_recursive` (`is_recursive`),
  KEY `date_mod` (`date_mod`),
  KEY `date_creation` (`date_creation`)
) ENGINE=MyISAM DEFAULT CHARSET=utf8 COLLATE=utf8_unicode_ci;
/*!40101 SET character_set_client = @saved_cs_client */;

--
-- Dumping data for table `glpi_devicepcis`
--

LOCK TABLES `glpi_devicepcis` WRITE;
/*!40000 ALTER TABLE `glpi_devicepcis` DISABLE KEYS */;
/*!40000 ALTER TABLE `glpi_devicepcis` ENABLE KEYS */;
UNLOCK TABLES;

--
-- Table structure for table `glpi_devicepowersupplies`
--

DROP TABLE IF EXISTS `glpi_devicepowersupplies`;
/*!40101 SET @saved_cs_client     = @@character_set_client */;
/*!40101 SET character_set_client = utf8 */;
CREATE TABLE `glpi_devicepowersupplies` (
  `id` int(11) NOT NULL AUTO_INCREMENT,
  `designation` varchar(255) COLLATE utf8_unicode_ci DEFAULT NULL,
  `power` varchar(255) COLLATE utf8_unicode_ci DEFAULT NULL,
  `is_atx` tinyint(1) NOT NULL DEFAULT '1',
  `comment` text COLLATE utf8_unicode_ci,
  `manufacturers_id` int(11) NOT NULL DEFAULT '0',
  `entities_id` int(11) NOT NULL DEFAULT '0',
  `is_recursive` tinyint(1) NOT NULL DEFAULT '0',
  `date_mod` datetime DEFAULT NULL,
  `date_creation` datetime DEFAULT NULL,
  PRIMARY KEY (`id`),
  KEY `designation` (`designation`),
  KEY `manufacturers_id` (`manufacturers_id`),
  KEY `entities_id` (`entities_id`),
  KEY `is_recursive` (`is_recursive`),
  KEY `date_mod` (`date_mod`),
  KEY `date_creation` (`date_creation`)
) ENGINE=MyISAM DEFAULT CHARSET=utf8 COLLATE=utf8_unicode_ci;
/*!40101 SET character_set_client = @saved_cs_client */;

--
-- Dumping data for table `glpi_devicepowersupplies`
--

LOCK TABLES `glpi_devicepowersupplies` WRITE;
/*!40000 ALTER TABLE `glpi_devicepowersupplies` DISABLE KEYS */;
/*!40000 ALTER TABLE `glpi_devicepowersupplies` ENABLE KEYS */;
UNLOCK TABLES;

--
-- Table structure for table `glpi_deviceprocessors`
--

DROP TABLE IF EXISTS `glpi_deviceprocessors`;
/*!40101 SET @saved_cs_client     = @@character_set_client */;
/*!40101 SET character_set_client = utf8 */;
CREATE TABLE `glpi_deviceprocessors` (
  `id` int(11) NOT NULL AUTO_INCREMENT,
  `designation` varchar(255) COLLATE utf8_unicode_ci DEFAULT NULL,
  `frequence` int(11) NOT NULL DEFAULT '0',
  `comment` text COLLATE utf8_unicode_ci,
  `manufacturers_id` int(11) NOT NULL DEFAULT '0',
  `frequency_default` int(11) NOT NULL DEFAULT '0',
  `nbcores_default` int(11) DEFAULT NULL,
  `nbthreads_default` int(11) DEFAULT NULL,
  `entities_id` int(11) NOT NULL DEFAULT '0',
  `is_recursive` tinyint(1) NOT NULL DEFAULT '0',
  `date_mod` datetime DEFAULT NULL,
  `date_creation` datetime DEFAULT NULL,
  PRIMARY KEY (`id`),
  KEY `designation` (`designation`),
  KEY `manufacturers_id` (`manufacturers_id`),
  KEY `entities_id` (`entities_id`),
  KEY `is_recursive` (`is_recursive`),
  KEY `date_mod` (`date_mod`),
  KEY `date_creation` (`date_creation`)
) ENGINE=MyISAM DEFAULT CHARSET=utf8 COLLATE=utf8_unicode_ci;
/*!40101 SET character_set_client = @saved_cs_client */;

--
-- Dumping data for table `glpi_deviceprocessors`
--

LOCK TABLES `glpi_deviceprocessors` WRITE;
/*!40000 ALTER TABLE `glpi_deviceprocessors` DISABLE KEYS */;
/*!40000 ALTER TABLE `glpi_deviceprocessors` ENABLE KEYS */;
UNLOCK TABLES;

--
-- Table structure for table `glpi_devicesoundcards`
--

DROP TABLE IF EXISTS `glpi_devicesoundcards`;
/*!40101 SET @saved_cs_client     = @@character_set_client */;
/*!40101 SET character_set_client = utf8 */;
CREATE TABLE `glpi_devicesoundcards` (
  `id` int(11) NOT NULL AUTO_INCREMENT,
  `designation` varchar(255) COLLATE utf8_unicode_ci DEFAULT NULL,
  `type` varchar(255) COLLATE utf8_unicode_ci DEFAULT NULL,
  `comment` text COLLATE utf8_unicode_ci,
  `manufacturers_id` int(11) NOT NULL DEFAULT '0',
  `entities_id` int(11) NOT NULL DEFAULT '0',
  `is_recursive` tinyint(1) NOT NULL DEFAULT '0',
  `date_mod` datetime DEFAULT NULL,
  `date_creation` datetime DEFAULT NULL,
  PRIMARY KEY (`id`),
  KEY `designation` (`designation`),
  KEY `manufacturers_id` (`manufacturers_id`),
  KEY `entities_id` (`entities_id`),
  KEY `is_recursive` (`is_recursive`),
  KEY `date_mod` (`date_mod`),
  KEY `date_creation` (`date_creation`)
) ENGINE=MyISAM DEFAULT CHARSET=utf8 COLLATE=utf8_unicode_ci;
/*!40101 SET character_set_client = @saved_cs_client */;

--
-- Dumping data for table `glpi_devicesoundcards`
--

LOCK TABLES `glpi_devicesoundcards` WRITE;
/*!40000 ALTER TABLE `glpi_devicesoundcards` DISABLE KEYS */;
/*!40000 ALTER TABLE `glpi_devicesoundcards` ENABLE KEYS */;
UNLOCK TABLES;

--
-- Table structure for table `glpi_displaypreferences`
--

DROP TABLE IF EXISTS `glpi_displaypreferences`;
/*!40101 SET @saved_cs_client     = @@character_set_client */;
/*!40101 SET character_set_client = utf8 */;
CREATE TABLE `glpi_displaypreferences` (
  `id` int(11) NOT NULL AUTO_INCREMENT,
  `itemtype` varchar(100) COLLATE utf8_unicode_ci NOT NULL,
  `num` int(11) NOT NULL DEFAULT '0',
  `rank` int(11) NOT NULL DEFAULT '0',
  `users_id` int(11) NOT NULL DEFAULT '0',
  PRIMARY KEY (`id`),
  UNIQUE KEY `unicity` (`users_id`,`itemtype`,`num`),
  KEY `rank` (`rank`),
  KEY `num` (`num`),
  KEY `itemtype` (`itemtype`)
) ENGINE=MyISAM AUTO_INCREMENT=260 DEFAULT CHARSET=utf8 COLLATE=utf8_unicode_ci;
/*!40101 SET character_set_client = @saved_cs_client */;

--
-- Dumping data for table `glpi_displaypreferences`
--

LOCK TABLES `glpi_displaypreferences` WRITE;
/*!40000 ALTER TABLE `glpi_displaypreferences` DISABLE KEYS */;
INSERT INTO `glpi_displaypreferences` VALUES (32,'Computer',4,4,0),(34,'Computer',45,6,0),(33,'Computer',40,5,0),(31,'Computer',5,3,0),(30,'Computer',23,2,0),(86,'DocumentType',3,1,0),(49,'Monitor',31,1,0),(50,'Monitor',23,2,0),(51,'Monitor',3,3,0),(52,'Monitor',4,4,0),(44,'Printer',31,1,0),(38,'NetworkEquipment',31,1,0),(39,'NetworkEquipment',23,2,0),(45,'Printer',23,2,0),(46,'Printer',3,3,0),(63,'Software',4,3,0),(62,'Software',5,2,0),(61,'Software',23,1,0),(83,'CartridgeItem',4,2,0),(82,'CartridgeItem',34,1,0),(57,'Peripheral',3,3,0),(56,'Peripheral',23,2,0),(55,'Peripheral',31,1,0),(29,'Computer',31,1,0),(35,'Computer',3,7,0),(36,'Computer',19,8,0),(37,'Computer',17,9,0),(40,'NetworkEquipment',3,3,0),(41,'NetworkEquipment',4,4,0),(42,'NetworkEquipment',11,6,0),(43,'NetworkEquipment',19,7,0),(47,'Printer',4,4,0),(48,'Printer',19,6,0),(53,'Monitor',19,6,0),(54,'Monitor',7,7,0),(58,'Peripheral',4,4,0),(59,'Peripheral',19,6,0),(60,'Peripheral',7,7,0),(64,'Contact',3,1,0),(65,'Contact',4,2,0),(66,'Contact',5,3,0),(67,'Contact',6,4,0),(68,'Contact',9,5,0),(69,'Supplier',9,1,0),(70,'Supplier',3,2,0),(71,'Supplier',4,3,0),(72,'Supplier',5,4,0),(73,'Supplier',10,5,0),(74,'Supplier',6,6,0),(75,'Contract',4,1,0),(76,'Contract',3,2,0),(77,'Contract',5,3,0),(78,'Contract',6,4,0),(79,'Contract',7,5,0),(80,'Contract',11,6,0),(84,'CartridgeItem',23,3,0),(85,'CartridgeItem',3,4,0),(88,'DocumentType',6,2,0),(89,'DocumentType',4,3,0),(90,'DocumentType',5,4,0),(91,'Document',3,1,0),(92,'Document',4,2,0),(93,'Document',7,3,0),(94,'Document',5,4,0),(95,'Document',16,5,0),(96,'User',34,1,0),(98,'User',5,3,0),(99,'User',6,4,0),(100,'User',3,5,0),(101,'ConsumableItem',34,1,0),(102,'ConsumableItem',4,2,0),(103,'ConsumableItem',23,3,0),(104,'ConsumableItem',3,4,0),(105,'NetworkEquipment',40,5,0),(106,'Printer',40,5,0),(107,'Monitor',40,5,0),(108,'Peripheral',40,5,0),(109,'User',8,6,0),(110,'Phone',31,1,0),(111,'Phone',23,2,0),(112,'Phone',3,3,0),(113,'Phone',4,4,0),(114,'Phone',40,5,0),(115,'Phone',19,6,0),(116,'Phone',7,7,0),(117,'Group',16,1,0),(118,'AllAssets',31,1,0),(119,'ReservationItem',4,1,0),(120,'ReservationItem',3,2,0),(125,'Budget',3,2,0),(122,'Software',72,4,0),(123,'Software',163,5,0),(124,'Budget',5,1,0),(126,'Budget',4,3,0),(127,'Budget',19,4,0),(128,'Crontask',8,1,0),(129,'Crontask',3,2,0),(130,'Crontask',4,3,0),(131,'Crontask',7,4,0),(132,'RequestType',14,1,0),(133,'RequestType',15,2,0),(134,'NotificationTemplate',4,1,0),(135,'NotificationTemplate',16,2,0),(136,'Notification',5,1,0),(137,'Notification',6,2,0),(138,'Notification',2,3,0),(139,'Notification',4,4,0),(140,'Notification',80,5,0),(141,'Notification',86,6,0),(142,'MailCollector',2,1,0),(143,'MailCollector',19,2,0),(144,'AuthLDAP',3,1,0),(145,'AuthLDAP',19,2,0),(146,'AuthMail',3,1,0),(147,'AuthMail',19,2,0),(210,'IPNetwork',14,1,0),(209,'WifiNetwork',10,1,0),(150,'Profile',2,1,0),(151,'Profile',3,2,0),(152,'Profile',19,3,0),(153,'Transfer',19,1,0),(154,'TicketValidation',3,1,0),(155,'TicketValidation',2,2,0),(156,'TicketValidation',8,3,0),(157,'TicketValidation',4,4,0),(158,'TicketValidation',9,5,0),(159,'TicketValidation',7,6,0),(160,'NotImportedEmail',2,1,0),(161,'NotImportedEmail',5,2,0),(162,'NotImportedEmail',4,3,0),(163,'NotImportedEmail',6,4,0),(164,'NotImportedEmail',16,5,0),(165,'NotImportedEmail',19,6,0),(166,'RuleRightParameter',11,1,0),(167,'Ticket',12,1,0),(168,'Ticket',19,2,0),(169,'Ticket',15,3,0),(170,'Ticket',3,4,0),(171,'Ticket',4,5,0),(172,'Ticket',5,6,0),(173,'Ticket',7,7,0),(174,'Calendar',19,1,0),(175,'Holiday',11,1,0),(176,'Holiday',12,2,0),(177,'Holiday',13,3,0),(178,'SLA',4,1,0),(179,'Ticket',18,8,0),(180,'AuthLdap',30,3,0),(181,'AuthMail',6,3,0),(208,'FQDN',11,1,0),(183,'FieldUnicity',1,1,0),(184,'FieldUnicity',80,2,0),(185,'FieldUnicity',4,3,0),(186,'FieldUnicity',3,4,0),(187,'FieldUnicity',86,5,0),(188,'FieldUnicity',30,6,0),(189,'Problem',21,1,0),(190,'Problem',12,2,0),(191,'Problem',19,3,0),(192,'Problem',15,4,0),(193,'Problem',3,5,0),(194,'Problem',7,6,0),(195,'Problem',18,7,0),(196,'Vlan',11,1,0),(197,'TicketRecurrent',11,1,0),(198,'TicketRecurrent',12,2,0),(199,'TicketRecurrent',13,3,0),(200,'TicketRecurrent',15,4,0),(201,'TicketRecurrent',14,5,0),(202,'Reminder',2,1,0),(203,'Reminder',3,2,0),(204,'Reminder',4,3,0),(205,'Reminder',5,4,0),(206,'Reminder',6,5,0),(207,'Reminder',7,6,0),(211,'IPNetwork',10,2,0),(212,'IPNetwork',11,3,0),(213,'IPNetwork',12,4,0),(214,'IPNetwork',13,5,0),(215,'NetworkName',12,1,0),(216,'NetworkName',13,2,0),(217,'RSSFeed',2,1,0),(218,'RSSFeed',4,2,0),(219,'RSSFeed',5,3,0),(220,'RSSFeed',19,4,0),(221,'RSSFeed',6,5,0),(222,'RSSFeed',7,6,0),(223,'Blacklist',12,1,0),(224,'Blacklist',11,2,0),(225,'ReservationItem',5,3,0),(226,'QueueMail',16,1,0),(227,'QueueMail',7,2,0),(228,'QueueMail',20,3,0),(229,'QueueMail',21,4,0),(230,'QueueMail',22,5,0),(231,'QueueMail',15,6,0),(232,'Change',12,1,0),(233,'Change',19,2,0),(234,'Change',15,3,0),(235,'Change',7,4,0),(236,'Change',18,5,0),(237,'Project',3,1,0),(238,'Project',4,2,0),(239,'Project',12,3,0),(240,'Project',5,4,0),(241,'Project',15,5,0),(242,'Project',21,6,0),(243,'ProjectState',12,1,0),(244,'ProjectState',11,2,0),(245,'ProjectTask',2,1,0),(246,'ProjectTask',12,2,0),(247,'ProjectTask',14,3,0),(248,'ProjectTask',5,4,0),(249,'ProjectTask',7,5,0),(250,'ProjectTask',8,6,0),(251,'ProjectTask',13,7,0),(252,'CartridgeItem',9,5,0),(253,'ConsumableItem',9,5,0),(254,'ReservationItem',9,4,0),(255,'SoftwareLicense',1,1,0),(256,'SoftwareLicense',3,2,0),(257,'SoftwareLicense',10,3,0),(258,'SoftwareLicense',162,4,0),(259,'SoftwareLicense',5,5,0);
/*!40000 ALTER TABLE `glpi_displaypreferences` ENABLE KEYS */;
UNLOCK TABLES;

--
-- Table structure for table `glpi_documentcategories`
--

DROP TABLE IF EXISTS `glpi_documentcategories`;
/*!40101 SET @saved_cs_client     = @@character_set_client */;
/*!40101 SET character_set_client = utf8 */;
CREATE TABLE `glpi_documentcategories` (
  `id` int(11) NOT NULL AUTO_INCREMENT,
  `name` varchar(255) COLLATE utf8_unicode_ci DEFAULT NULL,
  `comment` text COLLATE utf8_unicode_ci,
  `documentcategories_id` int(11) NOT NULL DEFAULT '0',
  `completename` text COLLATE utf8_unicode_ci,
  `level` int(11) NOT NULL DEFAULT '0',
  `ancestors_cache` longtext COLLATE utf8_unicode_ci,
  `sons_cache` longtext COLLATE utf8_unicode_ci,
  `date_mod` datetime DEFAULT NULL,
  `date_creation` datetime DEFAULT NULL,
  PRIMARY KEY (`id`),
  KEY `name` (`name`),
  KEY `unicity` (`documentcategories_id`,`name`),
  KEY `date_mod` (`date_mod`),
  KEY `date_creation` (`date_creation`)
) ENGINE=MyISAM DEFAULT CHARSET=utf8 COLLATE=utf8_unicode_ci;
/*!40101 SET character_set_client = @saved_cs_client */;

--
-- Dumping data for table `glpi_documentcategories`
--

LOCK TABLES `glpi_documentcategories` WRITE;
/*!40000 ALTER TABLE `glpi_documentcategories` DISABLE KEYS */;
/*!40000 ALTER TABLE `glpi_documentcategories` ENABLE KEYS */;
UNLOCK TABLES;

--
-- Table structure for table `glpi_documents`
--

DROP TABLE IF EXISTS `glpi_documents`;
/*!40101 SET @saved_cs_client     = @@character_set_client */;
/*!40101 SET character_set_client = utf8 */;
CREATE TABLE `glpi_documents` (
  `id` int(11) NOT NULL AUTO_INCREMENT,
  `entities_id` int(11) NOT NULL DEFAULT '0',
  `is_recursive` tinyint(1) NOT NULL DEFAULT '0',
  `name` varchar(255) COLLATE utf8_unicode_ci DEFAULT NULL,
  `filename` varchar(255) COLLATE utf8_unicode_ci DEFAULT NULL COMMENT 'for display and transfert',
  `filepath` varchar(255) COLLATE utf8_unicode_ci DEFAULT NULL COMMENT 'file storage path',
  `documentcategories_id` int(11) NOT NULL DEFAULT '0',
  `mime` varchar(255) COLLATE utf8_unicode_ci DEFAULT NULL,
  `date_mod` datetime DEFAULT NULL,
  `comment` text COLLATE utf8_unicode_ci,
  `is_deleted` tinyint(1) NOT NULL DEFAULT '0',
  `link` varchar(255) COLLATE utf8_unicode_ci DEFAULT NULL,
  `users_id` int(11) NOT NULL DEFAULT '0',
  `tickets_id` int(11) NOT NULL DEFAULT '0',
  `sha1sum` char(40) COLLATE utf8_unicode_ci DEFAULT NULL,
  `is_blacklisted` tinyint(1) NOT NULL DEFAULT '0',
  `tag` varchar(255) COLLATE utf8_unicode_ci DEFAULT NULL,
  `date_creation` datetime DEFAULT NULL,
  PRIMARY KEY (`id`),
  KEY `date_mod` (`date_mod`),
  KEY `name` (`name`),
  KEY `entities_id` (`entities_id`),
  KEY `tickets_id` (`tickets_id`),
  KEY `users_id` (`users_id`),
  KEY `documentcategories_id` (`documentcategories_id`),
  KEY `is_deleted` (`is_deleted`),
  KEY `sha1sum` (`sha1sum`),
  KEY `tag` (`tag`),
  KEY `date_creation` (`date_creation`)
) ENGINE=MyISAM DEFAULT CHARSET=utf8 COLLATE=utf8_unicode_ci;
/*!40101 SET character_set_client = @saved_cs_client */;

--
-- Dumping data for table `glpi_documents`
--

LOCK TABLES `glpi_documents` WRITE;
/*!40000 ALTER TABLE `glpi_documents` DISABLE KEYS */;
/*!40000 ALTER TABLE `glpi_documents` ENABLE KEYS */;
UNLOCK TABLES;

--
-- Table structure for table `glpi_documents_items`
--

DROP TABLE IF EXISTS `glpi_documents_items`;
/*!40101 SET @saved_cs_client     = @@character_set_client */;
/*!40101 SET character_set_client = utf8 */;
CREATE TABLE `glpi_documents_items` (
  `id` int(11) NOT NULL AUTO_INCREMENT,
  `documents_id` int(11) NOT NULL DEFAULT '0',
  `items_id` int(11) NOT NULL DEFAULT '0',
  `itemtype` varchar(100) COLLATE utf8_unicode_ci NOT NULL,
  `entities_id` int(11) NOT NULL DEFAULT '0',
  `is_recursive` tinyint(1) NOT NULL DEFAULT '0',
  `date_mod` datetime DEFAULT NULL,
  PRIMARY KEY (`id`),
  UNIQUE KEY `unicity` (`documents_id`,`itemtype`,`items_id`),
  KEY `item` (`itemtype`,`items_id`,`entities_id`,`is_recursive`)
) ENGINE=MyISAM DEFAULT CHARSET=utf8 COLLATE=utf8_unicode_ci;
/*!40101 SET character_set_client = @saved_cs_client */;

--
-- Dumping data for table `glpi_documents_items`
--

LOCK TABLES `glpi_documents_items` WRITE;
/*!40000 ALTER TABLE `glpi_documents_items` DISABLE KEYS */;
/*!40000 ALTER TABLE `glpi_documents_items` ENABLE KEYS */;
UNLOCK TABLES;

--
-- Table structure for table `glpi_documenttypes`
--

DROP TABLE IF EXISTS `glpi_documenttypes`;
/*!40101 SET @saved_cs_client     = @@character_set_client */;
/*!40101 SET character_set_client = utf8 */;
CREATE TABLE `glpi_documenttypes` (
  `id` int(11) NOT NULL AUTO_INCREMENT,
  `name` varchar(255) COLLATE utf8_unicode_ci DEFAULT NULL,
  `ext` varchar(255) COLLATE utf8_unicode_ci DEFAULT NULL,
  `icon` varchar(255) COLLATE utf8_unicode_ci DEFAULT NULL,
  `mime` varchar(255) COLLATE utf8_unicode_ci DEFAULT NULL,
  `is_uploadable` tinyint(1) NOT NULL DEFAULT '1',
  `date_mod` datetime DEFAULT NULL,
  `comment` text COLLATE utf8_unicode_ci,
  `date_creation` datetime DEFAULT NULL,
  PRIMARY KEY (`id`),
  UNIQUE KEY `unicity` (`ext`),
  KEY `name` (`name`),
  KEY `is_uploadable` (`is_uploadable`),
  KEY `date_mod` (`date_mod`),
  KEY `date_creation` (`date_creation`)
) ENGINE=MyISAM AUTO_INCREMENT=73 DEFAULT CHARSET=utf8 COLLATE=utf8_unicode_ci;
/*!40101 SET character_set_client = @saved_cs_client */;

--
-- Dumping data for table `glpi_documenttypes`
--

LOCK TABLES `glpi_documenttypes` WRITE;
/*!40000 ALTER TABLE `glpi_documenttypes` DISABLE KEYS */;
INSERT INTO `glpi_documenttypes` VALUES (1,'JPEG','jpg','jpg-dist.png','',1,'2004-12-13 19:47:21',NULL,NULL),(2,'PNG','png','png-dist.png','',1,'2004-12-13 19:47:21',NULL,NULL),(3,'GIF','gif','gif-dist.png','',1,'2004-12-13 19:47:21',NULL,NULL),(4,'BMP','bmp','bmp-dist.png','',1,'2004-12-13 19:47:21',NULL,NULL),(5,'Photoshop','psd','psd-dist.png','',1,'2004-12-13 19:47:21',NULL,NULL),(6,'TIFF','tif','tif-dist.png','',1,'2004-12-13 19:47:21',NULL,NULL),(7,'AIFF','aiff','aiff-dist.png','',1,'2004-12-13 19:47:21',NULL,NULL),(8,'Windows Media','asf','asf-dist.png','',1,'2004-12-13 19:47:21',NULL,NULL),(9,'Windows Media','avi','avi-dist.png','',1,'2004-12-13 19:47:21',NULL,NULL),(44,'C source','c','c-dist.png','',1,'2011-12-06 09:48:34',NULL,NULL),(27,'RealAudio','rm','rm-dist.png','',1,'2004-12-13 19:47:21',NULL,NULL),(16,'Midi','mid','mid-dist.png','',1,'2004-12-13 19:47:21',NULL,NULL),(17,'QuickTime','mov','mov-dist.png','',1,'2004-12-13 19:47:21',NULL,NULL),(18,'MP3','mp3','mp3-dist.png','',1,'2004-12-13 19:47:21',NULL,NULL),(19,'MPEG','mpg','mpg-dist.png','',1,'2004-12-13 19:47:21',NULL,NULL),(20,'Ogg Vorbis','ogg','ogg-dist.png','',1,'2004-12-13 19:47:21',NULL,NULL),(24,'QuickTime','qt','qt-dist.png','',1,'2004-12-13 19:47:21',NULL,NULL),(10,'BZip','bz2','bz2-dist.png','',1,'2004-12-13 19:47:21',NULL,NULL),(25,'RealAudio','ra','ra-dist.png','',1,'2004-12-13 19:47:21',NULL,NULL),(26,'RealAudio','ram','ram-dist.png','',1,'2004-12-13 19:47:21',NULL,NULL),(11,'Word','doc','doc-dist.png','',1,'2004-12-13 19:47:21',NULL,NULL),(12,'DjVu','djvu','','',1,'2004-12-13 19:47:21',NULL,NULL),(42,'MNG','mng','','',1,'2004-12-13 19:47:22',NULL,NULL),(13,'PostScript','eps','ps-dist.png','',1,'2004-12-13 19:47:21',NULL,NULL),(14,'GZ','gz','gz-dist.png','',1,'2004-12-13 19:47:21',NULL,NULL),(37,'WAV','wav','wav-dist.png','',1,'2004-12-13 19:47:22',NULL,NULL),(15,'HTML','html','html-dist.png','',1,'2004-12-13 19:47:21',NULL,NULL),(34,'Flash','swf','swf-dist.png','',1,'2011-12-06 09:48:34',NULL,NULL),(21,'PDF','pdf','pdf-dist.png','',1,'2004-12-13 19:47:21',NULL,NULL),(22,'PowerPoint','ppt','ppt-dist.png','',1,'2004-12-13 19:47:21',NULL,NULL),(23,'PostScript','ps','ps-dist.png','',1,'2004-12-13 19:47:21',NULL,NULL),(40,'Windows Media','wmv','wmv-dist.png','',1,'2011-12-06 09:48:34',NULL,NULL),(28,'RTF','rtf','rtf-dist.png','',1,'2004-12-13 19:47:21',NULL,NULL),(29,'StarOffice','sdd','sdd-dist.png','',1,'2004-12-13 19:47:22',NULL,NULL),(30,'StarOffice','sdw','sdw-dist.png','',1,'2004-12-13 19:47:22',NULL,NULL),(31,'Stuffit','sit','sit-dist.png','',1,'2004-12-13 19:47:22',NULL,NULL),(43,'Adobe Illustrator','ai','ai-dist.png','',1,'2004-12-13 19:47:22',NULL,NULL),(32,'OpenOffice Impress','sxi','sxi-dist.png','',1,'2004-12-13 19:47:22',NULL,NULL),(33,'OpenOffice','sxw','sxw-dist.png','',1,'2004-12-13 19:47:22',NULL,NULL),(46,'DVI','dvi','dvi-dist.png','',1,'2004-12-13 19:47:22',NULL,NULL),(35,'TGZ','tgz','tgz-dist.png','',1,'2004-12-13 19:47:22',NULL,NULL),(36,'texte','txt','txt-dist.png','',1,'2004-12-13 19:47:22',NULL,NULL),(49,'RedHat/Mandrake/SuSE','rpm','rpm-dist.png','',1,'2004-12-13 19:47:22',NULL,NULL),(38,'Excel','xls','xls-dist.png','',1,'2004-12-13 19:47:22',NULL,NULL),(39,'XML','xml','xml-dist.png','',1,'2004-12-13 19:47:22',NULL,NULL),(41,'Zip','zip','zip-dist.png','',1,'2011-12-06 09:48:34',NULL,NULL),(45,'Debian','deb','deb-dist.png','',1,'2004-12-13 19:47:22',NULL,NULL),(47,'C header','h','h-dist.png','',1,'2011-12-06 09:48:34',NULL,NULL),(48,'Pascal','pas','pas-dist.png','',1,'2011-12-06 09:48:34',NULL,NULL),(50,'OpenOffice Calc','sxc','sxc-dist.png','',1,'2004-12-13 19:47:22',NULL,NULL),(51,'LaTeX','tex','tex-dist.png','',1,'2004-12-13 19:47:22',NULL,NULL),(52,'GIMP multi-layer','xcf','xcf-dist.png','',1,'2004-12-13 19:47:22',NULL,NULL),(53,'JPEG','jpeg','jpg-dist.png','',1,'2005-03-07 22:23:17',NULL,NULL),(54,'Oasis Open Office Writer','odt','odt-dist.png','',1,'2006-01-21 17:41:13',NULL,NULL),(55,'Oasis Open Office Calc','ods','ods-dist.png','',1,'2006-01-21 17:41:31',NULL,NULL),(56,'Oasis Open Office Impress','odp','odp-dist.png','',1,'2006-01-21 17:42:54',NULL,NULL),(57,'Oasis Open Office Impress Template','otp','odp-dist.png','',1,'2006-01-21 17:43:58',NULL,NULL),(58,'Oasis Open Office Writer Template','ott','odt-dist.png','',1,'2006-01-21 17:44:41',NULL,NULL),(59,'Oasis Open Office Calc Template','ots','ods-dist.png','',1,'2006-01-21 17:45:30',NULL,NULL),(60,'Oasis Open Office Math','odf','odf-dist.png','',1,'2006-01-21 17:48:05',NULL,NULL),(61,'Oasis Open Office Draw','odg','odg-dist.png','',1,'2006-01-21 17:48:31',NULL,NULL),(62,'Oasis Open Office Draw Template','otg','odg-dist.png','',1,'2006-01-21 17:49:46',NULL,NULL),(63,'Oasis Open Office Base','odb','odb-dist.png','',1,'2006-01-21 18:03:34',NULL,NULL),(64,'Oasis Open Office HTML','oth','oth-dist.png','',1,'2006-01-21 18:05:27',NULL,NULL),(65,'Oasis Open Office Writer Master','odm','odm-dist.png','',1,'2006-01-21 18:06:34',NULL,NULL),(66,'Oasis Open Office Chart','odc','','',1,'2006-01-21 18:07:48',NULL,NULL),(67,'Oasis Open Office Image','odi','','',1,'2006-01-21 18:08:18',NULL,NULL),(68,'Word XML','docx','doc-dist.png',NULL,1,'2011-01-18 11:40:42',NULL,NULL),(69,'Excel XML','xlsx','xls-dist.png',NULL,1,'2011-01-18 11:40:42',NULL,NULL),(70,'PowerPoint XML','pptx','ppt-dist.png',NULL,1,'2011-01-18 11:40:42',NULL,NULL),(71,'Comma-Separated Values','csv','csv-dist.png',NULL,1,'2011-12-06 09:48:34',NULL,NULL),(72,'Scalable Vector Graphics','svg','svg-dist.png',NULL,1,'2011-12-06 09:48:34',NULL,NULL);
/*!40000 ALTER TABLE `glpi_documenttypes` ENABLE KEYS */;
UNLOCK TABLES;

--
-- Table structure for table `glpi_domains`
--

DROP TABLE IF EXISTS `glpi_domains`;
/*!40101 SET @saved_cs_client     = @@character_set_client */;
/*!40101 SET character_set_client = utf8 */;
CREATE TABLE `glpi_domains` (
  `id` int(11) NOT NULL AUTO_INCREMENT,
  `name` varchar(255) COLLATE utf8_unicode_ci DEFAULT NULL,
  `entities_id` int(11) NOT NULL DEFAULT '0',
  `is_recursive` tinyint(1) NOT NULL DEFAULT '0',
  `comment` text COLLATE utf8_unicode_ci,
  `date_mod` datetime DEFAULT NULL,
  `date_creation` datetime DEFAULT NULL,
  PRIMARY KEY (`id`),
  KEY `name` (`name`),
  KEY `date_mod` (`date_mod`),
  KEY `date_creation` (`date_creation`)
) ENGINE=MyISAM DEFAULT CHARSET=utf8 COLLATE=utf8_unicode_ci;
/*!40101 SET character_set_client = @saved_cs_client */;

--
-- Dumping data for table `glpi_domains`
--

LOCK TABLES `glpi_domains` WRITE;
/*!40000 ALTER TABLE `glpi_domains` DISABLE KEYS */;
/*!40000 ALTER TABLE `glpi_domains` ENABLE KEYS */;
UNLOCK TABLES;

--
-- Table structure for table `glpi_dropdowntranslations`
--

DROP TABLE IF EXISTS `glpi_dropdowntranslations`;
/*!40101 SET @saved_cs_client     = @@character_set_client */;
/*!40101 SET character_set_client = utf8 */;
CREATE TABLE `glpi_dropdowntranslations` (
  `id` int(11) NOT NULL AUTO_INCREMENT,
  `items_id` int(11) NOT NULL DEFAULT '0',
  `itemtype` varchar(100) COLLATE utf8_unicode_ci DEFAULT NULL,
  `language` varchar(5) COLLATE utf8_unicode_ci DEFAULT NULL,
  `field` varchar(100) COLLATE utf8_unicode_ci DEFAULT NULL,
  `value` text COLLATE utf8_unicode_ci,
  PRIMARY KEY (`id`),
  UNIQUE KEY `unicity` (`itemtype`,`items_id`,`language`,`field`),
  KEY `typeid` (`itemtype`,`items_id`),
  KEY `language` (`language`),
  KEY `field` (`field`)
) ENGINE=MyISAM DEFAULT CHARSET=utf8 COLLATE=utf8_unicode_ci;
/*!40101 SET character_set_client = @saved_cs_client */;

--
-- Dumping data for table `glpi_dropdowntranslations`
--

LOCK TABLES `glpi_dropdowntranslations` WRITE;
/*!40000 ALTER TABLE `glpi_dropdowntranslations` DISABLE KEYS */;
/*!40000 ALTER TABLE `glpi_dropdowntranslations` ENABLE KEYS */;
UNLOCK TABLES;

--
-- Table structure for table `glpi_entities`
--

DROP TABLE IF EXISTS `glpi_entities`;
/*!40101 SET @saved_cs_client     = @@character_set_client */;
/*!40101 SET character_set_client = utf8 */;
CREATE TABLE `glpi_entities` (
  `id` int(11) NOT NULL DEFAULT '0',
  `name` varchar(255) COLLATE utf8_unicode_ci DEFAULT NULL,
  `entities_id` int(11) NOT NULL DEFAULT '0',
  `completename` text COLLATE utf8_unicode_ci,
  `comment` text COLLATE utf8_unicode_ci,
  `level` int(11) NOT NULL DEFAULT '0',
  `sons_cache` longtext COLLATE utf8_unicode_ci,
  `ancestors_cache` longtext COLLATE utf8_unicode_ci,
  `address` text COLLATE utf8_unicode_ci,
  `postcode` varchar(255) COLLATE utf8_unicode_ci DEFAULT NULL,
  `town` varchar(255) COLLATE utf8_unicode_ci DEFAULT NULL,
  `state` varchar(255) COLLATE utf8_unicode_ci DEFAULT NULL,
  `country` varchar(255) COLLATE utf8_unicode_ci DEFAULT NULL,
  `website` varchar(255) COLLATE utf8_unicode_ci DEFAULT NULL,
  `phonenumber` varchar(255) COLLATE utf8_unicode_ci DEFAULT NULL,
  `fax` varchar(255) COLLATE utf8_unicode_ci DEFAULT NULL,
  `email` varchar(255) COLLATE utf8_unicode_ci DEFAULT NULL,
  `admin_email` varchar(255) COLLATE utf8_unicode_ci DEFAULT NULL,
  `admin_email_name` varchar(255) COLLATE utf8_unicode_ci DEFAULT NULL,
  `admin_reply` varchar(255) COLLATE utf8_unicode_ci DEFAULT NULL,
  `admin_reply_name` varchar(255) COLLATE utf8_unicode_ci DEFAULT NULL,
  `notification_subject_tag` varchar(255) COLLATE utf8_unicode_ci DEFAULT NULL,
  `ldap_dn` varchar(255) COLLATE utf8_unicode_ci DEFAULT NULL,
  `tag` varchar(255) COLLATE utf8_unicode_ci DEFAULT NULL,
  `authldaps_id` int(11) NOT NULL DEFAULT '0',
  `mail_domain` varchar(255) COLLATE utf8_unicode_ci DEFAULT NULL,
  `entity_ldapfilter` text COLLATE utf8_unicode_ci,
  `mailing_signature` text COLLATE utf8_unicode_ci,
  `cartridges_alert_repeat` int(11) NOT NULL DEFAULT '-2',
  `consumables_alert_repeat` int(11) NOT NULL DEFAULT '-2',
  `use_licenses_alert` int(11) NOT NULL DEFAULT '-2',
  `send_licenses_alert_before_delay` int(11) NOT NULL DEFAULT '-2',
  `use_contracts_alert` int(11) NOT NULL DEFAULT '-2',
  `send_contracts_alert_before_delay` int(11) NOT NULL DEFAULT '-2',
  `use_infocoms_alert` int(11) NOT NULL DEFAULT '-2',
  `send_infocoms_alert_before_delay` int(11) NOT NULL DEFAULT '-2',
  `use_reservations_alert` int(11) NOT NULL DEFAULT '-2',
  `autoclose_delay` int(11) NOT NULL DEFAULT '-2',
  `notclosed_delay` int(11) NOT NULL DEFAULT '-2',
  `calendars_id` int(11) NOT NULL DEFAULT '-2',
  `auto_assign_mode` int(11) NOT NULL DEFAULT '-2',
  `tickettype` int(11) NOT NULL DEFAULT '-2',
  `max_closedate` datetime DEFAULT NULL,
  `inquest_config` int(11) NOT NULL DEFAULT '-2',
  `inquest_rate` int(11) NOT NULL DEFAULT '0',
  `inquest_delay` int(11) NOT NULL DEFAULT '-10',
  `inquest_URL` varchar(255) COLLATE utf8_unicode_ci DEFAULT NULL,
  `autofill_warranty_date` varchar(255) COLLATE utf8_unicode_ci NOT NULL DEFAULT '-2',
  `autofill_use_date` varchar(255) COLLATE utf8_unicode_ci NOT NULL DEFAULT '-2',
  `autofill_buy_date` varchar(255) COLLATE utf8_unicode_ci NOT NULL DEFAULT '-2',
  `autofill_delivery_date` varchar(255) COLLATE utf8_unicode_ci NOT NULL DEFAULT '-2',
  `autofill_order_date` varchar(255) COLLATE utf8_unicode_ci NOT NULL DEFAULT '-2',
  `tickettemplates_id` int(11) NOT NULL DEFAULT '-2',
  `entities_id_software` int(11) NOT NULL DEFAULT '-2',
  `default_contract_alert` int(11) NOT NULL DEFAULT '-2',
  `default_infocom_alert` int(11) NOT NULL DEFAULT '-2',
  `default_cartridges_alarm_threshold` int(11) NOT NULL DEFAULT '-2',
  `default_consumables_alarm_threshold` int(11) NOT NULL DEFAULT '-2',
  `delay_send_emails` int(11) NOT NULL DEFAULT '-2',
  `is_notif_enable_default` int(11) NOT NULL DEFAULT '-2',
  `inquest_duration` int(11) NOT NULL DEFAULT '0',
  `date_mod` datetime DEFAULT NULL,
  `date_creation` datetime DEFAULT NULL,
  `autofill_decommission_date` varchar(255) COLLATE utf8_unicode_ci NOT NULL DEFAULT '-2',
  PRIMARY KEY (`id`),
  UNIQUE KEY `unicity` (`entities_id`,`name`),
  KEY `entities_id` (`entities_id`),
  KEY `date_mod` (`date_mod`),
  KEY `date_creation` (`date_creation`)
) ENGINE=MyISAM DEFAULT CHARSET=utf8 COLLATE=utf8_unicode_ci;
/*!40101 SET character_set_client = @saved_cs_client */;

--
-- Dumping data for table `glpi_entities`
--

LOCK TABLES `glpi_entities` WRITE;
/*!40000 ALTER TABLE `glpi_entities` DISABLE KEYS */;
INSERT INTO `glpi_entities` VALUES (0,'Root entity',-1,'Root entity',NULL,1,NULL,NULL,NULL,NULL,NULL,NULL,NULL,NULL,NULL,NULL,NULL,NULL,NULL,NULL,NULL,NULL,NULL,NULL,0,NULL,NULL,NULL,0,0,0,0,0,0,0,0,0,0,0,0,-10,1,NULL,1,0,0,NULL,'0','0','0','0','0',1,-10,0,0,10,10,0,1,0,NULL,NULL,'0');
/*!40000 ALTER TABLE `glpi_entities` ENABLE KEYS */;
UNLOCK TABLES;

--
-- Table structure for table `glpi_entities_knowbaseitems`
--

DROP TABLE IF EXISTS `glpi_entities_knowbaseitems`;
/*!40101 SET @saved_cs_client     = @@character_set_client */;
/*!40101 SET character_set_client = utf8 */;
CREATE TABLE `glpi_entities_knowbaseitems` (
  `id` int(11) NOT NULL AUTO_INCREMENT,
  `knowbaseitems_id` int(11) NOT NULL DEFAULT '0',
  `entities_id` int(11) NOT NULL DEFAULT '0',
  `is_recursive` tinyint(1) NOT NULL DEFAULT '0',
  PRIMARY KEY (`id`),
  KEY `knowbaseitems_id` (`knowbaseitems_id`),
  KEY `entities_id` (`entities_id`),
  KEY `is_recursive` (`is_recursive`)
) ENGINE=MyISAM DEFAULT CHARSET=utf8 COLLATE=utf8_unicode_ci;
/*!40101 SET character_set_client = @saved_cs_client */;

--
-- Dumping data for table `glpi_entities_knowbaseitems`
--

LOCK TABLES `glpi_entities_knowbaseitems` WRITE;
/*!40000 ALTER TABLE `glpi_entities_knowbaseitems` DISABLE KEYS */;
/*!40000 ALTER TABLE `glpi_entities_knowbaseitems` ENABLE KEYS */;
UNLOCK TABLES;

--
-- Table structure for table `glpi_entities_reminders`
--

DROP TABLE IF EXISTS `glpi_entities_reminders`;
/*!40101 SET @saved_cs_client     = @@character_set_client */;
/*!40101 SET character_set_client = utf8 */;
CREATE TABLE `glpi_entities_reminders` (
  `id` int(11) NOT NULL AUTO_INCREMENT,
  `reminders_id` int(11) NOT NULL DEFAULT '0',
  `entities_id` int(11) NOT NULL DEFAULT '0',
  `is_recursive` tinyint(1) NOT NULL DEFAULT '0',
  PRIMARY KEY (`id`),
  KEY `reminders_id` (`reminders_id`),
  KEY `entities_id` (`entities_id`),
  KEY `is_recursive` (`is_recursive`)
) ENGINE=MyISAM DEFAULT CHARSET=utf8 COLLATE=utf8_unicode_ci;
/*!40101 SET character_set_client = @saved_cs_client */;

--
-- Dumping data for table `glpi_entities_reminders`
--

LOCK TABLES `glpi_entities_reminders` WRITE;
/*!40000 ALTER TABLE `glpi_entities_reminders` DISABLE KEYS */;
/*!40000 ALTER TABLE `glpi_entities_reminders` ENABLE KEYS */;
UNLOCK TABLES;

--
-- Table structure for table `glpi_entities_rssfeeds`
--

DROP TABLE IF EXISTS `glpi_entities_rssfeeds`;
/*!40101 SET @saved_cs_client     = @@character_set_client */;
/*!40101 SET character_set_client = utf8 */;
CREATE TABLE `glpi_entities_rssfeeds` (
  `id` int(11) NOT NULL AUTO_INCREMENT,
  `rssfeeds_id` int(11) NOT NULL DEFAULT '0',
  `entities_id` int(11) NOT NULL DEFAULT '0',
  `is_recursive` tinyint(1) NOT NULL DEFAULT '0',
  PRIMARY KEY (`id`),
  KEY `rssfeeds_id` (`rssfeeds_id`),
  KEY `entities_id` (`entities_id`),
  KEY `is_recursive` (`is_recursive`)
) ENGINE=MyISAM DEFAULT CHARSET=utf8 COLLATE=utf8_unicode_ci;
/*!40101 SET character_set_client = @saved_cs_client */;

--
-- Dumping data for table `glpi_entities_rssfeeds`
--

LOCK TABLES `glpi_entities_rssfeeds` WRITE;
/*!40000 ALTER TABLE `glpi_entities_rssfeeds` DISABLE KEYS */;
/*!40000 ALTER TABLE `glpi_entities_rssfeeds` ENABLE KEYS */;
UNLOCK TABLES;

--
-- Table structure for table `glpi_events`
--

DROP TABLE IF EXISTS `glpi_events`;
/*!40101 SET @saved_cs_client     = @@character_set_client */;
/*!40101 SET character_set_client = utf8 */;
CREATE TABLE `glpi_events` (
  `id` int(11) NOT NULL AUTO_INCREMENT,
  `items_id` int(11) NOT NULL DEFAULT '0',
  `type` varchar(255) COLLATE utf8_unicode_ci DEFAULT NULL,
  `date` datetime DEFAULT NULL,
  `service` varchar(255) COLLATE utf8_unicode_ci DEFAULT NULL,
  `level` int(11) NOT NULL DEFAULT '0',
  `message` text COLLATE utf8_unicode_ci,
  PRIMARY KEY (`id`),
  KEY `date` (`date`),
  KEY `level` (`level`),
  KEY `item` (`type`,`items_id`)
) ENGINE=MyISAM AUTO_INCREMENT=2 DEFAULT CHARSET=utf8 COLLATE=utf8_unicode_ci;
/*!40101 SET character_set_client = @saved_cs_client */;

--
-- Dumping data for table `glpi_events`
--

LOCK TABLES `glpi_events` WRITE;
/*!40000 ALTER TABLE `glpi_events` DISABLE KEYS */;
INSERT INTO `glpi_events` VALUES (1,-1,'system','2024-08-01 12:46:40','login',3,'glpi se connecte depuis l\'IP 10.89.3.2');
/*!40000 ALTER TABLE `glpi_events` ENABLE KEYS */;
UNLOCK TABLES;

--
-- Table structure for table `glpi_fieldblacklists`
--

DROP TABLE IF EXISTS `glpi_fieldblacklists`;
/*!40101 SET @saved_cs_client     = @@character_set_client */;
/*!40101 SET character_set_client = utf8 */;
CREATE TABLE `glpi_fieldblacklists` (
  `id` int(11) NOT NULL AUTO_INCREMENT,
  `name` varchar(255) COLLATE utf8_unicode_ci NOT NULL DEFAULT '',
  `field` varchar(255) COLLATE utf8_unicode_ci NOT NULL DEFAULT '',
  `value` varchar(255) COLLATE utf8_unicode_ci NOT NULL DEFAULT '',
  `itemtype` varchar(255) COLLATE utf8_unicode_ci NOT NULL DEFAULT '',
  `entities_id` int(11) NOT NULL DEFAULT '0',
  `is_recursive` tinyint(1) NOT NULL DEFAULT '0',
  `comment` text COLLATE utf8_unicode_ci,
  `date_mod` datetime DEFAULT NULL,
  `date_creation` datetime DEFAULT NULL,
  PRIMARY KEY (`id`),
  KEY `name` (`name`),
  KEY `date_mod` (`date_mod`),
  KEY `date_creation` (`date_creation`)
) ENGINE=MyISAM DEFAULT CHARSET=utf8 COLLATE=utf8_unicode_ci;
/*!40101 SET character_set_client = @saved_cs_client */;

--
-- Dumping data for table `glpi_fieldblacklists`
--

LOCK TABLES `glpi_fieldblacklists` WRITE;
/*!40000 ALTER TABLE `glpi_fieldblacklists` DISABLE KEYS */;
/*!40000 ALTER TABLE `glpi_fieldblacklists` ENABLE KEYS */;
UNLOCK TABLES;

--
-- Table structure for table `glpi_fieldunicities`
--

DROP TABLE IF EXISTS `glpi_fieldunicities`;
/*!40101 SET @saved_cs_client     = @@character_set_client */;
/*!40101 SET character_set_client = utf8 */;
CREATE TABLE `glpi_fieldunicities` (
  `id` int(11) NOT NULL AUTO_INCREMENT,
  `name` varchar(255) COLLATE utf8_unicode_ci NOT NULL DEFAULT '',
  `is_recursive` tinyint(1) NOT NULL DEFAULT '0',
  `itemtype` varchar(255) COLLATE utf8_unicode_ci NOT NULL DEFAULT '',
  `entities_id` int(11) NOT NULL DEFAULT '-1',
  `fields` text COLLATE utf8_unicode_ci,
  `is_active` tinyint(1) NOT NULL DEFAULT '0',
  `action_refuse` tinyint(1) NOT NULL DEFAULT '0',
  `action_notify` tinyint(1) NOT NULL DEFAULT '0',
  `comment` text COLLATE utf8_unicode_ci,
  `date_mod` datetime DEFAULT NULL,
  `date_creation` datetime DEFAULT NULL,
  PRIMARY KEY (`id`),
  KEY `date_mod` (`date_mod`),
  KEY `date_creation` (`date_creation`)
) ENGINE=MyISAM DEFAULT CHARSET=utf8 COLLATE=utf8_unicode_ci COMMENT='Stores field unicity criterias';
/*!40101 SET character_set_client = @saved_cs_client */;

--
-- Dumping data for table `glpi_fieldunicities`
--

LOCK TABLES `glpi_fieldunicities` WRITE;
/*!40000 ALTER TABLE `glpi_fieldunicities` DISABLE KEYS */;
/*!40000 ALTER TABLE `glpi_fieldunicities` ENABLE KEYS */;
UNLOCK TABLES;

--
-- Table structure for table `glpi_filesystems`
--

DROP TABLE IF EXISTS `glpi_filesystems`;
/*!40101 SET @saved_cs_client     = @@character_set_client */;
/*!40101 SET character_set_client = utf8 */;
CREATE TABLE `glpi_filesystems` (
  `id` int(11) NOT NULL AUTO_INCREMENT,
  `name` varchar(255) COLLATE utf8_unicode_ci DEFAULT NULL,
  `comment` text COLLATE utf8_unicode_ci,
  `date_mod` datetime DEFAULT NULL,
  `date_creation` datetime DEFAULT NULL,
  PRIMARY KEY (`id`),
  KEY `name` (`name`),
  KEY `date_mod` (`date_mod`),
  KEY `date_creation` (`date_creation`)
) ENGINE=MyISAM AUTO_INCREMENT=21 DEFAULT CHARSET=utf8 COLLATE=utf8_unicode_ci;
/*!40101 SET character_set_client = @saved_cs_client */;

--
-- Dumping data for table `glpi_filesystems`
--

LOCK TABLES `glpi_filesystems` WRITE;
/*!40000 ALTER TABLE `glpi_filesystems` DISABLE KEYS */;
INSERT INTO `glpi_filesystems` VALUES (1,'ext',NULL,NULL,NULL),(2,'ext2',NULL,NULL,NULL),(3,'ext3',NULL,NULL,NULL),(4,'ext4',NULL,NULL,NULL),(5,'FAT',NULL,NULL,NULL),(6,'FAT32',NULL,NULL,NULL),(7,'VFAT',NULL,NULL,NULL),(8,'HFS',NULL,NULL,NULL),(9,'HPFS',NULL,NULL,NULL),(10,'HTFS',NULL,NULL,NULL),(11,'JFS',NULL,NULL,NULL),(12,'JFS2',NULL,NULL,NULL),(13,'NFS',NULL,NULL,NULL),(14,'NTFS',NULL,NULL,NULL),(15,'ReiserFS',NULL,NULL,NULL),(16,'SMBFS',NULL,NULL,NULL),(17,'UDF',NULL,NULL,NULL),(18,'UFS',NULL,NULL,NULL),(19,'XFS',NULL,NULL,NULL),(20,'ZFS',NULL,NULL,NULL);
/*!40000 ALTER TABLE `glpi_filesystems` ENABLE KEYS */;
UNLOCK TABLES;

--
-- Table structure for table `glpi_fqdns`
--

DROP TABLE IF EXISTS `glpi_fqdns`;
/*!40101 SET @saved_cs_client     = @@character_set_client */;
/*!40101 SET character_set_client = utf8 */;
CREATE TABLE `glpi_fqdns` (
  `id` int(11) NOT NULL AUTO_INCREMENT,
  `entities_id` int(11) NOT NULL DEFAULT '0',
  `is_recursive` tinyint(1) NOT NULL DEFAULT '0',
  `name` varchar(255) COLLATE utf8_unicode_ci DEFAULT NULL,
  `fqdn` varchar(255) COLLATE utf8_unicode_ci DEFAULT NULL,
  `comment` text COLLATE utf8_unicode_ci,
  `date_mod` datetime DEFAULT NULL,
  `date_creation` datetime DEFAULT NULL,
  PRIMARY KEY (`id`),
  KEY `entities_id` (`entities_id`),
  KEY `name` (`name`),
  KEY `fqdn` (`fqdn`),
  KEY `is_recursive` (`is_recursive`),
  KEY `date_mod` (`date_mod`),
  KEY `date_creation` (`date_creation`)
) ENGINE=MyISAM DEFAULT CHARSET=utf8 COLLATE=utf8_unicode_ci;
/*!40101 SET character_set_client = @saved_cs_client */;

--
-- Dumping data for table `glpi_fqdns`
--

LOCK TABLES `glpi_fqdns` WRITE;
/*!40000 ALTER TABLE `glpi_fqdns` DISABLE KEYS */;
/*!40000 ALTER TABLE `glpi_fqdns` ENABLE KEYS */;
UNLOCK TABLES;

--
-- Table structure for table `glpi_groups`
--

DROP TABLE IF EXISTS `glpi_groups`;
/*!40101 SET @saved_cs_client     = @@character_set_client */;
/*!40101 SET character_set_client = utf8 */;
CREATE TABLE `glpi_groups` (
  `id` int(11) NOT NULL AUTO_INCREMENT,
  `entities_id` int(11) NOT NULL DEFAULT '0',
  `is_recursive` tinyint(1) NOT NULL DEFAULT '0',
  `name` varchar(255) COLLATE utf8_unicode_ci DEFAULT NULL,
  `comment` text COLLATE utf8_unicode_ci,
  `ldap_field` varchar(255) COLLATE utf8_unicode_ci DEFAULT NULL,
  `ldap_value` text COLLATE utf8_unicode_ci,
  `ldap_group_dn` text COLLATE utf8_unicode_ci,
  `date_mod` datetime DEFAULT NULL,
  `groups_id` int(11) NOT NULL DEFAULT '0',
  `completename` text COLLATE utf8_unicode_ci,
  `level` int(11) NOT NULL DEFAULT '0',
  `ancestors_cache` longtext COLLATE utf8_unicode_ci,
  `sons_cache` longtext COLLATE utf8_unicode_ci,
  `is_requester` tinyint(1) NOT NULL DEFAULT '1',
  `is_assign` tinyint(1) NOT NULL DEFAULT '1',
  `is_notify` tinyint(1) NOT NULL DEFAULT '1',
  `is_itemgroup` tinyint(1) NOT NULL DEFAULT '1',
  `is_usergroup` tinyint(1) NOT NULL DEFAULT '1',
  `is_manager` tinyint(1) NOT NULL DEFAULT '1',
  `date_creation` datetime DEFAULT NULL,
  `is_task` tinyint(1) NOT NULL DEFAULT '1',
  PRIMARY KEY (`id`),
  KEY `name` (`name`),
  KEY `ldap_field` (`ldap_field`),
  KEY `entities_id` (`entities_id`),
  KEY `date_mod` (`date_mod`),
  KEY `ldap_value` (`ldap_value`(200)),
  KEY `ldap_group_dn` (`ldap_group_dn`(200)),
  KEY `groups_id` (`groups_id`),
  KEY `is_requester` (`is_requester`),
  KEY `is_assign` (`is_assign`),
  KEY `is_notify` (`is_notify`),
  KEY `is_itemgroup` (`is_itemgroup`),
  KEY `is_usergroup` (`is_usergroup`),
  KEY `is_manager` (`is_manager`),
  KEY `date_creation` (`date_creation`)
) ENGINE=MyISAM DEFAULT CHARSET=utf8 COLLATE=utf8_unicode_ci;
/*!40101 SET character_set_client = @saved_cs_client */;

--
-- Dumping data for table `glpi_groups`
--

LOCK TABLES `glpi_groups` WRITE;
/*!40000 ALTER TABLE `glpi_groups` DISABLE KEYS */;
/*!40000 ALTER TABLE `glpi_groups` ENABLE KEYS */;
UNLOCK TABLES;

--
-- Table structure for table `glpi_groups_knowbaseitems`
--

DROP TABLE IF EXISTS `glpi_groups_knowbaseitems`;
/*!40101 SET @saved_cs_client     = @@character_set_client */;
/*!40101 SET character_set_client = utf8 */;
CREATE TABLE `glpi_groups_knowbaseitems` (
  `id` int(11) NOT NULL AUTO_INCREMENT,
  `knowbaseitems_id` int(11) NOT NULL DEFAULT '0',
  `groups_id` int(11) NOT NULL DEFAULT '0',
  `entities_id` int(11) NOT NULL DEFAULT '-1',
  `is_recursive` tinyint(1) NOT NULL DEFAULT '0',
  PRIMARY KEY (`id`),
  KEY `knowbaseitems_id` (`knowbaseitems_id`),
  KEY `groups_id` (`groups_id`),
  KEY `entities_id` (`entities_id`),
  KEY `is_recursive` (`is_recursive`)
) ENGINE=MyISAM DEFAULT CHARSET=utf8 COLLATE=utf8_unicode_ci;
/*!40101 SET character_set_client = @saved_cs_client */;

--
-- Dumping data for table `glpi_groups_knowbaseitems`
--

LOCK TABLES `glpi_groups_knowbaseitems` WRITE;
/*!40000 ALTER TABLE `glpi_groups_knowbaseitems` DISABLE KEYS */;
/*!40000 ALTER TABLE `glpi_groups_knowbaseitems` ENABLE KEYS */;
UNLOCK TABLES;

--
-- Table structure for table `glpi_groups_problems`
--

DROP TABLE IF EXISTS `glpi_groups_problems`;
/*!40101 SET @saved_cs_client     = @@character_set_client */;
/*!40101 SET character_set_client = utf8 */;
CREATE TABLE `glpi_groups_problems` (
  `id` int(11) NOT NULL AUTO_INCREMENT,
  `problems_id` int(11) NOT NULL DEFAULT '0',
  `groups_id` int(11) NOT NULL DEFAULT '0',
  `type` int(11) NOT NULL DEFAULT '1',
  PRIMARY KEY (`id`),
  UNIQUE KEY `unicity` (`problems_id`,`type`,`groups_id`),
  KEY `group` (`groups_id`,`type`)
) ENGINE=MyISAM DEFAULT CHARSET=utf8 COLLATE=utf8_unicode_ci;
/*!40101 SET character_set_client = @saved_cs_client */;

--
-- Dumping data for table `glpi_groups_problems`
--

LOCK TABLES `glpi_groups_problems` WRITE;
/*!40000 ALTER TABLE `glpi_groups_problems` DISABLE KEYS */;
/*!40000 ALTER TABLE `glpi_groups_problems` ENABLE KEYS */;
UNLOCK TABLES;

--
-- Table structure for table `glpi_groups_reminders`
--

DROP TABLE IF EXISTS `glpi_groups_reminders`;
/*!40101 SET @saved_cs_client     = @@character_set_client */;
/*!40101 SET character_set_client = utf8 */;
CREATE TABLE `glpi_groups_reminders` (
  `id` int(11) NOT NULL AUTO_INCREMENT,
  `reminders_id` int(11) NOT NULL DEFAULT '0',
  `groups_id` int(11) NOT NULL DEFAULT '0',
  `entities_id` int(11) NOT NULL DEFAULT '-1',
  `is_recursive` tinyint(1) NOT NULL DEFAULT '0',
  PRIMARY KEY (`id`),
  KEY `reminders_id` (`reminders_id`),
  KEY `groups_id` (`groups_id`),
  KEY `entities_id` (`entities_id`),
  KEY `is_recursive` (`is_recursive`)
) ENGINE=MyISAM DEFAULT CHARSET=utf8 COLLATE=utf8_unicode_ci;
/*!40101 SET character_set_client = @saved_cs_client */;

--
-- Dumping data for table `glpi_groups_reminders`
--

LOCK TABLES `glpi_groups_reminders` WRITE;
/*!40000 ALTER TABLE `glpi_groups_reminders` DISABLE KEYS */;
/*!40000 ALTER TABLE `glpi_groups_reminders` ENABLE KEYS */;
UNLOCK TABLES;

--
-- Table structure for table `glpi_groups_rssfeeds`
--

DROP TABLE IF EXISTS `glpi_groups_rssfeeds`;
/*!40101 SET @saved_cs_client     = @@character_set_client */;
/*!40101 SET character_set_client = utf8 */;
CREATE TABLE `glpi_groups_rssfeeds` (
  `id` int(11) NOT NULL AUTO_INCREMENT,
  `rssfeeds_id` int(11) NOT NULL DEFAULT '0',
  `groups_id` int(11) NOT NULL DEFAULT '0',
  `entities_id` int(11) NOT NULL DEFAULT '-1',
  `is_recursive` tinyint(1) NOT NULL DEFAULT '0',
  PRIMARY KEY (`id`),
  KEY `rssfeeds_id` (`rssfeeds_id`),
  KEY `groups_id` (`groups_id`),
  KEY `entities_id` (`entities_id`),
  KEY `is_recursive` (`is_recursive`)
) ENGINE=MyISAM DEFAULT CHARSET=utf8 COLLATE=utf8_unicode_ci;
/*!40101 SET character_set_client = @saved_cs_client */;

--
-- Dumping data for table `glpi_groups_rssfeeds`
--

LOCK TABLES `glpi_groups_rssfeeds` WRITE;
/*!40000 ALTER TABLE `glpi_groups_rssfeeds` DISABLE KEYS */;
/*!40000 ALTER TABLE `glpi_groups_rssfeeds` ENABLE KEYS */;
UNLOCK TABLES;

--
-- Table structure for table `glpi_groups_tickets`
--

DROP TABLE IF EXISTS `glpi_groups_tickets`;
/*!40101 SET @saved_cs_client     = @@character_set_client */;
/*!40101 SET character_set_client = utf8 */;
CREATE TABLE `glpi_groups_tickets` (
  `id` int(11) NOT NULL AUTO_INCREMENT,
  `tickets_id` int(11) NOT NULL DEFAULT '0',
  `groups_id` int(11) NOT NULL DEFAULT '0',
  `type` int(11) NOT NULL DEFAULT '1',
  PRIMARY KEY (`id`),
  UNIQUE KEY `unicity` (`tickets_id`,`type`,`groups_id`),
  KEY `group` (`groups_id`,`type`)
) ENGINE=MyISAM DEFAULT CHARSET=utf8 COLLATE=utf8_unicode_ci;
/*!40101 SET character_set_client = @saved_cs_client */;

--
-- Dumping data for table `glpi_groups_tickets`
--

LOCK TABLES `glpi_groups_tickets` WRITE;
/*!40000 ALTER TABLE `glpi_groups_tickets` DISABLE KEYS */;
/*!40000 ALTER TABLE `glpi_groups_tickets` ENABLE KEYS */;
UNLOCK TABLES;

--
-- Table structure for table `glpi_groups_users`
--

DROP TABLE IF EXISTS `glpi_groups_users`;
/*!40101 SET @saved_cs_client     = @@character_set_client */;
/*!40101 SET character_set_client = utf8 */;
CREATE TABLE `glpi_groups_users` (
  `id` int(11) NOT NULL AUTO_INCREMENT,
  `users_id` int(11) NOT NULL DEFAULT '0',
  `groups_id` int(11) NOT NULL DEFAULT '0',
  `is_dynamic` tinyint(1) NOT NULL DEFAULT '0',
  `is_manager` tinyint(1) NOT NULL DEFAULT '0',
  `is_userdelegate` tinyint(1) NOT NULL DEFAULT '0',
  PRIMARY KEY (`id`),
  UNIQUE KEY `unicity` (`users_id`,`groups_id`),
  KEY `groups_id` (`groups_id`),
  KEY `is_manager` (`is_manager`),
  KEY `is_userdelegate` (`is_userdelegate`)
) ENGINE=MyISAM DEFAULT CHARSET=utf8 COLLATE=utf8_unicode_ci;
/*!40101 SET character_set_client = @saved_cs_client */;

--
-- Dumping data for table `glpi_groups_users`
--

LOCK TABLES `glpi_groups_users` WRITE;
/*!40000 ALTER TABLE `glpi_groups_users` DISABLE KEYS */;
/*!40000 ALTER TABLE `glpi_groups_users` ENABLE KEYS */;
UNLOCK TABLES;

--
-- Table structure for table `glpi_holidays`
--

DROP TABLE IF EXISTS `glpi_holidays`;
/*!40101 SET @saved_cs_client     = @@character_set_client */;
/*!40101 SET character_set_client = utf8 */;
CREATE TABLE `glpi_holidays` (
  `id` int(11) NOT NULL AUTO_INCREMENT,
  `name` varchar(255) COLLATE utf8_unicode_ci DEFAULT NULL,
  `entities_id` int(11) NOT NULL DEFAULT '0',
  `is_recursive` tinyint(1) NOT NULL DEFAULT '0',
  `comment` text COLLATE utf8_unicode_ci,
  `begin_date` date DEFAULT NULL,
  `end_date` date DEFAULT NULL,
  `is_perpetual` tinyint(1) NOT NULL DEFAULT '0',
  `date_mod` datetime DEFAULT NULL,
  `date_creation` datetime DEFAULT NULL,
  PRIMARY KEY (`id`),
  KEY `name` (`name`),
  KEY `begin_date` (`begin_date`),
  KEY `end_date` (`end_date`),
  KEY `is_perpetual` (`is_perpetual`),
  KEY `date_mod` (`date_mod`),
  KEY `date_creation` (`date_creation`)
) ENGINE=MyISAM DEFAULT CHARSET=utf8 COLLATE=utf8_unicode_ci;
/*!40101 SET character_set_client = @saved_cs_client */;

--
-- Dumping data for table `glpi_holidays`
--

LOCK TABLES `glpi_holidays` WRITE;
/*!40000 ALTER TABLE `glpi_holidays` DISABLE KEYS */;
/*!40000 ALTER TABLE `glpi_holidays` ENABLE KEYS */;
UNLOCK TABLES;

--
-- Table structure for table `glpi_infocoms`
--

DROP TABLE IF EXISTS `glpi_infocoms`;
/*!40101 SET @saved_cs_client     = @@character_set_client */;
/*!40101 SET character_set_client = utf8 */;
CREATE TABLE `glpi_infocoms` (
  `id` int(11) NOT NULL AUTO_INCREMENT,
  `items_id` int(11) NOT NULL DEFAULT '0',
  `itemtype` varchar(100) COLLATE utf8_unicode_ci NOT NULL,
  `entities_id` int(11) NOT NULL DEFAULT '0',
  `is_recursive` tinyint(1) NOT NULL DEFAULT '0',
  `buy_date` date DEFAULT NULL,
  `use_date` date DEFAULT NULL,
  `warranty_duration` int(11) NOT NULL DEFAULT '0',
  `warranty_info` varchar(255) COLLATE utf8_unicode_ci DEFAULT NULL,
  `suppliers_id` int(11) NOT NULL DEFAULT '0',
  `order_number` varchar(255) COLLATE utf8_unicode_ci DEFAULT NULL,
  `delivery_number` varchar(255) COLLATE utf8_unicode_ci DEFAULT NULL,
  `immo_number` varchar(255) COLLATE utf8_unicode_ci DEFAULT NULL,
  `value` decimal(20,4) NOT NULL DEFAULT '0.0000',
  `warranty_value` decimal(20,4) NOT NULL DEFAULT '0.0000',
  `sink_time` int(11) NOT NULL DEFAULT '0',
  `sink_type` int(11) NOT NULL DEFAULT '0',
  `sink_coeff` float NOT NULL DEFAULT '0',
  `comment` text COLLATE utf8_unicode_ci,
  `bill` varchar(255) COLLATE utf8_unicode_ci DEFAULT NULL,
  `budgets_id` int(11) NOT NULL DEFAULT '0',
  `alert` int(11) NOT NULL DEFAULT '0',
  `order_date` date DEFAULT NULL,
  `delivery_date` date DEFAULT NULL,
  `inventory_date` date DEFAULT NULL,
  `warranty_date` date DEFAULT NULL,
  `date_mod` datetime DEFAULT NULL,
  `date_creation` datetime DEFAULT NULL,
  `decommission_date` datetime DEFAULT NULL,
  PRIMARY KEY (`id`),
  UNIQUE KEY `unicity` (`itemtype`,`items_id`),
  KEY `buy_date` (`buy_date`),
  KEY `alert` (`alert`),
  KEY `budgets_id` (`budgets_id`),
  KEY `suppliers_id` (`suppliers_id`),
  KEY `entities_id` (`entities_id`),
  KEY `is_recursive` (`is_recursive`),
  KEY `date_mod` (`date_mod`),
  KEY `date_creation` (`date_creation`)
) ENGINE=MyISAM DEFAULT CHARSET=utf8 COLLATE=utf8_unicode_ci;
/*!40101 SET character_set_client = @saved_cs_client */;

--
-- Dumping data for table `glpi_infocoms`
--

LOCK TABLES `glpi_infocoms` WRITE;
/*!40000 ALTER TABLE `glpi_infocoms` DISABLE KEYS */;
/*!40000 ALTER TABLE `glpi_infocoms` ENABLE KEYS */;
UNLOCK TABLES;

--
-- Table structure for table `glpi_interfacetypes`
--

DROP TABLE IF EXISTS `glpi_interfacetypes`;
/*!40101 SET @saved_cs_client     = @@character_set_client */;
/*!40101 SET character_set_client = utf8 */;
CREATE TABLE `glpi_interfacetypes` (
  `id` int(11) NOT NULL AUTO_INCREMENT,
  `name` varchar(255) COLLATE utf8_unicode_ci DEFAULT NULL,
  `comment` text COLLATE utf8_unicode_ci,
  `date_mod` datetime DEFAULT NULL,
  `date_creation` datetime DEFAULT NULL,
  PRIMARY KEY (`id`),
  KEY `name` (`name`),
  KEY `date_mod` (`date_mod`),
  KEY `date_creation` (`date_creation`)
) ENGINE=MyISAM AUTO_INCREMENT=9 DEFAULT CHARSET=utf8 COLLATE=utf8_unicode_ci;
/*!40101 SET character_set_client = @saved_cs_client */;

--
-- Dumping data for table `glpi_interfacetypes`
--

LOCK TABLES `glpi_interfacetypes` WRITE;
/*!40000 ALTER TABLE `glpi_interfacetypes` DISABLE KEYS */;
INSERT INTO `glpi_interfacetypes` VALUES (1,'IDE',NULL,NULL,NULL),(2,'SATA',NULL,NULL,NULL),(3,'SCSI',NULL,NULL,NULL),(4,'USB',NULL,NULL,NULL),(5,'AGP','',NULL,NULL),(6,'PCI','',NULL,NULL),(7,'PCIe','',NULL,NULL),(8,'PCI-X','',NULL,NULL);
/*!40000 ALTER TABLE `glpi_interfacetypes` ENABLE KEYS */;
UNLOCK TABLES;

--
-- Table structure for table `glpi_ipaddresses`
--

DROP TABLE IF EXISTS `glpi_ipaddresses`;
/*!40101 SET @saved_cs_client     = @@character_set_client */;
/*!40101 SET character_set_client = utf8 */;
CREATE TABLE `glpi_ipaddresses` (
  `id` int(11) NOT NULL AUTO_INCREMENT,
  `entities_id` int(11) NOT NULL DEFAULT '0',
  `items_id` int(11) NOT NULL DEFAULT '0',
  `itemtype` varchar(100) COLLATE utf8_unicode_ci NOT NULL,
  `version` tinyint(3) unsigned DEFAULT '0',
  `name` varchar(255) COLLATE utf8_unicode_ci DEFAULT NULL,
  `binary_0` int(10) unsigned NOT NULL DEFAULT '0',
  `binary_1` int(10) unsigned NOT NULL DEFAULT '0',
  `binary_2` int(10) unsigned NOT NULL DEFAULT '0',
  `binary_3` int(10) unsigned NOT NULL DEFAULT '0',
  `is_deleted` tinyint(1) NOT NULL DEFAULT '0',
  `is_dynamic` tinyint(1) NOT NULL DEFAULT '0',
  `mainitems_id` int(11) NOT NULL DEFAULT '0',
  `mainitemtype` varchar(255) COLLATE utf8_unicode_ci DEFAULT NULL,
  PRIMARY KEY (`id`),
  KEY `entities_id` (`entities_id`),
  KEY `textual` (`name`),
  KEY `binary` (`binary_0`,`binary_1`,`binary_2`,`binary_3`),
  KEY `is_deleted` (`is_deleted`),
  KEY `is_dynamic` (`is_dynamic`),
  KEY `item` (`itemtype`,`items_id`,`is_deleted`),
  KEY `mainitem` (`mainitemtype`,`mainitems_id`,`is_deleted`)
) ENGINE=MyISAM DEFAULT CHARSET=utf8 COLLATE=utf8_unicode_ci;
/*!40101 SET character_set_client = @saved_cs_client */;

--
-- Dumping data for table `glpi_ipaddresses`
--

LOCK TABLES `glpi_ipaddresses` WRITE;
/*!40000 ALTER TABLE `glpi_ipaddresses` DISABLE KEYS */;
/*!40000 ALTER TABLE `glpi_ipaddresses` ENABLE KEYS */;
UNLOCK TABLES;

--
-- Table structure for table `glpi_ipaddresses_ipnetworks`
--

DROP TABLE IF EXISTS `glpi_ipaddresses_ipnetworks`;
/*!40101 SET @saved_cs_client     = @@character_set_client */;
/*!40101 SET character_set_client = utf8 */;
CREATE TABLE `glpi_ipaddresses_ipnetworks` (
  `id` int(11) NOT NULL AUTO_INCREMENT,
  `ipaddresses_id` int(11) NOT NULL DEFAULT '0',
  `ipnetworks_id` int(11) NOT NULL DEFAULT '0',
  PRIMARY KEY (`id`),
  UNIQUE KEY `unicity` (`ipaddresses_id`,`ipnetworks_id`),
  KEY `ipnetworks_id` (`ipnetworks_id`),
  KEY `ipaddresses_id` (`ipaddresses_id`)
) ENGINE=MyISAM DEFAULT CHARSET=utf8 COLLATE=utf8_unicode_ci;
/*!40101 SET character_set_client = @saved_cs_client */;

--
-- Dumping data for table `glpi_ipaddresses_ipnetworks`
--

LOCK TABLES `glpi_ipaddresses_ipnetworks` WRITE;
/*!40000 ALTER TABLE `glpi_ipaddresses_ipnetworks` DISABLE KEYS */;
/*!40000 ALTER TABLE `glpi_ipaddresses_ipnetworks` ENABLE KEYS */;
UNLOCK TABLES;

--
-- Table structure for table `glpi_ipnetworks`
--

DROP TABLE IF EXISTS `glpi_ipnetworks`;
/*!40101 SET @saved_cs_client     = @@character_set_client */;
/*!40101 SET character_set_client = utf8 */;
CREATE TABLE `glpi_ipnetworks` (
  `id` int(11) NOT NULL AUTO_INCREMENT,
  `entities_id` int(11) NOT NULL DEFAULT '0',
  `is_recursive` tinyint(1) NOT NULL DEFAULT '0',
  `ipnetworks_id` int(11) NOT NULL DEFAULT '0',
  `completename` text COLLATE utf8_unicode_ci,
  `level` int(11) NOT NULL DEFAULT '0',
  `ancestors_cache` longtext COLLATE utf8_unicode_ci,
  `sons_cache` longtext COLLATE utf8_unicode_ci,
  `addressable` tinyint(1) NOT NULL DEFAULT '0',
  `version` tinyint(3) unsigned DEFAULT '0',
  `name` varchar(255) COLLATE utf8_unicode_ci DEFAULT NULL,
  `address` varchar(40) COLLATE utf8_unicode_ci DEFAULT NULL,
  `address_0` int(10) unsigned NOT NULL DEFAULT '0',
  `address_1` int(10) unsigned NOT NULL DEFAULT '0',
  `address_2` int(10) unsigned NOT NULL DEFAULT '0',
  `address_3` int(10) unsigned NOT NULL DEFAULT '0',
  `netmask` varchar(40) COLLATE utf8_unicode_ci DEFAULT NULL,
  `netmask_0` int(10) unsigned NOT NULL DEFAULT '0',
  `netmask_1` int(10) unsigned NOT NULL DEFAULT '0',
  `netmask_2` int(10) unsigned NOT NULL DEFAULT '0',
  `netmask_3` int(10) unsigned NOT NULL DEFAULT '0',
  `gateway` varchar(40) COLLATE utf8_unicode_ci DEFAULT NULL,
  `gateway_0` int(10) unsigned NOT NULL DEFAULT '0',
  `gateway_1` int(10) unsigned NOT NULL DEFAULT '0',
  `gateway_2` int(10) unsigned NOT NULL DEFAULT '0',
  `gateway_3` int(10) unsigned NOT NULL DEFAULT '0',
  `comment` text COLLATE utf8_unicode_ci,
  `date_mod` datetime DEFAULT NULL,
  `date_creation` datetime DEFAULT NULL,
  PRIMARY KEY (`id`),
  KEY `network_definition` (`entities_id`,`address`,`netmask`),
  KEY `address` (`address_0`,`address_1`,`address_2`,`address_3`),
  KEY `netmask` (`netmask_0`,`netmask_1`,`netmask_2`,`netmask_3`),
  KEY `gateway` (`gateway_0`,`gateway_1`,`gateway_2`,`gateway_3`),
  KEY `name` (`name`),
  KEY `date_mod` (`date_mod`),
  KEY `date_creation` (`date_creation`)
) ENGINE=MyISAM DEFAULT CHARSET=utf8 COLLATE=utf8_unicode_ci;
/*!40101 SET character_set_client = @saved_cs_client */;

--
-- Dumping data for table `glpi_ipnetworks`
--

LOCK TABLES `glpi_ipnetworks` WRITE;
/*!40000 ALTER TABLE `glpi_ipnetworks` DISABLE KEYS */;
/*!40000 ALTER TABLE `glpi_ipnetworks` ENABLE KEYS */;
UNLOCK TABLES;

--
-- Table structure for table `glpi_ipnetworks_vlans`
--

DROP TABLE IF EXISTS `glpi_ipnetworks_vlans`;
/*!40101 SET @saved_cs_client     = @@character_set_client */;
/*!40101 SET character_set_client = utf8 */;
CREATE TABLE `glpi_ipnetworks_vlans` (
  `id` int(11) NOT NULL AUTO_INCREMENT,
  `ipnetworks_id` int(11) NOT NULL DEFAULT '0',
  `vlans_id` int(11) NOT NULL DEFAULT '0',
  PRIMARY KEY (`id`),
  UNIQUE KEY `link` (`ipnetworks_id`,`vlans_id`)
) ENGINE=MyISAM DEFAULT CHARSET=utf8 COLLATE=utf8_unicode_ci;
/*!40101 SET character_set_client = @saved_cs_client */;

--
-- Dumping data for table `glpi_ipnetworks_vlans`
--

LOCK TABLES `glpi_ipnetworks_vlans` WRITE;
/*!40000 ALTER TABLE `glpi_ipnetworks_vlans` DISABLE KEYS */;
/*!40000 ALTER TABLE `glpi_ipnetworks_vlans` ENABLE KEYS */;
UNLOCK TABLES;

--
-- Table structure for table `glpi_items_devicecases`
--

DROP TABLE IF EXISTS `glpi_items_devicecases`;
/*!40101 SET @saved_cs_client     = @@character_set_client */;
/*!40101 SET character_set_client = utf8 */;
CREATE TABLE `glpi_items_devicecases` (
  `id` int(11) NOT NULL AUTO_INCREMENT,
  `items_id` int(11) NOT NULL DEFAULT '0',
  `itemtype` varchar(255) COLLATE utf8_unicode_ci DEFAULT NULL,
  `devicecases_id` int(11) NOT NULL DEFAULT '0',
  `is_deleted` tinyint(1) NOT NULL DEFAULT '0',
  `is_dynamic` tinyint(1) NOT NULL DEFAULT '0',
  `entities_id` int(11) NOT NULL DEFAULT '0',
  `is_recursive` tinyint(1) NOT NULL DEFAULT '0',
  `serial` varchar(255) COLLATE utf8_unicode_ci DEFAULT NULL,
  PRIMARY KEY (`id`),
  KEY `computers_id` (`items_id`),
  KEY `devicecases_id` (`devicecases_id`),
  KEY `is_deleted` (`is_deleted`),
  KEY `is_dynamic` (`is_dynamic`),
  KEY `entities_id` (`entities_id`),
  KEY `is_recursive` (`is_recursive`),
  KEY `serial` (`serial`),
  KEY `item` (`itemtype`,`items_id`)
) ENGINE=MyISAM DEFAULT CHARSET=utf8 COLLATE=utf8_unicode_ci;
/*!40101 SET character_set_client = @saved_cs_client */;

--
-- Dumping data for table `glpi_items_devicecases`
--

LOCK TABLES `glpi_items_devicecases` WRITE;
/*!40000 ALTER TABLE `glpi_items_devicecases` DISABLE KEYS */;
/*!40000 ALTER TABLE `glpi_items_devicecases` ENABLE KEYS */;
UNLOCK TABLES;

--
-- Table structure for table `glpi_items_devicecontrols`
--

DROP TABLE IF EXISTS `glpi_items_devicecontrols`;
/*!40101 SET @saved_cs_client     = @@character_set_client */;
/*!40101 SET character_set_client = utf8 */;
CREATE TABLE `glpi_items_devicecontrols` (
  `id` int(11) NOT NULL AUTO_INCREMENT,
  `items_id` int(11) NOT NULL DEFAULT '0',
  `itemtype` varchar(255) COLLATE utf8_unicode_ci DEFAULT NULL,
  `devicecontrols_id` int(11) NOT NULL DEFAULT '0',
  `is_deleted` tinyint(1) NOT NULL DEFAULT '0',
  `is_dynamic` tinyint(1) NOT NULL DEFAULT '0',
  `entities_id` int(11) NOT NULL DEFAULT '0',
  `is_recursive` tinyint(1) NOT NULL DEFAULT '0',
  `serial` varchar(255) COLLATE utf8_unicode_ci DEFAULT NULL,
  `busID` varchar(255) COLLATE utf8_unicode_ci DEFAULT NULL,
  PRIMARY KEY (`id`),
  KEY `computers_id` (`items_id`),
  KEY `devicecontrols_id` (`devicecontrols_id`),
  KEY `is_deleted` (`is_deleted`),
  KEY `is_dynamic` (`is_dynamic`),
  KEY `entities_id` (`entities_id`),
  KEY `is_recursive` (`is_recursive`),
  KEY `serial` (`serial`),
  KEY `busID` (`busID`),
  KEY `item` (`itemtype`,`items_id`)
) ENGINE=MyISAM DEFAULT CHARSET=utf8 COLLATE=utf8_unicode_ci;
/*!40101 SET character_set_client = @saved_cs_client */;

--
-- Dumping data for table `glpi_items_devicecontrols`
--

LOCK TABLES `glpi_items_devicecontrols` WRITE;
/*!40000 ALTER TABLE `glpi_items_devicecontrols` DISABLE KEYS */;
/*!40000 ALTER TABLE `glpi_items_devicecontrols` ENABLE KEYS */;
UNLOCK TABLES;

--
-- Table structure for table `glpi_items_devicedrives`
--

DROP TABLE IF EXISTS `glpi_items_devicedrives`;
/*!40101 SET @saved_cs_client     = @@character_set_client */;
/*!40101 SET character_set_client = utf8 */;
CREATE TABLE `glpi_items_devicedrives` (
  `id` int(11) NOT NULL AUTO_INCREMENT,
  `items_id` int(11) NOT NULL DEFAULT '0',
  `itemtype` varchar(255) COLLATE utf8_unicode_ci DEFAULT NULL,
  `devicedrives_id` int(11) NOT NULL DEFAULT '0',
  `is_deleted` tinyint(1) NOT NULL DEFAULT '0',
  `is_dynamic` tinyint(1) NOT NULL DEFAULT '0',
  `entities_id` int(11) NOT NULL DEFAULT '0',
  `is_recursive` tinyint(1) NOT NULL DEFAULT '0',
  `serial` varchar(255) COLLATE utf8_unicode_ci DEFAULT NULL,
  `busID` varchar(255) COLLATE utf8_unicode_ci DEFAULT NULL,
  PRIMARY KEY (`id`),
  KEY `computers_id` (`items_id`),
  KEY `devicedrives_id` (`devicedrives_id`),
  KEY `is_deleted` (`is_deleted`),
  KEY `is_dynamic` (`is_dynamic`),
  KEY `entities_id` (`entities_id`),
  KEY `is_recursive` (`is_recursive`),
  KEY `serial` (`serial`),
  KEY `busID` (`busID`),
  KEY `item` (`itemtype`,`items_id`)
) ENGINE=MyISAM DEFAULT CHARSET=utf8 COLLATE=utf8_unicode_ci;
/*!40101 SET character_set_client = @saved_cs_client */;

--
-- Dumping data for table `glpi_items_devicedrives`
--

LOCK TABLES `glpi_items_devicedrives` WRITE;
/*!40000 ALTER TABLE `glpi_items_devicedrives` DISABLE KEYS */;
/*!40000 ALTER TABLE `glpi_items_devicedrives` ENABLE KEYS */;
UNLOCK TABLES;

--
-- Table structure for table `glpi_items_devicegraphiccards`
--

DROP TABLE IF EXISTS `glpi_items_devicegraphiccards`;
/*!40101 SET @saved_cs_client     = @@character_set_client */;
/*!40101 SET character_set_client = utf8 */;
CREATE TABLE `glpi_items_devicegraphiccards` (
  `id` int(11) NOT NULL AUTO_INCREMENT,
  `items_id` int(11) NOT NULL DEFAULT '0',
  `itemtype` varchar(255) COLLATE utf8_unicode_ci DEFAULT NULL,
  `devicegraphiccards_id` int(11) NOT NULL DEFAULT '0',
  `memory` int(11) NOT NULL DEFAULT '0',
  `is_deleted` tinyint(1) NOT NULL DEFAULT '0',
  `is_dynamic` tinyint(1) NOT NULL DEFAULT '0',
  `entities_id` int(11) NOT NULL DEFAULT '0',
  `is_recursive` tinyint(1) NOT NULL DEFAULT '0',
  `serial` varchar(255) COLLATE utf8_unicode_ci DEFAULT NULL,
  `busID` varchar(255) COLLATE utf8_unicode_ci DEFAULT NULL,
  PRIMARY KEY (`id`),
  KEY `computers_id` (`items_id`),
  KEY `devicegraphiccards_id` (`devicegraphiccards_id`),
  KEY `specificity` (`memory`),
  KEY `is_deleted` (`is_deleted`),
  KEY `is_dynamic` (`is_dynamic`),
  KEY `entities_id` (`entities_id`),
  KEY `is_recursive` (`is_recursive`),
  KEY `serial` (`serial`),
  KEY `busID` (`busID`),
  KEY `item` (`itemtype`,`items_id`)
) ENGINE=MyISAM DEFAULT CHARSET=utf8 COLLATE=utf8_unicode_ci;
/*!40101 SET character_set_client = @saved_cs_client */;

--
-- Dumping data for table `glpi_items_devicegraphiccards`
--

LOCK TABLES `glpi_items_devicegraphiccards` WRITE;
/*!40000 ALTER TABLE `glpi_items_devicegraphiccards` DISABLE KEYS */;
/*!40000 ALTER TABLE `glpi_items_devicegraphiccards` ENABLE KEYS */;
UNLOCK TABLES;

--
-- Table structure for table `glpi_items_deviceharddrives`
--

DROP TABLE IF EXISTS `glpi_items_deviceharddrives`;
/*!40101 SET @saved_cs_client     = @@character_set_client */;
/*!40101 SET character_set_client = utf8 */;
CREATE TABLE `glpi_items_deviceharddrives` (
  `id` int(11) NOT NULL AUTO_INCREMENT,
  `items_id` int(11) NOT NULL DEFAULT '0',
  `itemtype` varchar(255) COLLATE utf8_unicode_ci DEFAULT NULL,
  `deviceharddrives_id` int(11) NOT NULL DEFAULT '0',
  `capacity` int(11) NOT NULL DEFAULT '0',
  `serial` varchar(255) COLLATE utf8_unicode_ci DEFAULT NULL,
  `is_deleted` tinyint(1) NOT NULL DEFAULT '0',
  `is_dynamic` tinyint(1) NOT NULL DEFAULT '0',
  `entities_id` int(11) NOT NULL DEFAULT '0',
  `is_recursive` tinyint(1) NOT NULL DEFAULT '0',
  `busID` varchar(255) COLLATE utf8_unicode_ci DEFAULT NULL,
  PRIMARY KEY (`id`),
  KEY `computers_id` (`items_id`),
  KEY `deviceharddrives_id` (`deviceharddrives_id`),
  KEY `specificity` (`capacity`),
  KEY `is_deleted` (`is_deleted`),
  KEY `is_dynamic` (`is_dynamic`),
  KEY `serial` (`serial`),
  KEY `entities_id` (`entities_id`),
  KEY `is_recursive` (`is_recursive`),
  KEY `busID` (`busID`),
  KEY `item` (`itemtype`,`items_id`)
) ENGINE=MyISAM DEFAULT CHARSET=utf8 COLLATE=utf8_unicode_ci;
/*!40101 SET character_set_client = @saved_cs_client */;

--
-- Dumping data for table `glpi_items_deviceharddrives`
--

LOCK TABLES `glpi_items_deviceharddrives` WRITE;
/*!40000 ALTER TABLE `glpi_items_deviceharddrives` DISABLE KEYS */;
/*!40000 ALTER TABLE `glpi_items_deviceharddrives` ENABLE KEYS */;
UNLOCK TABLES;

--
-- Table structure for table `glpi_items_devicememories`
--

DROP TABLE IF EXISTS `glpi_items_devicememories`;
/*!40101 SET @saved_cs_client     = @@character_set_client */;
/*!40101 SET character_set_client = utf8 */;
CREATE TABLE `glpi_items_devicememories` (
  `id` int(11) NOT NULL AUTO_INCREMENT,
  `items_id` int(11) NOT NULL DEFAULT '0',
  `itemtype` varchar(255) COLLATE utf8_unicode_ci DEFAULT NULL,
  `devicememories_id` int(11) NOT NULL DEFAULT '0',
  `size` int(11) NOT NULL DEFAULT '0',
  `serial` varchar(255) COLLATE utf8_unicode_ci DEFAULT NULL,
  `is_deleted` tinyint(1) NOT NULL DEFAULT '0',
  `is_dynamic` tinyint(1) NOT NULL DEFAULT '0',
  `entities_id` int(11) NOT NULL DEFAULT '0',
  `is_recursive` tinyint(1) NOT NULL DEFAULT '0',
  `busID` varchar(255) COLLATE utf8_unicode_ci DEFAULT NULL,
  PRIMARY KEY (`id`),
  KEY `computers_id` (`items_id`),
  KEY `devicememories_id` (`devicememories_id`),
  KEY `specificity` (`size`),
  KEY `is_deleted` (`is_deleted`),
  KEY `is_dynamic` (`is_dynamic`),
  KEY `serial` (`serial`),
  KEY `entities_id` (`entities_id`),
  KEY `is_recursive` (`is_recursive`),
  KEY `busID` (`busID`),
  KEY `item` (`itemtype`,`items_id`)
) ENGINE=MyISAM DEFAULT CHARSET=utf8 COLLATE=utf8_unicode_ci;
/*!40101 SET character_set_client = @saved_cs_client */;

--
-- Dumping data for table `glpi_items_devicememories`
--

LOCK TABLES `glpi_items_devicememories` WRITE;
/*!40000 ALTER TABLE `glpi_items_devicememories` DISABLE KEYS */;
/*!40000 ALTER TABLE `glpi_items_devicememories` ENABLE KEYS */;
UNLOCK TABLES;

--
-- Table structure for table `glpi_items_devicemotherboards`
--

DROP TABLE IF EXISTS `glpi_items_devicemotherboards`;
/*!40101 SET @saved_cs_client     = @@character_set_client */;
/*!40101 SET character_set_client = utf8 */;
CREATE TABLE `glpi_items_devicemotherboards` (
  `id` int(11) NOT NULL AUTO_INCREMENT,
  `items_id` int(11) NOT NULL DEFAULT '0',
  `itemtype` varchar(255) COLLATE utf8_unicode_ci DEFAULT NULL,
  `devicemotherboards_id` int(11) NOT NULL DEFAULT '0',
  `is_deleted` tinyint(1) NOT NULL DEFAULT '0',
  `is_dynamic` tinyint(1) NOT NULL DEFAULT '0',
  `entities_id` int(11) NOT NULL DEFAULT '0',
  `is_recursive` tinyint(1) NOT NULL DEFAULT '0',
  `serial` varchar(255) COLLATE utf8_unicode_ci DEFAULT NULL,
  PRIMARY KEY (`id`),
  KEY `computers_id` (`items_id`),
  KEY `devicemotherboards_id` (`devicemotherboards_id`),
  KEY `is_deleted` (`is_deleted`),
  KEY `is_dynamic` (`is_dynamic`),
  KEY `entities_id` (`entities_id`),
  KEY `is_recursive` (`is_recursive`),
  KEY `serial` (`serial`),
  KEY `item` (`itemtype`,`items_id`)
) ENGINE=MyISAM DEFAULT CHARSET=utf8 COLLATE=utf8_unicode_ci;
/*!40101 SET character_set_client = @saved_cs_client */;

--
-- Dumping data for table `glpi_items_devicemotherboards`
--

LOCK TABLES `glpi_items_devicemotherboards` WRITE;
/*!40000 ALTER TABLE `glpi_items_devicemotherboards` DISABLE KEYS */;
/*!40000 ALTER TABLE `glpi_items_devicemotherboards` ENABLE KEYS */;
UNLOCK TABLES;

--
-- Table structure for table `glpi_items_devicenetworkcards`
--

DROP TABLE IF EXISTS `glpi_items_devicenetworkcards`;
/*!40101 SET @saved_cs_client     = @@character_set_client */;
/*!40101 SET character_set_client = utf8 */;
CREATE TABLE `glpi_items_devicenetworkcards` (
  `id` int(11) NOT NULL AUTO_INCREMENT,
  `items_id` int(11) NOT NULL DEFAULT '0',
  `itemtype` varchar(255) COLLATE utf8_unicode_ci DEFAULT NULL,
  `devicenetworkcards_id` int(11) NOT NULL DEFAULT '0',
  `mac` varchar(255) COLLATE utf8_unicode_ci DEFAULT NULL,
  `is_deleted` tinyint(1) NOT NULL DEFAULT '0',
  `is_dynamic` tinyint(1) NOT NULL DEFAULT '0',
  `entities_id` int(11) NOT NULL DEFAULT '0',
  `is_recursive` tinyint(1) NOT NULL DEFAULT '0',
  `serial` varchar(255) COLLATE utf8_unicode_ci DEFAULT NULL,
  `busID` varchar(255) COLLATE utf8_unicode_ci DEFAULT NULL,
  PRIMARY KEY (`id`),
  KEY `computers_id` (`items_id`),
  KEY `devicenetworkcards_id` (`devicenetworkcards_id`),
  KEY `specificity` (`mac`),
  KEY `is_deleted` (`is_deleted`),
  KEY `is_dynamic` (`is_dynamic`),
  KEY `entities_id` (`entities_id`),
  KEY `is_recursive` (`is_recursive`),
  KEY `serial` (`serial`),
  KEY `busID` (`busID`),
  KEY `item` (`itemtype`,`items_id`)
) ENGINE=MyISAM DEFAULT CHARSET=utf8 COLLATE=utf8_unicode_ci;
/*!40101 SET character_set_client = @saved_cs_client */;

--
-- Dumping data for table `glpi_items_devicenetworkcards`
--

LOCK TABLES `glpi_items_devicenetworkcards` WRITE;
/*!40000 ALTER TABLE `glpi_items_devicenetworkcards` DISABLE KEYS */;
/*!40000 ALTER TABLE `glpi_items_devicenetworkcards` ENABLE KEYS */;
UNLOCK TABLES;

--
-- Table structure for table `glpi_items_devicepcis`
--

DROP TABLE IF EXISTS `glpi_items_devicepcis`;
/*!40101 SET @saved_cs_client     = @@character_set_client */;
/*!40101 SET character_set_client = utf8 */;
CREATE TABLE `glpi_items_devicepcis` (
  `id` int(11) NOT NULL AUTO_INCREMENT,
  `items_id` int(11) NOT NULL DEFAULT '0',
  `itemtype` varchar(255) COLLATE utf8_unicode_ci DEFAULT NULL,
  `devicepcis_id` int(11) NOT NULL DEFAULT '0',
  `is_deleted` tinyint(1) NOT NULL DEFAULT '0',
  `is_dynamic` tinyint(1) NOT NULL DEFAULT '0',
  `entities_id` int(11) NOT NULL DEFAULT '0',
  `is_recursive` tinyint(1) NOT NULL DEFAULT '0',
  `serial` varchar(255) COLLATE utf8_unicode_ci DEFAULT NULL,
  `busID` varchar(255) COLLATE utf8_unicode_ci DEFAULT NULL,
  PRIMARY KEY (`id`),
  KEY `computers_id` (`items_id`),
  KEY `devicepcis_id` (`devicepcis_id`),
  KEY `is_deleted` (`is_deleted`),
  KEY `is_dynamic` (`is_dynamic`),
  KEY `entities_id` (`entities_id`),
  KEY `is_recursive` (`is_recursive`),
  KEY `serial` (`serial`),
  KEY `busID` (`busID`),
  KEY `item` (`itemtype`,`items_id`)
) ENGINE=MyISAM DEFAULT CHARSET=utf8 COLLATE=utf8_unicode_ci;
/*!40101 SET character_set_client = @saved_cs_client */;

--
-- Dumping data for table `glpi_items_devicepcis`
--

LOCK TABLES `glpi_items_devicepcis` WRITE;
/*!40000 ALTER TABLE `glpi_items_devicepcis` DISABLE KEYS */;
/*!40000 ALTER TABLE `glpi_items_devicepcis` ENABLE KEYS */;
UNLOCK TABLES;

--
-- Table structure for table `glpi_items_devicepowersupplies`
--

DROP TABLE IF EXISTS `glpi_items_devicepowersupplies`;
/*!40101 SET @saved_cs_client     = @@character_set_client */;
/*!40101 SET character_set_client = utf8 */;
CREATE TABLE `glpi_items_devicepowersupplies` (
  `id` int(11) NOT NULL AUTO_INCREMENT,
  `items_id` int(11) NOT NULL DEFAULT '0',
  `itemtype` varchar(255) COLLATE utf8_unicode_ci DEFAULT NULL,
  `devicepowersupplies_id` int(11) NOT NULL DEFAULT '0',
  `is_deleted` tinyint(1) NOT NULL DEFAULT '0',
  `is_dynamic` tinyint(1) NOT NULL DEFAULT '0',
  `entities_id` int(11) NOT NULL DEFAULT '0',
  `is_recursive` tinyint(1) NOT NULL DEFAULT '0',
  `serial` varchar(255) COLLATE utf8_unicode_ci DEFAULT NULL,
  PRIMARY KEY (`id`),
  KEY `computers_id` (`items_id`),
  KEY `devicepowersupplies_id` (`devicepowersupplies_id`),
  KEY `is_deleted` (`is_deleted`),
  KEY `is_dynamic` (`is_dynamic`),
  KEY `entities_id` (`entities_id`),
  KEY `is_recursive` (`is_recursive`),
  KEY `serial` (`serial`),
  KEY `item` (`itemtype`,`items_id`)
) ENGINE=MyISAM DEFAULT CHARSET=utf8 COLLATE=utf8_unicode_ci;
/*!40101 SET character_set_client = @saved_cs_client */;

--
-- Dumping data for table `glpi_items_devicepowersupplies`
--

LOCK TABLES `glpi_items_devicepowersupplies` WRITE;
/*!40000 ALTER TABLE `glpi_items_devicepowersupplies` DISABLE KEYS */;
/*!40000 ALTER TABLE `glpi_items_devicepowersupplies` ENABLE KEYS */;
UNLOCK TABLES;

--
-- Table structure for table `glpi_items_deviceprocessors`
--

DROP TABLE IF EXISTS `glpi_items_deviceprocessors`;
/*!40101 SET @saved_cs_client     = @@character_set_client */;
/*!40101 SET character_set_client = utf8 */;
CREATE TABLE `glpi_items_deviceprocessors` (
  `id` int(11) NOT NULL AUTO_INCREMENT,
  `items_id` int(11) NOT NULL DEFAULT '0',
  `itemtype` varchar(255) COLLATE utf8_unicode_ci DEFAULT NULL,
  `deviceprocessors_id` int(11) NOT NULL DEFAULT '0',
  `frequency` int(11) NOT NULL DEFAULT '0',
  `serial` varchar(255) COLLATE utf8_unicode_ci DEFAULT NULL,
  `is_deleted` tinyint(1) NOT NULL DEFAULT '0',
  `is_dynamic` tinyint(1) NOT NULL DEFAULT '0',
  `nbcores` int(11) DEFAULT NULL,
  `nbthreads` int(11) DEFAULT NULL,
  `entities_id` int(11) NOT NULL DEFAULT '0',
  `is_recursive` tinyint(1) NOT NULL DEFAULT '0',
  `busID` varchar(255) COLLATE utf8_unicode_ci DEFAULT NULL,
  PRIMARY KEY (`id`),
  KEY `computers_id` (`items_id`),
  KEY `deviceprocessors_id` (`deviceprocessors_id`),
  KEY `specificity` (`frequency`),
  KEY `is_deleted` (`is_deleted`),
  KEY `is_dynamic` (`is_dynamic`),
  KEY `serial` (`serial`),
  KEY `nbcores` (`nbcores`),
  KEY `nbthreads` (`nbthreads`),
  KEY `entities_id` (`entities_id`),
  KEY `is_recursive` (`is_recursive`),
  KEY `busID` (`busID`),
  KEY `item` (`itemtype`,`items_id`)
) ENGINE=MyISAM DEFAULT CHARSET=utf8 COLLATE=utf8_unicode_ci;
/*!40101 SET character_set_client = @saved_cs_client */;

--
-- Dumping data for table `glpi_items_deviceprocessors`
--

LOCK TABLES `glpi_items_deviceprocessors` WRITE;
/*!40000 ALTER TABLE `glpi_items_deviceprocessors` DISABLE KEYS */;
/*!40000 ALTER TABLE `glpi_items_deviceprocessors` ENABLE KEYS */;
UNLOCK TABLES;

--
-- Table structure for table `glpi_items_devicesoundcards`
--

DROP TABLE IF EXISTS `glpi_items_devicesoundcards`;
/*!40101 SET @saved_cs_client     = @@character_set_client */;
/*!40101 SET character_set_client = utf8 */;
CREATE TABLE `glpi_items_devicesoundcards` (
  `id` int(11) NOT NULL AUTO_INCREMENT,
  `items_id` int(11) NOT NULL DEFAULT '0',
  `itemtype` varchar(255) COLLATE utf8_unicode_ci DEFAULT NULL,
  `devicesoundcards_id` int(11) NOT NULL DEFAULT '0',
  `is_deleted` tinyint(1) NOT NULL DEFAULT '0',
  `is_dynamic` tinyint(1) NOT NULL DEFAULT '0',
  `entities_id` int(11) NOT NULL DEFAULT '0',
  `is_recursive` tinyint(1) NOT NULL DEFAULT '0',
  `serial` varchar(255) COLLATE utf8_unicode_ci DEFAULT NULL,
  `busID` varchar(255) COLLATE utf8_unicode_ci DEFAULT NULL,
  PRIMARY KEY (`id`),
  KEY `computers_id` (`items_id`),
  KEY `devicesoundcards_id` (`devicesoundcards_id`),
  KEY `is_deleted` (`is_deleted`),
  KEY `is_dynamic` (`is_dynamic`),
  KEY `entities_id` (`entities_id`),
  KEY `is_recursive` (`is_recursive`),
  KEY `serial` (`serial`),
  KEY `busID` (`busID`),
  KEY `item` (`itemtype`,`items_id`)
) ENGINE=MyISAM DEFAULT CHARSET=utf8 COLLATE=utf8_unicode_ci;
/*!40101 SET character_set_client = @saved_cs_client */;

--
-- Dumping data for table `glpi_items_devicesoundcards`
--

LOCK TABLES `glpi_items_devicesoundcards` WRITE;
/*!40000 ALTER TABLE `glpi_items_devicesoundcards` DISABLE KEYS */;
/*!40000 ALTER TABLE `glpi_items_devicesoundcards` ENABLE KEYS */;
UNLOCK TABLES;

--
-- Table structure for table `glpi_items_problems`
--

DROP TABLE IF EXISTS `glpi_items_problems`;
/*!40101 SET @saved_cs_client     = @@character_set_client */;
/*!40101 SET character_set_client = utf8 */;
CREATE TABLE `glpi_items_problems` (
  `id` int(11) NOT NULL AUTO_INCREMENT,
  `problems_id` int(11) NOT NULL DEFAULT '0',
  `itemtype` varchar(100) COLLATE utf8_unicode_ci DEFAULT NULL,
  `items_id` int(11) NOT NULL DEFAULT '0',
  PRIMARY KEY (`id`),
  UNIQUE KEY `unicity` (`problems_id`,`itemtype`,`items_id`),
  KEY `item` (`itemtype`,`items_id`)
) ENGINE=MyISAM DEFAULT CHARSET=utf8 COLLATE=utf8_unicode_ci;
/*!40101 SET character_set_client = @saved_cs_client */;

--
-- Dumping data for table `glpi_items_problems`
--

LOCK TABLES `glpi_items_problems` WRITE;
/*!40000 ALTER TABLE `glpi_items_problems` DISABLE KEYS */;
/*!40000 ALTER TABLE `glpi_items_problems` ENABLE KEYS */;
UNLOCK TABLES;

--
-- Table structure for table `glpi_items_projects`
--

DROP TABLE IF EXISTS `glpi_items_projects`;
/*!40101 SET @saved_cs_client     = @@character_set_client */;
/*!40101 SET character_set_client = utf8 */;
CREATE TABLE `glpi_items_projects` (
  `id` int(11) NOT NULL AUTO_INCREMENT,
  `projects_id` int(11) NOT NULL DEFAULT '0',
  `itemtype` varchar(100) COLLATE utf8_unicode_ci DEFAULT NULL,
  `items_id` int(11) NOT NULL DEFAULT '0',
  PRIMARY KEY (`id`),
  UNIQUE KEY `unicity` (`projects_id`,`itemtype`,`items_id`),
  KEY `item` (`itemtype`,`items_id`)
) ENGINE=MyISAM DEFAULT CHARSET=utf8 COLLATE=utf8_unicode_ci;
/*!40101 SET character_set_client = @saved_cs_client */;

--
-- Dumping data for table `glpi_items_projects`
--

LOCK TABLES `glpi_items_projects` WRITE;
/*!40000 ALTER TABLE `glpi_items_projects` DISABLE KEYS */;
/*!40000 ALTER TABLE `glpi_items_projects` ENABLE KEYS */;
UNLOCK TABLES;

--
-- Table structure for table `glpi_items_tickets`
--

DROP TABLE IF EXISTS `glpi_items_tickets`;
/*!40101 SET @saved_cs_client     = @@character_set_client */;
/*!40101 SET character_set_client = utf8 */;
CREATE TABLE `glpi_items_tickets` (
  `id` int(11) NOT NULL AUTO_INCREMENT,
  `itemtype` varchar(255) COLLATE utf8_unicode_ci DEFAULT NULL,
  `items_id` int(11) NOT NULL DEFAULT '0',
  `tickets_id` int(11) NOT NULL DEFAULT '0',
  PRIMARY KEY (`id`),
  UNIQUE KEY `unicity` (`itemtype`,`items_id`,`tickets_id`),
  KEY `tickets_id` (`tickets_id`)
) ENGINE=MyISAM DEFAULT CHARSET=utf8 COLLATE=utf8_unicode_ci;
/*!40101 SET character_set_client = @saved_cs_client */;

--
-- Dumping data for table `glpi_items_tickets`
--

LOCK TABLES `glpi_items_tickets` WRITE;
/*!40000 ALTER TABLE `glpi_items_tickets` DISABLE KEYS */;
/*!40000 ALTER TABLE `glpi_items_tickets` ENABLE KEYS */;
UNLOCK TABLES;

--
-- Table structure for table `glpi_itilcategories`
--

DROP TABLE IF EXISTS `glpi_itilcategories`;
/*!40101 SET @saved_cs_client     = @@character_set_client */;
/*!40101 SET character_set_client = utf8 */;
CREATE TABLE `glpi_itilcategories` (
  `id` int(11) NOT NULL AUTO_INCREMENT,
  `entities_id` int(11) NOT NULL DEFAULT '0',
  `is_recursive` tinyint(1) NOT NULL DEFAULT '0',
  `itilcategories_id` int(11) NOT NULL DEFAULT '0',
  `name` varchar(255) COLLATE utf8_unicode_ci DEFAULT NULL,
  `completename` text COLLATE utf8_unicode_ci,
  `comment` text COLLATE utf8_unicode_ci,
  `level` int(11) NOT NULL DEFAULT '0',
  `knowbaseitemcategories_id` int(11) NOT NULL DEFAULT '0',
  `users_id` int(11) NOT NULL DEFAULT '0',
  `groups_id` int(11) NOT NULL DEFAULT '0',
  `ancestors_cache` longtext COLLATE utf8_unicode_ci,
  `sons_cache` longtext COLLATE utf8_unicode_ci,
  `is_helpdeskvisible` tinyint(1) NOT NULL DEFAULT '1',
  `tickettemplates_id_incident` int(11) NOT NULL DEFAULT '0',
  `tickettemplates_id_demand` int(11) NOT NULL DEFAULT '0',
  `is_incident` int(11) NOT NULL DEFAULT '1',
  `is_request` int(11) NOT NULL DEFAULT '1',
  `is_problem` int(11) NOT NULL DEFAULT '1',
  `is_change` tinyint(1) NOT NULL DEFAULT '1',
  `date_mod` datetime DEFAULT NULL,
  `date_creation` datetime DEFAULT NULL,
  PRIMARY KEY (`id`),
  KEY `name` (`name`),
  KEY `entities_id` (`entities_id`),
  KEY `is_recursive` (`is_recursive`),
  KEY `knowbaseitemcategories_id` (`knowbaseitemcategories_id`),
  KEY `users_id` (`users_id`),
  KEY `groups_id` (`groups_id`),
  KEY `is_helpdeskvisible` (`is_helpdeskvisible`),
  KEY `itilcategories_id` (`itilcategories_id`),
  KEY `tickettemplates_id_incident` (`tickettemplates_id_incident`),
  KEY `tickettemplates_id_demand` (`tickettemplates_id_demand`),
  KEY `is_incident` (`is_incident`),
  KEY `is_request` (`is_request`),
  KEY `is_problem` (`is_problem`),
  KEY `is_change` (`is_change`),
  KEY `date_mod` (`date_mod`),
  KEY `date_creation` (`date_creation`)
) ENGINE=MyISAM DEFAULT CHARSET=utf8 COLLATE=utf8_unicode_ci;
/*!40101 SET character_set_client = @saved_cs_client */;

--
-- Dumping data for table `glpi_itilcategories`
--

LOCK TABLES `glpi_itilcategories` WRITE;
/*!40000 ALTER TABLE `glpi_itilcategories` DISABLE KEYS */;
/*!40000 ALTER TABLE `glpi_itilcategories` ENABLE KEYS */;
UNLOCK TABLES;

--
-- Table structure for table `glpi_knowbaseitemcategories`
--

DROP TABLE IF EXISTS `glpi_knowbaseitemcategories`;
/*!40101 SET @saved_cs_client     = @@character_set_client */;
/*!40101 SET character_set_client = utf8 */;
CREATE TABLE `glpi_knowbaseitemcategories` (
  `id` int(11) NOT NULL AUTO_INCREMENT,
  `entities_id` int(11) NOT NULL DEFAULT '0',
  `is_recursive` tinyint(1) NOT NULL DEFAULT '0',
  `knowbaseitemcategories_id` int(11) NOT NULL DEFAULT '0',
  `name` varchar(255) COLLATE utf8_unicode_ci DEFAULT NULL,
  `completename` text COLLATE utf8_unicode_ci,
  `comment` text COLLATE utf8_unicode_ci,
  `level` int(11) NOT NULL DEFAULT '0',
  `sons_cache` longtext COLLATE utf8_unicode_ci,
  `ancestors_cache` longtext COLLATE utf8_unicode_ci,
  `date_mod` datetime DEFAULT NULL,
  `date_creation` datetime DEFAULT NULL,
  PRIMARY KEY (`id`),
  UNIQUE KEY `unicity` (`entities_id`,`knowbaseitemcategories_id`,`name`),
  KEY `name` (`name`),
  KEY `entities_id` (`entities_id`),
  KEY `is_recursive` (`is_recursive`),
  KEY `date_mod` (`date_mod`),
  KEY `date_creation` (`date_creation`)
) ENGINE=MyISAM DEFAULT CHARSET=utf8 COLLATE=utf8_unicode_ci;
/*!40101 SET character_set_client = @saved_cs_client */;

--
-- Dumping data for table `glpi_knowbaseitemcategories`
--

LOCK TABLES `glpi_knowbaseitemcategories` WRITE;
/*!40000 ALTER TABLE `glpi_knowbaseitemcategories` DISABLE KEYS */;
/*!40000 ALTER TABLE `glpi_knowbaseitemcategories` ENABLE KEYS */;
UNLOCK TABLES;

--
-- Table structure for table `glpi_knowbaseitems`
--

DROP TABLE IF EXISTS `glpi_knowbaseitems`;
/*!40101 SET @saved_cs_client     = @@character_set_client */;
/*!40101 SET character_set_client = utf8 */;
CREATE TABLE `glpi_knowbaseitems` (
  `id` int(11) NOT NULL AUTO_INCREMENT,
  `knowbaseitemcategories_id` int(11) NOT NULL DEFAULT '0',
  `name` text COLLATE utf8_unicode_ci,
  `answer` longtext COLLATE utf8_unicode_ci,
  `is_faq` tinyint(1) NOT NULL DEFAULT '0',
  `users_id` int(11) NOT NULL DEFAULT '0',
  `view` int(11) NOT NULL DEFAULT '0',
  `date` datetime DEFAULT NULL,
  `date_mod` datetime DEFAULT NULL,
  `begin_date` datetime DEFAULT NULL,
  `end_date` datetime DEFAULT NULL,
  PRIMARY KEY (`id`),
  KEY `users_id` (`users_id`),
  KEY `knowbaseitemcategories_id` (`knowbaseitemcategories_id`),
  KEY `is_faq` (`is_faq`),
  KEY `date_mod` (`date_mod`),
  FULLTEXT KEY `fulltext` (`name`,`answer`)
) ENGINE=MyISAM DEFAULT CHARSET=utf8 COLLATE=utf8_unicode_ci;
/*!40101 SET character_set_client = @saved_cs_client */;

--
-- Dumping data for table `glpi_knowbaseitems`
--

LOCK TABLES `glpi_knowbaseitems` WRITE;
/*!40000 ALTER TABLE `glpi_knowbaseitems` DISABLE KEYS */;
/*!40000 ALTER TABLE `glpi_knowbaseitems` ENABLE KEYS */;
UNLOCK TABLES;

--
-- Table structure for table `glpi_knowbaseitems_profiles`
--

DROP TABLE IF EXISTS `glpi_knowbaseitems_profiles`;
/*!40101 SET @saved_cs_client     = @@character_set_client */;
/*!40101 SET character_set_client = utf8 */;
CREATE TABLE `glpi_knowbaseitems_profiles` (
  `id` int(11) NOT NULL AUTO_INCREMENT,
  `knowbaseitems_id` int(11) NOT NULL DEFAULT '0',
  `profiles_id` int(11) NOT NULL DEFAULT '0',
  `entities_id` int(11) NOT NULL DEFAULT '-1',
  `is_recursive` tinyint(1) NOT NULL DEFAULT '0',
  PRIMARY KEY (`id`),
  KEY `knowbaseitems_id` (`knowbaseitems_id`),
  KEY `profiles_id` (`profiles_id`),
  KEY `entities_id` (`entities_id`),
  KEY `is_recursive` (`is_recursive`)
) ENGINE=MyISAM DEFAULT CHARSET=utf8 COLLATE=utf8_unicode_ci;
/*!40101 SET character_set_client = @saved_cs_client */;

--
-- Dumping data for table `glpi_knowbaseitems_profiles`
--

LOCK TABLES `glpi_knowbaseitems_profiles` WRITE;
/*!40000 ALTER TABLE `glpi_knowbaseitems_profiles` DISABLE KEYS */;
/*!40000 ALTER TABLE `glpi_knowbaseitems_profiles` ENABLE KEYS */;
UNLOCK TABLES;

--
-- Table structure for table `glpi_knowbaseitems_users`
--

DROP TABLE IF EXISTS `glpi_knowbaseitems_users`;
/*!40101 SET @saved_cs_client     = @@character_set_client */;
/*!40101 SET character_set_client = utf8 */;
CREATE TABLE `glpi_knowbaseitems_users` (
  `id` int(11) NOT NULL AUTO_INCREMENT,
  `knowbaseitems_id` int(11) NOT NULL DEFAULT '0',
  `users_id` int(11) NOT NULL DEFAULT '0',
  PRIMARY KEY (`id`),
  KEY `knowbaseitems_id` (`knowbaseitems_id`),
  KEY `users_id` (`users_id`)
) ENGINE=MyISAM DEFAULT CHARSET=utf8 COLLATE=utf8_unicode_ci;
/*!40101 SET character_set_client = @saved_cs_client */;

--
-- Dumping data for table `glpi_knowbaseitems_users`
--

LOCK TABLES `glpi_knowbaseitems_users` WRITE;
/*!40000 ALTER TABLE `glpi_knowbaseitems_users` DISABLE KEYS */;
/*!40000 ALTER TABLE `glpi_knowbaseitems_users` ENABLE KEYS */;
UNLOCK TABLES;

--
-- Table structure for table `glpi_knowbaseitemtranslations`
--

DROP TABLE IF EXISTS `glpi_knowbaseitemtranslations`;
/*!40101 SET @saved_cs_client     = @@character_set_client */;
/*!40101 SET character_set_client = utf8 */;
CREATE TABLE `glpi_knowbaseitemtranslations` (
  `id` int(11) NOT NULL AUTO_INCREMENT,
  `knowbaseitems_id` int(11) NOT NULL DEFAULT '0',
  `language` varchar(5) COLLATE utf8_unicode_ci DEFAULT NULL,
  `name` text COLLATE utf8_unicode_ci,
  `answer` longtext COLLATE utf8_unicode_ci,
  PRIMARY KEY (`id`),
  KEY `item` (`knowbaseitems_id`,`language`),
  FULLTEXT KEY `fulltext` (`name`,`answer`)
) ENGINE=MyISAM DEFAULT CHARSET=utf8 COLLATE=utf8_unicode_ci;
/*!40101 SET character_set_client = @saved_cs_client */;

--
-- Dumping data for table `glpi_knowbaseitemtranslations`
--

LOCK TABLES `glpi_knowbaseitemtranslations` WRITE;
/*!40000 ALTER TABLE `glpi_knowbaseitemtranslations` DISABLE KEYS */;
/*!40000 ALTER TABLE `glpi_knowbaseitemtranslations` ENABLE KEYS */;
UNLOCK TABLES;

--
-- Table structure for table `glpi_links`
--

DROP TABLE IF EXISTS `glpi_links`;
/*!40101 SET @saved_cs_client     = @@character_set_client */;
/*!40101 SET character_set_client = utf8 */;
CREATE TABLE `glpi_links` (
  `id` int(11) NOT NULL AUTO_INCREMENT,
  `entities_id` int(11) NOT NULL DEFAULT '0',
  `is_recursive` tinyint(1) NOT NULL DEFAULT '1',
  `name` varchar(255) COLLATE utf8_unicode_ci DEFAULT NULL,
  `link` varchar(255) COLLATE utf8_unicode_ci DEFAULT NULL,
  `data` text COLLATE utf8_unicode_ci,
  `open_window` tinyint(1) NOT NULL DEFAULT '1',
  `date_mod` datetime DEFAULT NULL,
  `date_creation` datetime DEFAULT NULL,
  PRIMARY KEY (`id`),
  KEY `entities_id` (`entities_id`),
  KEY `date_mod` (`date_mod`),
  KEY `date_creation` (`date_creation`)
) ENGINE=MyISAM DEFAULT CHARSET=utf8 COLLATE=utf8_unicode_ci;
/*!40101 SET character_set_client = @saved_cs_client */;

--
-- Dumping data for table `glpi_links`
--

LOCK TABLES `glpi_links` WRITE;
/*!40000 ALTER TABLE `glpi_links` DISABLE KEYS */;
/*!40000 ALTER TABLE `glpi_links` ENABLE KEYS */;
UNLOCK TABLES;

--
-- Table structure for table `glpi_links_itemtypes`
--

DROP TABLE IF EXISTS `glpi_links_itemtypes`;
/*!40101 SET @saved_cs_client     = @@character_set_client */;
/*!40101 SET character_set_client = utf8 */;
CREATE TABLE `glpi_links_itemtypes` (
  `id` int(11) NOT NULL AUTO_INCREMENT,
  `links_id` int(11) NOT NULL DEFAULT '0',
  `itemtype` varchar(100) COLLATE utf8_unicode_ci NOT NULL,
  PRIMARY KEY (`id`),
  UNIQUE KEY `unicity` (`itemtype`,`links_id`),
  KEY `links_id` (`links_id`)
) ENGINE=MyISAM DEFAULT CHARSET=utf8 COLLATE=utf8_unicode_ci;
/*!40101 SET character_set_client = @saved_cs_client */;

--
-- Dumping data for table `glpi_links_itemtypes`
--

LOCK TABLES `glpi_links_itemtypes` WRITE;
/*!40000 ALTER TABLE `glpi_links_itemtypes` DISABLE KEYS */;
/*!40000 ALTER TABLE `glpi_links_itemtypes` ENABLE KEYS */;
UNLOCK TABLES;

--
-- Table structure for table `glpi_locations`
--

DROP TABLE IF EXISTS `glpi_locations`;
/*!40101 SET @saved_cs_client     = @@character_set_client */;
/*!40101 SET character_set_client = utf8 */;
CREATE TABLE `glpi_locations` (
  `id` int(11) NOT NULL AUTO_INCREMENT,
  `entities_id` int(11) NOT NULL DEFAULT '0',
  `is_recursive` tinyint(1) NOT NULL DEFAULT '0',
  `name` varchar(255) COLLATE utf8_unicode_ci DEFAULT NULL,
  `locations_id` int(11) NOT NULL DEFAULT '0',
  `completename` text COLLATE utf8_unicode_ci,
  `comment` text COLLATE utf8_unicode_ci,
  `level` int(11) NOT NULL DEFAULT '0',
  `ancestors_cache` longtext COLLATE utf8_unicode_ci,
  `sons_cache` longtext COLLATE utf8_unicode_ci,
  `building` varchar(255) COLLATE utf8_unicode_ci DEFAULT NULL,
  `room` varchar(255) COLLATE utf8_unicode_ci DEFAULT NULL,
  `latitude` varchar(255) COLLATE utf8_unicode_ci DEFAULT NULL,
  `longitude` varchar(255) COLLATE utf8_unicode_ci DEFAULT NULL,
  `altitude` varchar(255) COLLATE utf8_unicode_ci DEFAULT NULL,
  `date_mod` datetime DEFAULT NULL,
  `date_creation` datetime DEFAULT NULL,
  PRIMARY KEY (`id`),
  UNIQUE KEY `unicity` (`entities_id`,`locations_id`,`name`),
  KEY `locations_id` (`locations_id`),
  KEY `name` (`name`),
  KEY `is_recursive` (`is_recursive`),
  KEY `date_mod` (`date_mod`),
  KEY `date_creation` (`date_creation`)
) ENGINE=MyISAM DEFAULT CHARSET=utf8 COLLATE=utf8_unicode_ci;
/*!40101 SET character_set_client = @saved_cs_client */;

--
-- Dumping data for table `glpi_locations`
--

LOCK TABLES `glpi_locations` WRITE;
/*!40000 ALTER TABLE `glpi_locations` DISABLE KEYS */;
/*!40000 ALTER TABLE `glpi_locations` ENABLE KEYS */;
UNLOCK TABLES;

--
-- Table structure for table `glpi_logs`
--

DROP TABLE IF EXISTS `glpi_logs`;
/*!40101 SET @saved_cs_client     = @@character_set_client */;
/*!40101 SET character_set_client = utf8 */;
CREATE TABLE `glpi_logs` (
  `id` int(11) NOT NULL AUTO_INCREMENT,
  `itemtype` varchar(100) COLLATE utf8_unicode_ci NOT NULL DEFAULT '',
  `items_id` int(11) NOT NULL DEFAULT '0',
  `itemtype_link` varchar(100) COLLATE utf8_unicode_ci NOT NULL DEFAULT '',
  `linked_action` int(11) NOT NULL DEFAULT '0' COMMENT 'see define.php HISTORY_* constant',
  `user_name` varchar(255) COLLATE utf8_unicode_ci DEFAULT NULL,
  `date_mod` datetime DEFAULT NULL,
  `id_search_option` int(11) NOT NULL DEFAULT '0' COMMENT 'see search.constant.php for value',
  `old_value` varchar(255) COLLATE utf8_unicode_ci DEFAULT NULL,
  `new_value` varchar(255) COLLATE utf8_unicode_ci DEFAULT NULL,
  PRIMARY KEY (`id`),
  KEY `date_mod` (`date_mod`),
  KEY `itemtype_link` (`itemtype_link`),
  KEY `item` (`itemtype`,`items_id`)
) ENGINE=MyISAM DEFAULT CHARSET=utf8 COLLATE=utf8_unicode_ci;
/*!40101 SET character_set_client = @saved_cs_client */;

--
-- Dumping data for table `glpi_logs`
--

LOCK TABLES `glpi_logs` WRITE;
/*!40000 ALTER TABLE `glpi_logs` DISABLE KEYS */;
/*!40000 ALTER TABLE `glpi_logs` ENABLE KEYS */;
UNLOCK TABLES;

--
-- Table structure for table `glpi_mailcollectors`
--

DROP TABLE IF EXISTS `glpi_mailcollectors`;
/*!40101 SET @saved_cs_client     = @@character_set_client */;
/*!40101 SET character_set_client = utf8 */;
CREATE TABLE `glpi_mailcollectors` (
  `id` int(11) NOT NULL AUTO_INCREMENT,
  `name` varchar(255) COLLATE utf8_unicode_ci DEFAULT NULL,
  `host` varchar(255) COLLATE utf8_unicode_ci DEFAULT NULL,
  `login` varchar(255) COLLATE utf8_unicode_ci DEFAULT NULL,
  `filesize_max` int(11) NOT NULL DEFAULT '2097152',
  `is_active` tinyint(1) NOT NULL DEFAULT '1',
  `date_mod` datetime DEFAULT NULL,
  `comment` text COLLATE utf8_unicode_ci,
  `passwd` varchar(255) COLLATE utf8_unicode_ci DEFAULT NULL,
  `accepted` varchar(255) COLLATE utf8_unicode_ci DEFAULT NULL,
  `refused` varchar(255) COLLATE utf8_unicode_ci DEFAULT NULL,
  `use_kerberos` tinyint(1) NOT NULL DEFAULT '0',
  `errors` int(11) NOT NULL DEFAULT '0',
  `use_mail_date` tinyint(1) NOT NULL DEFAULT '0',
  `date_creation` datetime DEFAULT NULL,
  PRIMARY KEY (`id`),
  KEY `is_active` (`is_active`),
  KEY `date_mod` (`date_mod`),
  KEY `date_creation` (`date_creation`)
) ENGINE=MyISAM DEFAULT CHARSET=utf8 COLLATE=utf8_unicode_ci;
/*!40101 SET character_set_client = @saved_cs_client */;

--
-- Dumping data for table `glpi_mailcollectors`
--

LOCK TABLES `glpi_mailcollectors` WRITE;
/*!40000 ALTER TABLE `glpi_mailcollectors` DISABLE KEYS */;
/*!40000 ALTER TABLE `glpi_mailcollectors` ENABLE KEYS */;
UNLOCK TABLES;

--
-- Table structure for table `glpi_manufacturers`
--

DROP TABLE IF EXISTS `glpi_manufacturers`;
/*!40101 SET @saved_cs_client     = @@character_set_client */;
/*!40101 SET character_set_client = utf8 */;
CREATE TABLE `glpi_manufacturers` (
  `id` int(11) NOT NULL AUTO_INCREMENT,
  `name` varchar(255) COLLATE utf8_unicode_ci DEFAULT NULL,
  `comment` text COLLATE utf8_unicode_ci,
  `date_mod` datetime DEFAULT NULL,
  `date_creation` datetime DEFAULT NULL,
  PRIMARY KEY (`id`),
  KEY `name` (`name`),
  KEY `date_mod` (`date_mod`),
  KEY `date_creation` (`date_creation`)
) ENGINE=MyISAM DEFAULT CHARSET=utf8 COLLATE=utf8_unicode_ci;
/*!40101 SET character_set_client = @saved_cs_client */;

--
-- Dumping data for table `glpi_manufacturers`
--

LOCK TABLES `glpi_manufacturers` WRITE;
/*!40000 ALTER TABLE `glpi_manufacturers` DISABLE KEYS */;
/*!40000 ALTER TABLE `glpi_manufacturers` ENABLE KEYS */;
UNLOCK TABLES;

--
-- Table structure for table `glpi_monitormodels`
--

DROP TABLE IF EXISTS `glpi_monitormodels`;
/*!40101 SET @saved_cs_client     = @@character_set_client */;
/*!40101 SET character_set_client = utf8 */;
CREATE TABLE `glpi_monitormodels` (
  `id` int(11) NOT NULL AUTO_INCREMENT,
  `name` varchar(255) COLLATE utf8_unicode_ci DEFAULT NULL,
  `comment` text COLLATE utf8_unicode_ci,
  `date_mod` datetime DEFAULT NULL,
  `date_creation` datetime DEFAULT NULL,
  PRIMARY KEY (`id`),
  KEY `name` (`name`),
  KEY `date_mod` (`date_mod`),
  KEY `date_creation` (`date_creation`)
) ENGINE=MyISAM DEFAULT CHARSET=utf8 COLLATE=utf8_unicode_ci;
/*!40101 SET character_set_client = @saved_cs_client */;

--
-- Dumping data for table `glpi_monitormodels`
--

LOCK TABLES `glpi_monitormodels` WRITE;
/*!40000 ALTER TABLE `glpi_monitormodels` DISABLE KEYS */;
/*!40000 ALTER TABLE `glpi_monitormodels` ENABLE KEYS */;
UNLOCK TABLES;

--
-- Table structure for table `glpi_monitors`
--

DROP TABLE IF EXISTS `glpi_monitors`;
/*!40101 SET @saved_cs_client     = @@character_set_client */;
/*!40101 SET character_set_client = utf8 */;
CREATE TABLE `glpi_monitors` (
  `id` int(11) NOT NULL AUTO_INCREMENT,
  `entities_id` int(11) NOT NULL DEFAULT '0',
  `name` varchar(255) COLLATE utf8_unicode_ci DEFAULT NULL,
  `date_mod` datetime DEFAULT NULL,
  `contact` varchar(255) COLLATE utf8_unicode_ci DEFAULT NULL,
  `contact_num` varchar(255) COLLATE utf8_unicode_ci DEFAULT NULL,
  `users_id_tech` int(11) NOT NULL DEFAULT '0',
  `groups_id_tech` int(11) NOT NULL DEFAULT '0',
  `comment` text COLLATE utf8_unicode_ci,
  `serial` varchar(255) COLLATE utf8_unicode_ci DEFAULT NULL,
  `otherserial` varchar(255) COLLATE utf8_unicode_ci DEFAULT NULL,
  `size` int(11) NOT NULL DEFAULT '0',
  `have_micro` tinyint(1) NOT NULL DEFAULT '0',
  `have_speaker` tinyint(1) NOT NULL DEFAULT '0',
  `have_subd` tinyint(1) NOT NULL DEFAULT '0',
  `have_bnc` tinyint(1) NOT NULL DEFAULT '0',
  `have_dvi` tinyint(1) NOT NULL DEFAULT '0',
  `have_pivot` tinyint(1) NOT NULL DEFAULT '0',
  `have_hdmi` tinyint(1) NOT NULL DEFAULT '0',
  `have_displayport` tinyint(1) NOT NULL DEFAULT '0',
  `locations_id` int(11) NOT NULL DEFAULT '0',
  `monitortypes_id` int(11) NOT NULL DEFAULT '0',
  `monitormodels_id` int(11) NOT NULL DEFAULT '0',
  `manufacturers_id` int(11) NOT NULL DEFAULT '0',
  `is_global` tinyint(1) NOT NULL DEFAULT '0',
  `is_deleted` tinyint(1) NOT NULL DEFAULT '0',
  `is_template` tinyint(1) NOT NULL DEFAULT '0',
  `template_name` varchar(255) COLLATE utf8_unicode_ci DEFAULT NULL,
  `users_id` int(11) NOT NULL DEFAULT '0',
  `groups_id` int(11) NOT NULL DEFAULT '0',
  `states_id` int(11) NOT NULL DEFAULT '0',
  `ticket_tco` decimal(20,4) DEFAULT '0.0000',
  `is_dynamic` tinyint(1) NOT NULL DEFAULT '0',
  `date_creation` datetime DEFAULT NULL,
  `is_recursive` tinyint(1) NOT NULL DEFAULT '0',
  PRIMARY KEY (`id`),
  KEY `name` (`name`),
  KEY `is_template` (`is_template`),
  KEY `is_global` (`is_global`),
  KEY `entities_id` (`entities_id`),
  KEY `manufacturers_id` (`manufacturers_id`),
  KEY `groups_id` (`groups_id`),
  KEY `users_id` (`users_id`),
  KEY `locations_id` (`locations_id`),
  KEY `monitormodels_id` (`monitormodels_id`),
  KEY `states_id` (`states_id`),
  KEY `users_id_tech` (`users_id_tech`),
  KEY `monitortypes_id` (`monitortypes_id`),
  KEY `is_deleted` (`is_deleted`),
  KEY `groups_id_tech` (`groups_id_tech`),
  KEY `is_dynamic` (`is_dynamic`),
  KEY `serial` (`serial`),
  KEY `otherserial` (`otherserial`),
  KEY `date_creation` (`date_creation`),
  KEY `is_recursive` (`is_recursive`)
) ENGINE=MyISAM DEFAULT CHARSET=utf8 COLLATE=utf8_unicode_ci;
/*!40101 SET character_set_client = @saved_cs_client */;

--
-- Dumping data for table `glpi_monitors`
--

LOCK TABLES `glpi_monitors` WRITE;
/*!40000 ALTER TABLE `glpi_monitors` DISABLE KEYS */;
/*!40000 ALTER TABLE `glpi_monitors` ENABLE KEYS */;
UNLOCK TABLES;

--
-- Table structure for table `glpi_monitortypes`
--

DROP TABLE IF EXISTS `glpi_monitortypes`;
/*!40101 SET @saved_cs_client     = @@character_set_client */;
/*!40101 SET character_set_client = utf8 */;
CREATE TABLE `glpi_monitortypes` (
  `id` int(11) NOT NULL AUTO_INCREMENT,
  `name` varchar(255) COLLATE utf8_unicode_ci DEFAULT NULL,
  `comment` text COLLATE utf8_unicode_ci,
  `date_mod` datetime DEFAULT NULL,
  `date_creation` datetime DEFAULT NULL,
  PRIMARY KEY (`id`),
  KEY `name` (`name`),
  KEY `date_mod` (`date_mod`),
  KEY `date_creation` (`date_creation`)
) ENGINE=MyISAM DEFAULT CHARSET=utf8 COLLATE=utf8_unicode_ci;
/*!40101 SET character_set_client = @saved_cs_client */;

--
-- Dumping data for table `glpi_monitortypes`
--

LOCK TABLES `glpi_monitortypes` WRITE;
/*!40000 ALTER TABLE `glpi_monitortypes` DISABLE KEYS */;
/*!40000 ALTER TABLE `glpi_monitortypes` ENABLE KEYS */;
UNLOCK TABLES;

--
-- Table structure for table `glpi_netpoints`
--

DROP TABLE IF EXISTS `glpi_netpoints`;
/*!40101 SET @saved_cs_client     = @@character_set_client */;
/*!40101 SET character_set_client = utf8 */;
CREATE TABLE `glpi_netpoints` (
  `id` int(11) NOT NULL AUTO_INCREMENT,
  `entities_id` int(11) NOT NULL DEFAULT '0',
  `locations_id` int(11) NOT NULL DEFAULT '0',
  `name` varchar(255) COLLATE utf8_unicode_ci DEFAULT NULL,
  `comment` text COLLATE utf8_unicode_ci,
  `date_mod` datetime DEFAULT NULL,
  `date_creation` datetime DEFAULT NULL,
  PRIMARY KEY (`id`),
  KEY `name` (`name`),
  KEY `complete` (`entities_id`,`locations_id`,`name`),
  KEY `location_name` (`locations_id`,`name`),
  KEY `date_mod` (`date_mod`),
  KEY `date_creation` (`date_creation`)
) ENGINE=MyISAM DEFAULT CHARSET=utf8 COLLATE=utf8_unicode_ci;
/*!40101 SET character_set_client = @saved_cs_client */;

--
-- Dumping data for table `glpi_netpoints`
--

LOCK TABLES `glpi_netpoints` WRITE;
/*!40000 ALTER TABLE `glpi_netpoints` DISABLE KEYS */;
/*!40000 ALTER TABLE `glpi_netpoints` ENABLE KEYS */;
UNLOCK TABLES;

--
-- Table structure for table `glpi_networkaliases`
--

DROP TABLE IF EXISTS `glpi_networkaliases`;
/*!40101 SET @saved_cs_client     = @@character_set_client */;
/*!40101 SET character_set_client = utf8 */;
CREATE TABLE `glpi_networkaliases` (
  `id` int(11) NOT NULL AUTO_INCREMENT,
  `entities_id` int(11) NOT NULL DEFAULT '0',
  `networknames_id` int(11) NOT NULL DEFAULT '0',
  `name` varchar(255) COLLATE utf8_unicode_ci DEFAULT NULL,
  `fqdns_id` int(11) NOT NULL DEFAULT '0',
  `comment` text COLLATE utf8_unicode_ci,
  PRIMARY KEY (`id`),
  KEY `entities_id` (`entities_id`),
  KEY `name` (`name`),
  KEY `networknames_id` (`networknames_id`)
) ENGINE=MyISAM DEFAULT CHARSET=utf8 COLLATE=utf8_unicode_ci;
/*!40101 SET character_set_client = @saved_cs_client */;

--
-- Dumping data for table `glpi_networkaliases`
--

LOCK TABLES `glpi_networkaliases` WRITE;
/*!40000 ALTER TABLE `glpi_networkaliases` DISABLE KEYS */;
/*!40000 ALTER TABLE `glpi_networkaliases` ENABLE KEYS */;
UNLOCK TABLES;

--
-- Table structure for table `glpi_networkequipmentfirmwares`
--

DROP TABLE IF EXISTS `glpi_networkequipmentfirmwares`;
/*!40101 SET @saved_cs_client     = @@character_set_client */;
/*!40101 SET character_set_client = utf8 */;
CREATE TABLE `glpi_networkequipmentfirmwares` (
  `id` int(11) NOT NULL AUTO_INCREMENT,
  `name` varchar(255) COLLATE utf8_unicode_ci DEFAULT NULL,
  `comment` text COLLATE utf8_unicode_ci,
  `date_mod` datetime DEFAULT NULL,
  `date_creation` datetime DEFAULT NULL,
  PRIMARY KEY (`id`),
  KEY `name` (`name`),
  KEY `date_mod` (`date_mod`),
  KEY `date_creation` (`date_creation`)
) ENGINE=MyISAM DEFAULT CHARSET=utf8 COLLATE=utf8_unicode_ci;
/*!40101 SET character_set_client = @saved_cs_client */;

--
-- Dumping data for table `glpi_networkequipmentfirmwares`
--

LOCK TABLES `glpi_networkequipmentfirmwares` WRITE;
/*!40000 ALTER TABLE `glpi_networkequipmentfirmwares` DISABLE KEYS */;
/*!40000 ALTER TABLE `glpi_networkequipmentfirmwares` ENABLE KEYS */;
UNLOCK TABLES;

--
-- Table structure for table `glpi_networkequipmentmodels`
--

DROP TABLE IF EXISTS `glpi_networkequipmentmodels`;
/*!40101 SET @saved_cs_client     = @@character_set_client */;
/*!40101 SET character_set_client = utf8 */;
CREATE TABLE `glpi_networkequipmentmodels` (
  `id` int(11) NOT NULL AUTO_INCREMENT,
  `name` varchar(255) COLLATE utf8_unicode_ci DEFAULT NULL,
  `comment` text COLLATE utf8_unicode_ci,
  `date_mod` datetime DEFAULT NULL,
  `date_creation` datetime DEFAULT NULL,
  PRIMARY KEY (`id`),
  KEY `name` (`name`),
  KEY `date_mod` (`date_mod`),
  KEY `date_creation` (`date_creation`)
) ENGINE=MyISAM DEFAULT CHARSET=utf8 COLLATE=utf8_unicode_ci;
/*!40101 SET character_set_client = @saved_cs_client */;

--
-- Dumping data for table `glpi_networkequipmentmodels`
--

LOCK TABLES `glpi_networkequipmentmodels` WRITE;
/*!40000 ALTER TABLE `glpi_networkequipmentmodels` DISABLE KEYS */;
/*!40000 ALTER TABLE `glpi_networkequipmentmodels` ENABLE KEYS */;
UNLOCK TABLES;

--
-- Table structure for table `glpi_networkequipments`
--

DROP TABLE IF EXISTS `glpi_networkequipments`;
/*!40101 SET @saved_cs_client     = @@character_set_client */;
/*!40101 SET character_set_client = utf8 */;
CREATE TABLE `glpi_networkequipments` (
  `id` int(11) NOT NULL AUTO_INCREMENT,
  `entities_id` int(11) NOT NULL DEFAULT '0',
  `is_recursive` tinyint(1) NOT NULL DEFAULT '0',
  `name` varchar(255) COLLATE utf8_unicode_ci DEFAULT NULL,
  `ram` varchar(255) COLLATE utf8_unicode_ci DEFAULT NULL,
  `serial` varchar(255) COLLATE utf8_unicode_ci DEFAULT NULL,
  `otherserial` varchar(255) COLLATE utf8_unicode_ci DEFAULT NULL,
  `contact` varchar(255) COLLATE utf8_unicode_ci DEFAULT NULL,
  `contact_num` varchar(255) COLLATE utf8_unicode_ci DEFAULT NULL,
  `users_id_tech` int(11) NOT NULL DEFAULT '0',
  `groups_id_tech` int(11) NOT NULL DEFAULT '0',
  `date_mod` datetime DEFAULT NULL,
  `comment` text COLLATE utf8_unicode_ci,
  `locations_id` int(11) NOT NULL DEFAULT '0',
  `domains_id` int(11) NOT NULL DEFAULT '0',
  `networks_id` int(11) NOT NULL DEFAULT '0',
  `networkequipmenttypes_id` int(11) NOT NULL DEFAULT '0',
  `networkequipmentmodels_id` int(11) NOT NULL DEFAULT '0',
  `networkequipmentfirmwares_id` int(11) NOT NULL DEFAULT '0',
  `manufacturers_id` int(11) NOT NULL DEFAULT '0',
  `is_deleted` tinyint(1) NOT NULL DEFAULT '0',
  `is_template` tinyint(1) NOT NULL DEFAULT '0',
  `template_name` varchar(255) COLLATE utf8_unicode_ci DEFAULT NULL,
  `users_id` int(11) NOT NULL DEFAULT '0',
  `groups_id` int(11) NOT NULL DEFAULT '0',
  `states_id` int(11) NOT NULL DEFAULT '0',
  `ticket_tco` decimal(20,4) DEFAULT '0.0000',
  `is_dynamic` tinyint(1) NOT NULL DEFAULT '0',
  `date_creation` datetime DEFAULT NULL,
  PRIMARY KEY (`id`),
  KEY `name` (`name`),
  KEY `is_template` (`is_template`),
  KEY `domains_id` (`domains_id`),
  KEY `networkequipmentfirmwares_id` (`networkequipmentfirmwares_id`),
  KEY `entities_id` (`entities_id`),
  KEY `manufacturers_id` (`manufacturers_id`),
  KEY `groups_id` (`groups_id`),
  KEY `users_id` (`users_id`),
  KEY `locations_id` (`locations_id`),
  KEY `networkequipmentmodels_id` (`networkequipmentmodels_id`),
  KEY `networks_id` (`networks_id`),
  KEY `states_id` (`states_id`),
  KEY `users_id_tech` (`users_id_tech`),
  KEY `networkequipmenttypes_id` (`networkequipmenttypes_id`),
  KEY `is_deleted` (`is_deleted`),
  KEY `date_mod` (`date_mod`),
  KEY `groups_id_tech` (`groups_id_tech`),
  KEY `is_dynamic` (`is_dynamic`),
  KEY `serial` (`serial`),
  KEY `otherserial` (`otherserial`),
  KEY `date_creation` (`date_creation`)
) ENGINE=MyISAM DEFAULT CHARSET=utf8 COLLATE=utf8_unicode_ci;
/*!40101 SET character_set_client = @saved_cs_client */;

--
-- Dumping data for table `glpi_networkequipments`
--

LOCK TABLES `glpi_networkequipments` WRITE;
/*!40000 ALTER TABLE `glpi_networkequipments` DISABLE KEYS */;
/*!40000 ALTER TABLE `glpi_networkequipments` ENABLE KEYS */;
UNLOCK TABLES;

--
-- Table structure for table `glpi_networkequipmenttypes`
--

DROP TABLE IF EXISTS `glpi_networkequipmenttypes`;
/*!40101 SET @saved_cs_client     = @@character_set_client */;
/*!40101 SET character_set_client = utf8 */;
CREATE TABLE `glpi_networkequipmenttypes` (
  `id` int(11) NOT NULL AUTO_INCREMENT,
  `name` varchar(255) COLLATE utf8_unicode_ci DEFAULT NULL,
  `comment` text COLLATE utf8_unicode_ci,
  `date_mod` datetime DEFAULT NULL,
  `date_creation` datetime DEFAULT NULL,
  PRIMARY KEY (`id`),
  KEY `name` (`name`),
  KEY `date_mod` (`date_mod`),
  KEY `date_creation` (`date_creation`)
) ENGINE=MyISAM DEFAULT CHARSET=utf8 COLLATE=utf8_unicode_ci;
/*!40101 SET character_set_client = @saved_cs_client */;

--
-- Dumping data for table `glpi_networkequipmenttypes`
--

LOCK TABLES `glpi_networkequipmenttypes` WRITE;
/*!40000 ALTER TABLE `glpi_networkequipmenttypes` DISABLE KEYS */;
/*!40000 ALTER TABLE `glpi_networkequipmenttypes` ENABLE KEYS */;
UNLOCK TABLES;

--
-- Table structure for table `glpi_networkinterfaces`
--

DROP TABLE IF EXISTS `glpi_networkinterfaces`;
/*!40101 SET @saved_cs_client     = @@character_set_client */;
/*!40101 SET character_set_client = utf8 */;
CREATE TABLE `glpi_networkinterfaces` (
  `id` int(11) NOT NULL AUTO_INCREMENT,
  `name` varchar(255) COLLATE utf8_unicode_ci DEFAULT NULL,
  `comment` text COLLATE utf8_unicode_ci,
  PRIMARY KEY (`id`),
  KEY `name` (`name`)
) ENGINE=MyISAM DEFAULT CHARSET=utf8 COLLATE=utf8_unicode_ci;
/*!40101 SET character_set_client = @saved_cs_client */;

--
-- Dumping data for table `glpi_networkinterfaces`
--

LOCK TABLES `glpi_networkinterfaces` WRITE;
/*!40000 ALTER TABLE `glpi_networkinterfaces` DISABLE KEYS */;
/*!40000 ALTER TABLE `glpi_networkinterfaces` ENABLE KEYS */;
UNLOCK TABLES;

--
-- Table structure for table `glpi_networknames`
--

DROP TABLE IF EXISTS `glpi_networknames`;
/*!40101 SET @saved_cs_client     = @@character_set_client */;
/*!40101 SET character_set_client = utf8 */;
CREATE TABLE `glpi_networknames` (
  `id` int(11) NOT NULL AUTO_INCREMENT,
  `entities_id` int(11) NOT NULL DEFAULT '0',
  `items_id` int(11) NOT NULL DEFAULT '0',
  `itemtype` varchar(100) COLLATE utf8_unicode_ci NOT NULL,
  `name` varchar(255) COLLATE utf8_unicode_ci DEFAULT NULL,
  `comment` text COLLATE utf8_unicode_ci,
  `fqdns_id` int(11) NOT NULL DEFAULT '0',
  `is_deleted` tinyint(1) NOT NULL DEFAULT '0',
  `is_dynamic` tinyint(1) NOT NULL DEFAULT '0',
  `date_mod` datetime DEFAULT NULL,
  `date_creation` datetime DEFAULT NULL,
  PRIMARY KEY (`id`),
  KEY `entities_id` (`entities_id`),
  KEY `FQDN` (`name`,`fqdns_id`),
  KEY `name` (`name`),
  KEY `fqdns_id` (`fqdns_id`),
  KEY `is_deleted` (`is_deleted`),
  KEY `is_dynamic` (`is_dynamic`),
  KEY `item` (`itemtype`,`items_id`,`is_deleted`),
  KEY `date_mod` (`date_mod`),
  KEY `date_creation` (`date_creation`)
) ENGINE=MyISAM DEFAULT CHARSET=utf8 COLLATE=utf8_unicode_ci;
/*!40101 SET character_set_client = @saved_cs_client */;

--
-- Dumping data for table `glpi_networknames`
--

LOCK TABLES `glpi_networknames` WRITE;
/*!40000 ALTER TABLE `glpi_networknames` DISABLE KEYS */;
/*!40000 ALTER TABLE `glpi_networknames` ENABLE KEYS */;
UNLOCK TABLES;

--
-- Table structure for table `glpi_networkportaggregates`
--

DROP TABLE IF EXISTS `glpi_networkportaggregates`;
/*!40101 SET @saved_cs_client     = @@character_set_client */;
/*!40101 SET character_set_client = utf8 */;
CREATE TABLE `glpi_networkportaggregates` (
  `id` int(11) NOT NULL AUTO_INCREMENT,
  `networkports_id` int(11) NOT NULL DEFAULT '0',
  `networkports_id_list` text COLLATE utf8_unicode_ci COMMENT 'array of associated networkports_id',
  `date_mod` datetime DEFAULT NULL,
  `date_creation` datetime DEFAULT NULL,
  PRIMARY KEY (`id`),
  UNIQUE KEY `networkports_id` (`networkports_id`),
  KEY `date_mod` (`date_mod`),
  KEY `date_creation` (`date_creation`)
) ENGINE=MyISAM DEFAULT CHARSET=utf8 COLLATE=utf8_unicode_ci;
/*!40101 SET character_set_client = @saved_cs_client */;

--
-- Dumping data for table `glpi_networkportaggregates`
--

LOCK TABLES `glpi_networkportaggregates` WRITE;
/*!40000 ALTER TABLE `glpi_networkportaggregates` DISABLE KEYS */;
/*!40000 ALTER TABLE `glpi_networkportaggregates` ENABLE KEYS */;
UNLOCK TABLES;

--
-- Table structure for table `glpi_networkportaliases`
--

DROP TABLE IF EXISTS `glpi_networkportaliases`;
/*!40101 SET @saved_cs_client     = @@character_set_client */;
/*!40101 SET character_set_client = utf8 */;
CREATE TABLE `glpi_networkportaliases` (
  `id` int(11) NOT NULL AUTO_INCREMENT,
  `networkports_id` int(11) NOT NULL DEFAULT '0',
  `networkports_id_alias` int(11) NOT NULL DEFAULT '0',
  `date_mod` datetime DEFAULT NULL,
  `date_creation` datetime DEFAULT NULL,
  PRIMARY KEY (`id`),
  UNIQUE KEY `networkports_id` (`networkports_id`),
  KEY `networkports_id_alias` (`networkports_id_alias`),
  KEY `date_mod` (`date_mod`),
  KEY `date_creation` (`date_creation`)
) ENGINE=MyISAM DEFAULT CHARSET=utf8 COLLATE=utf8_unicode_ci;
/*!40101 SET character_set_client = @saved_cs_client */;

--
-- Dumping data for table `glpi_networkportaliases`
--

LOCK TABLES `glpi_networkportaliases` WRITE;
/*!40000 ALTER TABLE `glpi_networkportaliases` DISABLE KEYS */;
/*!40000 ALTER TABLE `glpi_networkportaliases` ENABLE KEYS */;
UNLOCK TABLES;

--
-- Table structure for table `glpi_networkportdialups`
--

DROP TABLE IF EXISTS `glpi_networkportdialups`;
/*!40101 SET @saved_cs_client     = @@character_set_client */;
/*!40101 SET character_set_client = utf8 */;
CREATE TABLE `glpi_networkportdialups` (
  `id` int(11) NOT NULL AUTO_INCREMENT,
  `networkports_id` int(11) NOT NULL DEFAULT '0',
  `date_mod` datetime DEFAULT NULL,
  `date_creation` datetime DEFAULT NULL,
  PRIMARY KEY (`id`),
  UNIQUE KEY `networkports_id` (`networkports_id`),
  KEY `date_mod` (`date_mod`),
  KEY `date_creation` (`date_creation`)
) ENGINE=MyISAM DEFAULT CHARSET=utf8 COLLATE=utf8_unicode_ci;
/*!40101 SET character_set_client = @saved_cs_client */;

--
-- Dumping data for table `glpi_networkportdialups`
--

LOCK TABLES `glpi_networkportdialups` WRITE;
/*!40000 ALTER TABLE `glpi_networkportdialups` DISABLE KEYS */;
/*!40000 ALTER TABLE `glpi_networkportdialups` ENABLE KEYS */;
UNLOCK TABLES;

--
-- Table structure for table `glpi_networkportethernets`
--

DROP TABLE IF EXISTS `glpi_networkportethernets`;
/*!40101 SET @saved_cs_client     = @@character_set_client */;
/*!40101 SET character_set_client = utf8 */;
CREATE TABLE `glpi_networkportethernets` (
  `id` int(11) NOT NULL AUTO_INCREMENT,
  `networkports_id` int(11) NOT NULL DEFAULT '0',
  `items_devicenetworkcards_id` int(11) NOT NULL DEFAULT '0',
  `netpoints_id` int(11) NOT NULL DEFAULT '0',
  `type` varchar(10) COLLATE utf8_unicode_ci DEFAULT '' COMMENT 'T, LX, SX',
  `speed` int(11) NOT NULL DEFAULT '10' COMMENT 'Mbit/s: 10, 100, 1000, 10000',
  `date_mod` datetime DEFAULT NULL,
  `date_creation` datetime DEFAULT NULL,
  PRIMARY KEY (`id`),
  UNIQUE KEY `networkports_id` (`networkports_id`),
  KEY `card` (`items_devicenetworkcards_id`),
  KEY `netpoint` (`netpoints_id`),
  KEY `type` (`type`),
  KEY `speed` (`speed`),
  KEY `date_mod` (`date_mod`),
  KEY `date_creation` (`date_creation`)
) ENGINE=MyISAM DEFAULT CHARSET=utf8 COLLATE=utf8_unicode_ci;
/*!40101 SET character_set_client = @saved_cs_client */;

--
-- Dumping data for table `glpi_networkportethernets`
--

LOCK TABLES `glpi_networkportethernets` WRITE;
/*!40000 ALTER TABLE `glpi_networkportethernets` DISABLE KEYS */;
/*!40000 ALTER TABLE `glpi_networkportethernets` ENABLE KEYS */;
UNLOCK TABLES;

--
-- Table structure for table `glpi_networkportfiberchannels`
--

DROP TABLE IF EXISTS `glpi_networkportfiberchannels`;
/*!40101 SET @saved_cs_client     = @@character_set_client */;
/*!40101 SET character_set_client = utf8 */;
CREATE TABLE `glpi_networkportfiberchannels` (
  `id` int(11) NOT NULL AUTO_INCREMENT,
  `networkports_id` int(11) NOT NULL DEFAULT '0',
  `items_devicenetworkcards_id` int(11) NOT NULL DEFAULT '0',
  `netpoints_id` int(11) NOT NULL DEFAULT '0',
  `wwn` varchar(16) COLLATE utf8_unicode_ci DEFAULT '',
  `speed` int(11) NOT NULL DEFAULT '10' COMMENT 'Mbit/s: 10, 100, 1000, 10000',
  PRIMARY KEY (`id`),
  UNIQUE KEY `networkports_id` (`networkports_id`),
  KEY `card` (`items_devicenetworkcards_id`),
  KEY `netpoint` (`netpoints_id`),
  KEY `wwn` (`wwn`),
  KEY `speed` (`speed`)
) ENGINE=MyISAM DEFAULT CHARSET=utf8 COLLATE=utf8_unicode_ci;
/*!40101 SET character_set_client = @saved_cs_client */;

--
-- Dumping data for table `glpi_networkportfiberchannels`
--

LOCK TABLES `glpi_networkportfiberchannels` WRITE;
/*!40000 ALTER TABLE `glpi_networkportfiberchannels` DISABLE KEYS */;
/*!40000 ALTER TABLE `glpi_networkportfiberchannels` ENABLE KEYS */;
UNLOCK TABLES;

--
-- Table structure for table `glpi_networkportlocals`
--

DROP TABLE IF EXISTS `glpi_networkportlocals`;
/*!40101 SET @saved_cs_client     = @@character_set_client */;
/*!40101 SET character_set_client = utf8 */;
CREATE TABLE `glpi_networkportlocals` (
  `id` int(11) NOT NULL AUTO_INCREMENT,
  `networkports_id` int(11) NOT NULL DEFAULT '0',
  `date_mod` datetime DEFAULT NULL,
  `date_creation` datetime DEFAULT NULL,
  PRIMARY KEY (`id`),
  UNIQUE KEY `networkports_id` (`networkports_id`),
  KEY `date_mod` (`date_mod`),
  KEY `date_creation` (`date_creation`)
) ENGINE=MyISAM DEFAULT CHARSET=utf8 COLLATE=utf8_unicode_ci;
/*!40101 SET character_set_client = @saved_cs_client */;

--
-- Dumping data for table `glpi_networkportlocals`
--

LOCK TABLES `glpi_networkportlocals` WRITE;
/*!40000 ALTER TABLE `glpi_networkportlocals` DISABLE KEYS */;
/*!40000 ALTER TABLE `glpi_networkportlocals` ENABLE KEYS */;
UNLOCK TABLES;

--
-- Table structure for table `glpi_networkports`
--

DROP TABLE IF EXISTS `glpi_networkports`;
/*!40101 SET @saved_cs_client     = @@character_set_client */;
/*!40101 SET character_set_client = utf8 */;
CREATE TABLE `glpi_networkports` (
  `id` int(11) NOT NULL AUTO_INCREMENT,
  `items_id` int(11) NOT NULL DEFAULT '0',
  `itemtype` varchar(100) COLLATE utf8_unicode_ci NOT NULL,
  `entities_id` int(11) NOT NULL DEFAULT '0',
  `is_recursive` tinyint(1) NOT NULL DEFAULT '0',
  `logical_number` int(11) NOT NULL DEFAULT '0',
  `name` varchar(255) COLLATE utf8_unicode_ci DEFAULT NULL,
  `instantiation_type` varchar(255) COLLATE utf8_unicode_ci DEFAULT NULL,
  `mac` varchar(255) COLLATE utf8_unicode_ci DEFAULT NULL,
  `comment` text COLLATE utf8_unicode_ci,
  `is_deleted` tinyint(1) NOT NULL DEFAULT '0',
  `is_dynamic` tinyint(1) NOT NULL DEFAULT '0',
  `date_mod` datetime DEFAULT NULL,
  `date_creation` datetime DEFAULT NULL,
  PRIMARY KEY (`id`),
  KEY `on_device` (`items_id`,`itemtype`),
  KEY `item` (`itemtype`,`items_id`),
  KEY `entities_id` (`entities_id`),
  KEY `is_recursive` (`is_recursive`),
  KEY `mac` (`mac`),
  KEY `is_deleted` (`is_deleted`),
  KEY `is_dynamic` (`is_dynamic`),
  KEY `date_mod` (`date_mod`),
  KEY `date_creation` (`date_creation`)
) ENGINE=MyISAM DEFAULT CHARSET=utf8 COLLATE=utf8_unicode_ci;
/*!40101 SET character_set_client = @saved_cs_client */;

--
-- Dumping data for table `glpi_networkports`
--

LOCK TABLES `glpi_networkports` WRITE;
/*!40000 ALTER TABLE `glpi_networkports` DISABLE KEYS */;
/*!40000 ALTER TABLE `glpi_networkports` ENABLE KEYS */;
UNLOCK TABLES;

--
-- Table structure for table `glpi_networkports_networkports`
--

DROP TABLE IF EXISTS `glpi_networkports_networkports`;
/*!40101 SET @saved_cs_client     = @@character_set_client */;
/*!40101 SET character_set_client = utf8 */;
CREATE TABLE `glpi_networkports_networkports` (
  `id` int(11) NOT NULL AUTO_INCREMENT,
  `networkports_id_1` int(11) NOT NULL DEFAULT '0',
  `networkports_id_2` int(11) NOT NULL DEFAULT '0',
  PRIMARY KEY (`id`),
  UNIQUE KEY `unicity` (`networkports_id_1`,`networkports_id_2`),
  KEY `networkports_id_2` (`networkports_id_2`)
) ENGINE=MyISAM DEFAULT CHARSET=utf8 COLLATE=utf8_unicode_ci;
/*!40101 SET character_set_client = @saved_cs_client */;

--
-- Dumping data for table `glpi_networkports_networkports`
--

LOCK TABLES `glpi_networkports_networkports` WRITE;
/*!40000 ALTER TABLE `glpi_networkports_networkports` DISABLE KEYS */;
/*!40000 ALTER TABLE `glpi_networkports_networkports` ENABLE KEYS */;
UNLOCK TABLES;

--
-- Table structure for table `glpi_networkports_vlans`
--

DROP TABLE IF EXISTS `glpi_networkports_vlans`;
/*!40101 SET @saved_cs_client     = @@character_set_client */;
/*!40101 SET character_set_client = utf8 */;
CREATE TABLE `glpi_networkports_vlans` (
  `id` int(11) NOT NULL AUTO_INCREMENT,
  `networkports_id` int(11) NOT NULL DEFAULT '0',
  `vlans_id` int(11) NOT NULL DEFAULT '0',
  `tagged` tinyint(1) NOT NULL DEFAULT '0',
  PRIMARY KEY (`id`),
  UNIQUE KEY `unicity` (`networkports_id`,`vlans_id`),
  KEY `vlans_id` (`vlans_id`)
) ENGINE=MyISAM DEFAULT CHARSET=utf8 COLLATE=utf8_unicode_ci;
/*!40101 SET character_set_client = @saved_cs_client */;

--
-- Dumping data for table `glpi_networkports_vlans`
--

LOCK TABLES `glpi_networkports_vlans` WRITE;
/*!40000 ALTER TABLE `glpi_networkports_vlans` DISABLE KEYS */;
/*!40000 ALTER TABLE `glpi_networkports_vlans` ENABLE KEYS */;
UNLOCK TABLES;

--
-- Table structure for table `glpi_networkportwifis`
--

DROP TABLE IF EXISTS `glpi_networkportwifis`;
/*!40101 SET @saved_cs_client     = @@character_set_client */;
/*!40101 SET character_set_client = utf8 */;
CREATE TABLE `glpi_networkportwifis` (
  `id` int(11) NOT NULL AUTO_INCREMENT,
  `networkports_id` int(11) NOT NULL DEFAULT '0',
  `items_devicenetworkcards_id` int(11) NOT NULL DEFAULT '0',
  `wifinetworks_id` int(11) NOT NULL DEFAULT '0',
  `networkportwifis_id` int(11) NOT NULL DEFAULT '0' COMMENT 'only useful in case of Managed node',
  `version` varchar(20) COLLATE utf8_unicode_ci DEFAULT NULL COMMENT 'a, a/b, a/b/g, a/b/g/n, a/b/g/n/y',
  `mode` varchar(20) COLLATE utf8_unicode_ci DEFAULT NULL COMMENT 'ad-hoc, managed, master, repeater, secondary, monitor, auto',
  `date_mod` datetime DEFAULT NULL,
  `date_creation` datetime DEFAULT NULL,
  PRIMARY KEY (`id`),
  UNIQUE KEY `networkports_id` (`networkports_id`),
  KEY `card` (`items_devicenetworkcards_id`),
  KEY `essid` (`wifinetworks_id`),
  KEY `version` (`version`),
  KEY `mode` (`mode`),
  KEY `date_mod` (`date_mod`),
  KEY `date_creation` (`date_creation`)
) ENGINE=MyISAM DEFAULT CHARSET=utf8 COLLATE=utf8_unicode_ci;
/*!40101 SET character_set_client = @saved_cs_client */;

--
-- Dumping data for table `glpi_networkportwifis`
--

LOCK TABLES `glpi_networkportwifis` WRITE;
/*!40000 ALTER TABLE `glpi_networkportwifis` DISABLE KEYS */;
/*!40000 ALTER TABLE `glpi_networkportwifis` ENABLE KEYS */;
UNLOCK TABLES;

--
-- Table structure for table `glpi_networks`
--

DROP TABLE IF EXISTS `glpi_networks`;
/*!40101 SET @saved_cs_client     = @@character_set_client */;
/*!40101 SET character_set_client = utf8 */;
CREATE TABLE `glpi_networks` (
  `id` int(11) NOT NULL AUTO_INCREMENT,
  `name` varchar(255) COLLATE utf8_unicode_ci DEFAULT NULL,
  `comment` text COLLATE utf8_unicode_ci,
  `date_mod` datetime DEFAULT NULL,
  `date_creation` datetime DEFAULT NULL,
  PRIMARY KEY (`id`),
  KEY `name` (`name`),
  KEY `date_mod` (`date_mod`),
  KEY `date_creation` (`date_creation`)
) ENGINE=MyISAM DEFAULT CHARSET=utf8 COLLATE=utf8_unicode_ci;
/*!40101 SET character_set_client = @saved_cs_client */;

--
-- Dumping data for table `glpi_networks`
--

LOCK TABLES `glpi_networks` WRITE;
/*!40000 ALTER TABLE `glpi_networks` DISABLE KEYS */;
/*!40000 ALTER TABLE `glpi_networks` ENABLE KEYS */;
UNLOCK TABLES;

--
-- Table structure for table `glpi_notepads`
--

DROP TABLE IF EXISTS `glpi_notepads`;
/*!40101 SET @saved_cs_client     = @@character_set_client */;
/*!40101 SET character_set_client = utf8 */;
CREATE TABLE `glpi_notepads` (
  `id` int(11) NOT NULL AUTO_INCREMENT,
  `itemtype` varchar(100) COLLATE utf8_unicode_ci DEFAULT NULL,
  `items_id` int(11) NOT NULL DEFAULT '0',
  `date` datetime DEFAULT NULL,
  `date_mod` datetime DEFAULT NULL,
  `users_id` int(11) NOT NULL DEFAULT '0',
  `users_id_lastupdater` int(11) NOT NULL DEFAULT '0',
  `content` longtext COLLATE utf8_unicode_ci,
  PRIMARY KEY (`id`),
  KEY `item` (`itemtype`,`items_id`),
  KEY `date_mod` (`date_mod`),
  KEY `date` (`date`),
  KEY `users_id_lastupdater` (`users_id_lastupdater`),
  KEY `users_id` (`users_id`)
) ENGINE=MyISAM DEFAULT CHARSET=utf8 COLLATE=utf8_unicode_ci;
/*!40101 SET character_set_client = @saved_cs_client */;

--
-- Dumping data for table `glpi_notepads`
--

LOCK TABLES `glpi_notepads` WRITE;
/*!40000 ALTER TABLE `glpi_notepads` DISABLE KEYS */;
/*!40000 ALTER TABLE `glpi_notepads` ENABLE KEYS */;
UNLOCK TABLES;

--
-- Table structure for table `glpi_notifications`
--

DROP TABLE IF EXISTS `glpi_notifications`;
/*!40101 SET @saved_cs_client     = @@character_set_client */;
/*!40101 SET character_set_client = utf8 */;
CREATE TABLE `glpi_notifications` (
  `id` int(11) NOT NULL AUTO_INCREMENT,
  `name` varchar(255) COLLATE utf8_unicode_ci DEFAULT NULL,
  `entities_id` int(11) NOT NULL DEFAULT '0',
  `itemtype` varchar(100) COLLATE utf8_unicode_ci NOT NULL,
  `event` varchar(255) COLLATE utf8_unicode_ci NOT NULL,
  `mode` varchar(255) COLLATE utf8_unicode_ci NOT NULL,
  `notificationtemplates_id` int(11) NOT NULL DEFAULT '0',
  `comment` text COLLATE utf8_unicode_ci,
  `is_recursive` tinyint(1) NOT NULL DEFAULT '0',
  `is_active` tinyint(1) NOT NULL DEFAULT '0',
  `date_mod` datetime DEFAULT NULL,
  `date_creation` datetime DEFAULT NULL,
  PRIMARY KEY (`id`),
  KEY `name` (`name`),
  KEY `itemtype` (`itemtype`),
  KEY `entities_id` (`entities_id`),
  KEY `is_active` (`is_active`),
  KEY `date_mod` (`date_mod`),
  KEY `is_recursive` (`is_recursive`),
  KEY `notificationtemplates_id` (`notificationtemplates_id`),
  KEY `date_creation` (`date_creation`)
) ENGINE=MyISAM AUTO_INCREMENT=59 DEFAULT CHARSET=utf8 COLLATE=utf8_unicode_ci;
/*!40101 SET character_set_client = @saved_cs_client */;

--
-- Dumping data for table `glpi_notifications`
--

LOCK TABLES `glpi_notifications` WRITE;
/*!40000 ALTER TABLE `glpi_notifications` DISABLE KEYS */;
INSERT INTO `glpi_notifications` VALUES (1,'Alert Tickets not closed',0,'Ticket','alertnotclosed','mail',6,'',1,1,'2010-02-16 16:41:39',NULL),(2,'New Ticket',0,'Ticket','new','mail',4,'',1,1,'2010-02-16 16:41:39',NULL),(3,'Update Ticket',0,'Ticket','update','mail',4,'',1,1,'2010-02-16 16:41:39',NULL),(4,'Close Ticket',0,'Ticket','closed','mail',4,'',1,1,'2010-02-16 16:41:39',NULL),(5,'Add Followup',0,'Ticket','add_followup','mail',4,'',1,1,'2010-02-16 16:41:39',NULL),(6,'Add Task',0,'Ticket','add_task','mail',4,'',1,1,'2010-02-16 16:41:39',NULL),(7,'Update Followup',0,'Ticket','update_followup','mail',4,'',1,1,'2010-02-16 16:41:39',NULL),(8,'Update Task',0,'Ticket','update_task','mail',4,'',1,1,'2010-02-16 16:41:39',NULL),(9,'Delete Followup',0,'Ticket','delete_followup','mail',4,'',1,1,'2010-02-16 16:41:39',NULL),(10,'Delete Task',0,'Ticket','delete_task','mail',4,'',1,1,'2010-02-16 16:41:39',NULL),(11,'Resolve ticket',0,'Ticket','solved','mail',4,'',1,1,'2010-02-16 16:41:39',NULL),(12,'Ticket Validation',0,'Ticket','validation','mail',7,'',1,1,'2010-02-16 16:41:39',NULL),(13,'New Reservation',0,'Reservation','new','mail',2,'',1,1,'2010-02-16 16:41:39',NULL),(14,'Update Reservation',0,'Reservation','update','mail',2,'',1,1,'2010-02-16 16:41:39',NULL),(15,'Delete Reservation',0,'Reservation','delete','mail',2,'',1,1,'2010-02-16 16:41:39',NULL),(16,'Alert Reservation',0,'Reservation','alert','mail',3,'',1,1,'2010-02-16 16:41:39',NULL),(17,'Contract Notice',0,'Contract','notice','mail',12,'',1,1,'2010-02-16 16:41:39',NULL),(18,'Contract End',0,'Contract','end','mail',12,'',1,1,'2010-02-16 16:41:39',NULL),(19,'MySQL Synchronization',0,'DBConnection','desynchronization','mail',1,'',1,1,'2010-02-16 16:41:39',NULL),(20,'Cartridges',0,'CartridgeItem','alert','mail',8,'',1,1,'2010-02-16 16:41:39',NULL),(21,'Consumables',0,'ConsumableItem','alert','mail',9,'',1,1,'2010-02-16 16:41:39',NULL),(22,'Infocoms',0,'Infocom','alert','mail',10,'',1,1,'2010-02-16 16:41:39',NULL),(23,'Software Licenses',0,'SoftwareLicense','alert','mail',11,'',1,1,'2010-02-16 16:41:39',NULL),(24,'Ticket Recall',0,'Ticket','recall','mail',4,'',1,1,'2011-03-04 11:35:13',NULL),(25,'Password Forget',0,'User','passwordforget','mail',13,'',1,1,'2011-03-04 11:35:13',NULL),(26,'Ticket Satisfaction',0,'Ticket','satisfaction','mail',14,'',1,1,'2011-03-04 11:35:15',NULL),(27,'Item not unique',0,'FieldUnicity','refuse','mail',15,'',1,1,'2011-03-04 11:35:16',NULL),(28,'Crontask Watcher',0,'Crontask','alert','mail',16,'',1,1,'2011-03-04 11:35:16',NULL),(29,'New Problem',0,'Problem','new','mail',17,'',1,1,'2011-12-06 09:48:33',NULL),(30,'Update Problem',0,'Problem','update','mail',17,'',1,1,'2011-12-06 09:48:33',NULL),(31,'Resolve Problem',0,'Problem','solved','mail',17,'',1,1,'2011-12-06 09:48:33',NULL),(32,'Add Task',0,'Problem','add_task','mail',17,'',1,1,'2011-12-06 09:48:33',NULL),(33,'Update Task',0,'Problem','update_task','mail',17,'',1,1,'2011-12-06 09:48:33',NULL),(34,'Delete Task',0,'Problem','delete_task','mail',17,'',1,1,'2011-12-06 09:48:33',NULL),(35,'Close Problem',0,'Problem','closed','mail',17,'',1,1,'2011-12-06 09:48:33',NULL),(36,'Delete Problem',0,'Problem','delete','mail',17,'',1,1,'2011-12-06 09:48:33',NULL),(37,'Ticket Validation Answer',0,'Ticket','validation_answer','mail',7,'',1,1,'2014-01-15 14:35:24',NULL),(38,'Contract End Periodicity',0,'Contract','periodicity','mail',12,'',1,1,'2014-01-15 14:35:24',NULL),(39,'Contract Notice Periodicity',0,'Contract','periodicitynotice','mail',12,'',1,1,'2014-01-15 14:35:24',NULL),(40,'Planning recall',0,'PlanningRecall','planningrecall','mail',18,'',1,1,'2014-01-15 14:35:24',NULL),(41,'Delete Ticket',0,'Ticket','delete','mail',4,'',1,1,'2014-01-15 14:35:26',NULL),(42,'New Change',0,'Change','new','mail',19,'',1,1,'2014-06-18 08:02:07',NULL),(43,'Update Change',0,'Change','update','mail',19,'',1,1,'2014-06-18 08:02:07',NULL),(44,'Resolve Change',0,'Change','solved','mail',19,'',1,1,'2014-06-18 08:02:07',NULL),(45,'Add Task',0,'Change','add_task','mail',19,'',1,1,'2014-06-18 08:02:07',NULL),(46,'Update Task',0,'Change','update_task','mail',19,'',1,1,'2014-06-18 08:02:07',NULL),(47,'Delete Task',0,'Change','delete_task','mail',19,'',1,1,'2014-06-18 08:02:07',NULL),(48,'Close Change',0,'Change','closed','mail',19,'',1,1,'2014-06-18 08:02:07',NULL),(49,'Delete Change',0,'Change','delete','mail',19,'',1,1,'2014-06-18 08:02:07',NULL),(50,'Ticket Satisfaction Answer',0,'Ticket','replysatisfaction','mail',14,'',1,1,'2014-06-18 08:02:08',NULL),(51,'Receiver errors',0,'MailCollector','error','mail',20,'',1,1,'2014-06-18 08:02:08',NULL),(52,'New Project',0,'Project','new','mail',21,'',1,1,'2014-06-18 08:02:09',NULL),(53,'Update Project',0,'Project','update','mail',21,'',1,1,'2014-06-18 08:02:09',NULL),(54,'Delete Project',0,'Project','delete','mail',21,'',1,1,'2014-06-18 08:02:09',NULL),(55,'New Project Task',0,'ProjectTask','new','mail',22,'',1,1,'2014-06-18 08:02:09',NULL),(56,'Update Project Task',0,'ProjectTask','update','mail',22,'',1,1,'2014-06-18 08:02:09',NULL),(57,'Delete Project Task',0,'ProjectTask','delete','mail',22,'',1,1,'2014-06-18 08:02:09',NULL),(58,'Request Unlock Items',0,'ObjectLock','unlock','mail',23,'',1,1,'2016-02-08 16:57:46',NULL);
/*!40000 ALTER TABLE `glpi_notifications` ENABLE KEYS */;
UNLOCK TABLES;

--
-- Table structure for table `glpi_notificationtargets`
--

DROP TABLE IF EXISTS `glpi_notificationtargets`;
/*!40101 SET @saved_cs_client     = @@character_set_client */;
/*!40101 SET character_set_client = utf8 */;
CREATE TABLE `glpi_notificationtargets` (
  `id` int(11) NOT NULL AUTO_INCREMENT,
  `items_id` int(11) NOT NULL DEFAULT '0',
  `type` int(11) NOT NULL DEFAULT '0',
  `notifications_id` int(11) NOT NULL DEFAULT '0',
  PRIMARY KEY (`id`),
  KEY `items` (`type`,`items_id`),
  KEY `notifications_id` (`notifications_id`)
) ENGINE=MyISAM AUTO_INCREMENT=124 DEFAULT CHARSET=utf8 COLLATE=utf8_unicode_ci;
/*!40101 SET character_set_client = @saved_cs_client */;

--
-- Dumping data for table `glpi_notificationtargets`
--

LOCK TABLES `glpi_notificationtargets` WRITE;
/*!40000 ALTER TABLE `glpi_notificationtargets` DISABLE KEYS */;
INSERT INTO `glpi_notificationtargets` VALUES (1,3,1,13),(2,1,1,13),(3,3,2,2),(4,1,1,2),(5,1,1,3),(6,1,1,5),(7,1,1,4),(8,2,1,3),(9,4,1,3),(10,3,1,2),(11,3,1,3),(12,3,1,5),(13,3,1,4),(14,1,1,19),(15,14,1,12),(16,3,1,14),(17,1,1,14),(18,3,1,15),(19,1,1,15),(20,1,1,6),(21,3,1,6),(22,1,1,7),(23,3,1,7),(24,1,1,8),(25,3,1,8),(26,1,1,9),(27,3,1,9),(28,1,1,10),(29,3,1,10),(30,1,1,11),(31,3,1,11),(32,19,1,25),(33,3,1,26),(34,21,1,2),(35,21,1,3),(36,21,1,5),(37,21,1,4),(38,21,1,6),(39,21,1,7),(40,21,1,8),(41,21,1,9),(42,21,1,10),(43,21,1,11),(75,1,1,41),(46,1,1,28),(47,3,1,29),(48,1,1,29),(49,21,1,29),(50,2,1,30),(51,4,1,30),(52,3,1,30),(53,1,1,30),(54,21,1,30),(55,3,1,31),(56,1,1,31),(57,21,1,31),(58,3,1,32),(59,1,1,32),(60,21,1,32),(61,3,1,33),(62,1,1,33),(63,21,1,33),(64,3,1,34),(65,1,1,34),(66,21,1,34),(67,3,1,35),(68,1,1,35),(69,21,1,35),(70,3,1,36),(71,1,1,36),(72,21,1,36),(73,14,1,37),(74,3,1,40),(76,3,1,42),(77,1,1,42),(78,21,1,42),(79,2,1,43),(80,4,1,43),(81,3,1,43),(82,1,1,43),(83,21,1,43),(84,3,1,44),(85,1,1,44),(86,21,1,44),(87,3,1,45),(88,1,1,45),(89,21,1,45),(90,3,1,46),(91,1,1,46),(92,21,1,46),(93,3,1,47),(94,1,1,47),(95,21,1,47),(96,3,1,48),(97,1,1,48),(98,21,1,48),(99,3,1,49),(100,1,1,49),(101,21,1,49),(102,3,1,50),(103,2,1,50),(104,1,1,51),(105,27,1,52),(106,1,1,52),(107,28,1,52),(108,27,1,53),(109,1,1,53),(110,28,1,53),(111,27,1,54),(112,1,1,54),(113,28,1,54),(114,31,1,55),(115,1,1,55),(116,32,1,55),(117,31,1,56),(118,1,1,56),(119,32,1,56),(120,31,1,57),(121,1,1,57),(122,32,1,57),(123,19,1,58);
/*!40000 ALTER TABLE `glpi_notificationtargets` ENABLE KEYS */;
UNLOCK TABLES;

--
-- Table structure for table `glpi_notificationtemplates`
--

DROP TABLE IF EXISTS `glpi_notificationtemplates`;
/*!40101 SET @saved_cs_client     = @@character_set_client */;
/*!40101 SET character_set_client = utf8 */;
CREATE TABLE `glpi_notificationtemplates` (
  `id` int(11) NOT NULL AUTO_INCREMENT,
  `name` varchar(255) COLLATE utf8_unicode_ci DEFAULT NULL,
  `itemtype` varchar(100) COLLATE utf8_unicode_ci NOT NULL,
  `date_mod` datetime DEFAULT NULL,
  `comment` text COLLATE utf8_unicode_ci,
  `css` text COLLATE utf8_unicode_ci,
  `date_creation` datetime DEFAULT NULL,
  PRIMARY KEY (`id`),
  KEY `itemtype` (`itemtype`),
  KEY `date_mod` (`date_mod`),
  KEY `name` (`name`),
  KEY `date_creation` (`date_creation`)
) ENGINE=MyISAM AUTO_INCREMENT=24 DEFAULT CHARSET=utf8 COLLATE=utf8_unicode_ci;
/*!40101 SET character_set_client = @saved_cs_client */;

--
-- Dumping data for table `glpi_notificationtemplates`
--

LOCK TABLES `glpi_notificationtemplates` WRITE;
/*!40000 ALTER TABLE `glpi_notificationtemplates` DISABLE KEYS */;
INSERT INTO `glpi_notificationtemplates` VALUES (1,'MySQL Synchronization','DBConnection','2010-02-01 15:51:46','',NULL,NULL),(2,'Reservations','Reservation','2010-02-03 14:03:45','',NULL,NULL),(3,'Alert Reservation','Reservation','2010-02-03 14:03:45','',NULL,NULL),(4,'Tickets','Ticket','2010-02-07 21:39:15','',NULL,NULL),(5,'Tickets (Simple)','Ticket','2010-02-07 21:39:15','',NULL,NULL),(6,'Alert Tickets not closed','Ticket','2010-02-07 21:39:15','',NULL,NULL),(7,'Tickets Validation','Ticket','2010-02-26 21:39:15','',NULL,NULL),(8,'Cartridges','CartridgeItem','2010-02-16 13:17:24','',NULL,NULL),(9,'Consumables','ConsumableItem','2010-02-16 13:17:38','',NULL,NULL),(10,'Infocoms','Infocom','2010-02-16 13:17:55','',NULL,NULL),(11,'Licenses','SoftwareLicense','2010-02-16 13:18:12','',NULL,NULL),(12,'Contracts','Contract','2010-02-16 13:18:12','',NULL,NULL),(13,'Password Forget','User','2011-03-04 11:35:13',NULL,NULL,NULL),(14,'Ticket Satisfaction','Ticket','2011-03-04 11:35:15',NULL,NULL,NULL),(15,'Item not unique','FieldUnicity','2011-03-04 11:35:16',NULL,NULL,NULL),(16,'Crontask','Crontask','2011-03-04 11:35:16',NULL,NULL,NULL),(17,'Problems','Problem','2011-12-06 09:48:33',NULL,NULL,NULL),(18,'Planning recall','PlanningRecall','2014-01-15 14:35:24',NULL,NULL,NULL),(19,'Changes','Change','2014-06-18 08:02:07',NULL,NULL,NULL),(20,'Receiver errors','MailCollector','2014-06-18 08:02:08',NULL,NULL,NULL),(21,'Projects','Project','2014-06-18 08:02:09',NULL,NULL,NULL),(22,'Project Tasks','ProjectTask','2014-06-18 08:02:09',NULL,NULL,NULL),(23,'Unlock Item request','ObjectLock','2016-02-08 16:57:46',NULL,NULL,NULL);
/*!40000 ALTER TABLE `glpi_notificationtemplates` ENABLE KEYS */;
UNLOCK TABLES;

--
-- Table structure for table `glpi_notificationtemplatetranslations`
--

DROP TABLE IF EXISTS `glpi_notificationtemplatetranslations`;
/*!40101 SET @saved_cs_client     = @@character_set_client */;
/*!40101 SET character_set_client = utf8 */;
CREATE TABLE `glpi_notificationtemplatetranslations` (
  `id` int(11) NOT NULL AUTO_INCREMENT,
  `notificationtemplates_id` int(11) NOT NULL DEFAULT '0',
  `language` char(5) COLLATE utf8_unicode_ci NOT NULL DEFAULT '',
  `subject` varchar(255) COLLATE utf8_unicode_ci NOT NULL,
  `content_text` text COLLATE utf8_unicode_ci,
  `content_html` text COLLATE utf8_unicode_ci,
  PRIMARY KEY (`id`),
  KEY `notificationtemplates_id` (`notificationtemplates_id`)
) ENGINE=MyISAM AUTO_INCREMENT=24 DEFAULT CHARSET=utf8 COLLATE=utf8_unicode_ci;
/*!40101 SET character_set_client = @saved_cs_client */;

--
-- Dumping data for table `glpi_notificationtemplatetranslations`
--

LOCK TABLES `glpi_notificationtemplatetranslations` WRITE;
/*!40000 ALTER TABLE `glpi_notificationtemplatetranslations` DISABLE KEYS */;
INSERT INTO `glpi_notificationtemplatetranslations` VALUES (1,1,'','##lang.dbconnection.title##','##lang.dbconnection.delay## : ##dbconnection.delay##\n','&lt;p&gt;##lang.dbconnection.delay## : ##dbconnection.delay##&lt;/p&gt;'),(2,2,'','##reservation.action##','======================================================================\n##lang.reservation.user##: ##reservation.user##\n##lang.reservation.item.name##: ##reservation.itemtype## - ##reservation.item.name##\n##IFreservation.tech## ##lang.reservation.tech## ##reservation.tech## ##ENDIFreservation.tech##\n##lang.reservation.begin##: ##reservation.begin##\n##lang.reservation.end##: ##reservation.end##\n##lang.reservation.comment##: ##reservation.comment##\n======================================================================\n','&lt;!-- description{ color: inherit; background: #ebebeb;border-style: solid;border-color: #8d8d8d; border-width: 0px 1px 1px 0px; } --&gt;\n&lt;p&gt;&lt;span style=\"color: #8b8c8f; font-weight: bold; text-decoration: underline;\"&gt;##lang.reservation.user##:&lt;/span&gt;##reservation.user##&lt;br /&gt; &lt;span style=\"color: #8b8c8f; font-weight: bold; text-decoration: underline;\"&gt;##lang.reservation.item.name##:&lt;/span&gt;##reservation.itemtype## - ##reservation.item.name##&lt;br /&gt;##IFreservation.tech## ##lang.reservation.tech## ##reservation.tech####ENDIFreservation.tech##&lt;br /&gt; &lt;span style=\"color: #8b8c8f; font-weight: bold; text-decoration: underline;\"&gt;##lang.reservation.begin##:&lt;/span&gt; ##reservation.begin##&lt;br /&gt; &lt;span style=\"color: #8b8c8f; font-weight: bold; text-decoration: underline;\"&gt;##lang.reservation.end##:&lt;/span&gt;##reservation.end##&lt;br /&gt; &lt;span style=\"color: #8b8c8f; font-weight: bold; text-decoration: underline;\"&gt;##lang.reservation.comment##:&lt;/span&gt; ##reservation.comment##&lt;/p&gt;'),(3,3,'','##reservation.action##  ##reservation.entity##','##lang.reservation.entity## : ##reservation.entity##\n\n\n##FOREACHreservations##\n##lang.reservation.itemtype## : ##reservation.itemtype##\n\n ##lang.reservation.item## : ##reservation.item##\n\n ##reservation.url##\n\n ##ENDFOREACHreservations##','&lt;p&gt;##lang.reservation.entity## : ##reservation.entity## &lt;br /&gt; &lt;br /&gt;\n##FOREACHreservations## &lt;br /&gt;##lang.reservation.itemtype## :  ##reservation.itemtype##&lt;br /&gt;\n ##lang.reservation.item## :  ##reservation.item##&lt;br /&gt; &lt;br /&gt;\n &lt;a href=\"##reservation.url##\"&gt; ##reservation.url##&lt;/a&gt;&lt;br /&gt;\n ##ENDFOREACHreservations##&lt;/p&gt;'),(4,4,'','##ticket.action## ##ticket.title##',' ##IFticket.storestatus=5##\n ##lang.ticket.url## : ##ticket.urlapprove##\n ##lang.ticket.autoclosewarning##\n ##lang.ticket.solvedate## : ##ticket.solvedate##\n ##lang.ticket.solution.type## : ##ticket.solution.type##\n ##lang.ticket.solution.description## : ##ticket.solution.description## ##ENDIFticket.storestatus##\n ##ELSEticket.storestatus## ##lang.ticket.url## : ##ticket.url## ##ENDELSEticket.storestatus##\n\n ##lang.ticket.description##\n\n ##lang.ticket.title## : ##ticket.title##\n ##lang.ticket.authors## : ##IFticket.authors## ##ticket.authors## ##ENDIFticket.authors## ##ELSEticket.authors##--##ENDELSEticket.authors##\n ##lang.ticket.creationdate## : ##ticket.creationdate##\n ##lang.ticket.closedate## : ##ticket.closedate##\n ##lang.ticket.requesttype## : ##ticket.requesttype##\n##lang.ticket.item.name## :\n\n##FOREACHitems##\n\n ##IFticket.itemtype##\n  ##ticket.itemtype## - ##ticket.item.name##\n  ##IFticket.item.model## ##lang.ticket.item.model## : ##ticket.item.model## ##ENDIFticket.item.model##\n  ##IFticket.item.serial## ##lang.ticket.item.serial## : ##ticket.item.serial## ##ENDIFticket.item.serial##\n  ##IFticket.item.otherserial## ##lang.ticket.item.otherserial## : ##ticket.item.otherserial## ##ENDIFticket.item.otherserial##\n ##ENDIFticket.itemtype##\n\n##ENDFOREACHitems##\n##IFticket.assigntousers## ##lang.ticket.assigntousers## : ##ticket.assigntousers## ##ENDIFticket.assigntousers##\n ##lang.ticket.status## : ##ticket.status##\n##IFticket.assigntogroups## ##lang.ticket.assigntogroups## : ##ticket.assigntogroups## ##ENDIFticket.assigntogroups##\n ##lang.ticket.urgency## : ##ticket.urgency##\n ##lang.ticket.impact## : ##ticket.impact##\n ##lang.ticket.priority## : ##ticket.priority##\n##IFticket.user.email## ##lang.ticket.user.email## : ##ticket.user.email ##ENDIFticket.user.email##\n##IFticket.category## ##lang.ticket.category## : ##ticket.category## ##ENDIFticket.category## ##ELSEticket.category## ##lang.ticket.nocategoryassigned## ##ENDELSEticket.category##\n ##lang.ticket.content## : ##ticket.content##\n ##IFticket.storestatus=6##\n\n ##lang.ticket.solvedate## : ##ticket.solvedate##\n ##lang.ticket.solution.type## : ##ticket.solution.type##\n ##lang.ticket.solution.description## : ##ticket.solution.description##\n ##ENDIFticket.storestatus##\n ##lang.ticket.numberoffollowups## : ##ticket.numberoffollowups##\n\n##FOREACHfollowups##\n\n [##followup.date##] ##lang.followup.isprivate## : ##followup.isprivate##\n ##lang.followup.author## ##followup.author##\n ##lang.followup.description## ##followup.description##\n ##lang.followup.date## ##followup.date##\n ##lang.followup.requesttype## ##followup.requesttype##\n\n##ENDFOREACHfollowups##\n ##lang.ticket.numberoftasks## : ##ticket.numberoftasks##\n\n##FOREACHtasks##\n\n [##task.date##] ##lang.task.isprivate## : ##task.isprivate##\n ##lang.task.author## ##task.author##\n ##lang.task.description## ##task.description##\n ##lang.task.time## ##task.time##\n ##lang.task.category## ##task.category##\n\n##ENDFOREACHtasks##','<!-- description{ color: inherit; background: #ebebeb; border-style: solid;border-color: #8d8d8d; border-width: 0px 1px 1px 0px; }    -->\n<div>##IFticket.storestatus=5##</div>\n<div>##lang.ticket.url## : <a href=\"##ticket.urlapprove##\">##ticket.urlapprove##</a> <strong>&#160;</strong></div>\n<div><strong>##lang.ticket.autoclosewarning##</strong></div>\n<div><span style=\"color: #888888;\"><strong><span style=\"text-decoration: underline;\">##lang.ticket.solvedate##</span></strong></span> : ##ticket.solvedate##<br /><span style=\"text-decoration: underline; color: #888888;\"><strong>##lang.ticket.solution.type##</strong></span> : ##ticket.solution.type##<br /><span style=\"text-decoration: underline; color: #888888;\"><strong>##lang.ticket.solution.description##</strong></span> : ##ticket.solution.description## ##ENDIFticket.storestatus##</div>\n<div>##ELSEticket.storestatus## ##lang.ticket.url## : <a href=\"##ticket.url##\">##ticket.url##</a> ##ENDELSEticket.storestatus##</div>\n<p class=\"description b\"><strong>##lang.ticket.description##</strong></p>\n<p><span style=\"color: #8b8c8f; font-weight: bold; text-decoration: underline;\"> ##lang.ticket.title##</span>&#160;:##ticket.title## <br /> <span style=\"color: #8b8c8f; font-weight: bold; text-decoration: underline;\"> ##lang.ticket.authors##</span>&#160;:##IFticket.authors## ##ticket.authors## ##ENDIFticket.authors##    ##ELSEticket.authors##--##ENDELSEticket.authors## <br /> <span style=\"color: #8b8c8f; font-weight: bold; text-decoration: underline;\"> ##lang.ticket.creationdate##</span>&#160;:##ticket.creationdate## <br /> <span style=\"color: #8b8c8f; font-weight: bold; text-decoration: underline;\"> ##lang.ticket.closedate##</span>&#160;:##ticket.closedate## <br /> <span style=\"color: #8b8c8f; font-weight: bold; text-decoration: underline;\"> ##lang.ticket.requesttype##</span>&#160;:##ticket.requesttype##<br />\n<br /><span style=\"color: #8b8c8f; font-weight: bold; text-decoration: underline;\"> ##lang.ticket.item.name##</span>&#160;:\n<p>##FOREACHitems##</p>\n<div class=\"description b\">##IFticket.itemtype## ##ticket.itemtype##&#160;- ##ticket.item.name## ##IFticket.item.model## ##lang.ticket.item.model## : ##ticket.item.model## ##ENDIFticket.item.model## ##IFticket.item.serial## ##lang.ticket.item.serial## : ##ticket.item.serial## ##ENDIFticket.item.serial## ##IFticket.item.otherserial## ##lang.ticket.item.otherserial## : ##ticket.item.otherserial## ##ENDIFticket.item.otherserial## ##ENDIFticket.itemtype## </div><br />\n<p>##ENDFOREACHitems##</p>\n##IFticket.assigntousers## <span style=\"color: #8b8c8f; font-weight: bold; text-decoration: underline;\"> ##lang.ticket.assigntousers##</span>&#160;: ##ticket.assigntousers## ##ENDIFticket.assigntousers##<br /> <span style=\"color: #8b8c8f; font-weight: bold; text-decoration: underline;\">##lang.ticket.status## </span>&#160;: ##ticket.status##<br /> ##IFticket.assigntogroups## <span style=\"color: #8b8c8f; font-weight: bold; text-decoration: underline;\"> ##lang.ticket.assigntogroups##</span>&#160;: ##ticket.assigntogroups## ##ENDIFticket.assigntogroups##<br /> <span style=\"color: #8b8c8f; font-weight: bold; text-decoration: underline;\"> ##lang.ticket.urgency##</span>&#160;: ##ticket.urgency##<br /> <span style=\"color: #8b8c8f; font-weight: bold; text-decoration: underline;\"> ##lang.ticket.impact##</span>&#160;: ##ticket.impact##<br /> <span style=\"color: #8b8c8f; font-weight: bold; text-decoration: underline;\"> ##lang.ticket.priority##</span>&#160;: ##ticket.priority## <br /> ##IFticket.user.email##<span style=\"color: #8b8c8f; font-weight: bold; text-decoration: underline;\"> ##lang.ticket.user.email##</span>&#160;: ##ticket.user.email ##ENDIFticket.user.email##    <br /> ##IFticket.category##<span style=\"color: #8b8c8f; font-weight: bold; text-decoration: underline;\">##lang.ticket.category## </span>&#160;:##ticket.category## ##ENDIFticket.category## ##ELSEticket.category## ##lang.ticket.nocategoryassigned## ##ENDELSEticket.category##    <br /> <span style=\"color: #8b8c8f; font-weight: bold; text-decoration: underline;\"> ##lang.ticket.content##</span>&#160;: ##ticket.content##</p>\n<br />##IFticket.storestatus=6##<br /><span style=\"text-decoration: underline;\"><strong><span style=\"color: #888888;\">##lang.ticket.solvedate##</span></strong></span> : ##ticket.solvedate##<br /><span style=\"color: #888888;\"><strong><span style=\"text-decoration: underline;\">##lang.ticket.solution.type##</span></strong></span> : ##ticket.solution.type##<br /><span style=\"text-decoration: underline; color: #888888;\"><strong>##lang.ticket.solution.description##</strong></span> : ##ticket.solution.description##<br />##ENDIFticket.storestatus##</p>\n<div class=\"description b\">##lang.ticket.numberoffollowups##&#160;: ##ticket.numberoffollowups##</div>\n<p>##FOREACHfollowups##</p>\n<div class=\"description b\"><br /> <strong> [##followup.date##] <em>##lang.followup.isprivate## : ##followup.isprivate## </em></strong><br /> <span style=\"color: #8b8c8f; font-weight: bold; text-decoration: underline;\"> ##lang.followup.author## </span> ##followup.author##<br /> <span style=\"color: #8b8c8f; font-weight: bold; text-decoration: underline;\"> ##lang.followup.description## </span> ##followup.description##<br /> <span style=\"color: #8b8c8f; font-weight: bold; text-decoration: underline;\"> ##lang.followup.date## </span> ##followup.date##<br /> <span style=\"color: #8b8c8f; font-weight: bold; text-decoration: underline;\"> ##lang.followup.requesttype## </span> ##followup.requesttype##</div>\n<p>##ENDFOREACHfollowups##</p>\n<div class=\"description b\">##lang.ticket.numberoftasks##&#160;: ##ticket.numberoftasks##</div>\n<p>##FOREACHtasks##</p>\n<div class=\"description b\"><br /> <strong> [##task.date##] <em>##lang.task.isprivate## : ##task.isprivate## </em></strong><br /> <span style=\"color: #8b8c8f; font-weight: bold; text-decoration: underline;\"> ##lang.task.author##</span> ##task.author##<br /> <span style=\"color: #8b8c8f; font-weight: bold; text-decoration: underline;\"> ##lang.task.description##</span> ##task.description##<br /> <span style=\"color: #8b8c8f; font-weight: bold; text-decoration: underline;\"> ##lang.task.time##</span> ##task.time##<br /> <span style=\"color: #8b8c8f; font-weight: bold; text-decoration: underline;\"> ##lang.task.category##</span> ##task.category##</div>\n<p>##ENDFOREACHtasks##</p>'),(5,12,'','##contract.action##  ##contract.entity##','##lang.contract.entity## : ##contract.entity##\n\n##FOREACHcontracts##\n##lang.contract.name## : ##contract.name##\n##lang.contract.number## : ##contract.number##\n##lang.contract.time## : ##contract.time##\n##IFcontract.type####lang.contract.type## : ##contract.type####ENDIFcontract.type##\n##contract.url##\n##ENDFOREACHcontracts##','&lt;p&gt;##lang.contract.entity## : ##contract.entity##&lt;br /&gt;\n&lt;br /&gt;##FOREACHcontracts##&lt;br /&gt;##lang.contract.name## :\n##contract.name##&lt;br /&gt;\n##lang.contract.number## : ##contract.number##&lt;br /&gt;\n##lang.contract.time## : ##contract.time##&lt;br /&gt;\n##IFcontract.type####lang.contract.type## : ##contract.type##\n##ENDIFcontract.type##&lt;br /&gt;\n&lt;a href=\"##contract.url##\"&gt;\n##contract.url##&lt;/a&gt;&lt;br /&gt;\n##ENDFOREACHcontracts##&lt;/p&gt;'),(6,5,'','##ticket.action## ##ticket.title##','##lang.ticket.url## : ##ticket.url##\n\n##lang.ticket.description##\n\n\n##lang.ticket.title##  :##ticket.title##\n\n##lang.ticket.authors##  :##IFticket.authors##\n##ticket.authors## ##ENDIFticket.authors##\n##ELSEticket.authors##--##ENDELSEticket.authors##\n\n##IFticket.category## ##lang.ticket.category##  :##ticket.category##\n##ENDIFticket.category## ##ELSEticket.category##\n##lang.ticket.nocategoryassigned## ##ENDELSEticket.category##\n\n##lang.ticket.content##  : ##ticket.content##\n##IFticket.itemtype##\n##lang.ticket.item.name##  : ##ticket.itemtype## - ##ticket.item.name##\n##ENDIFticket.itemtype##','&lt;div&gt;##lang.ticket.url## : &lt;a href=\"##ticket.url##\"&gt;\n##ticket.url##&lt;/a&gt;&lt;/div&gt;\n&lt;div class=\"description b\"&gt;\n##lang.ticket.description##&lt;/div&gt;\n&lt;p&gt;&lt;span\nstyle=\"color: #8b8c8f; font-weight: bold; text-decoration: underline;\"&gt;\n##lang.ticket.title##&lt;/span&gt;&#160;:##ticket.title##\n&lt;br /&gt; &lt;span style=\"color: #8b8c8f; font-weight: bold; text-decoration: underline;\"&gt;\n##lang.ticket.authors##&lt;/span&gt;\n##IFticket.authors## ##ticket.authors##\n##ENDIFticket.authors##\n##ELSEticket.authors##--##ENDELSEticket.authors##\n&lt;span style=\"color: #8b8c8f; font-weight: bold; text-decoration: underline;\"&gt;&#160\n;&lt;/span&gt;&lt;br /&gt; &lt;span style=\"color: #8b8c8f; font-weight: bold; text-decoration: underline;\"&gt; &lt;/span&gt;\n##IFticket.category##&lt;span style=\"color: #8b8c8f; font-weight: bold; text-decoration: underline;\"&gt;\n##lang.ticket.category## &lt;/span&gt;&#160;:##ticket.category##\n##ENDIFticket.category## ##ELSEticket.category##\n##lang.ticket.nocategoryassigned## ##ENDELSEticket.category##\n&lt;br /&gt; &lt;span style=\"color: #8b8c8f; font-weight: bold; text-decoration: underline;\"&gt;\n##lang.ticket.content##&lt;/span&gt;&#160;:\n##ticket.content##&lt;br /&gt;##IFticket.itemtype##\n&lt;span style=\"color: #8b8c8f; font-weight: bold; text-decoration: underline;\"&gt;\n##lang.ticket.item.name##&lt;/span&gt;&#160;:\n##ticket.itemtype## - ##ticket.item.name##\n##ENDIFticket.itemtype##&lt;/p&gt;'),(15,15,'','##lang.unicity.action##','##lang.unicity.entity## : ##unicity.entity##\n\n##lang.unicity.itemtype## : ##unicity.itemtype##\n\n##lang.unicity.message## : ##unicity.message##\n\n##lang.unicity.action_user## : ##unicity.action_user##\n\n##lang.unicity.action_type## : ##unicity.action_type##\n\n##lang.unicity.date## : ##unicity.date##','&lt;p&gt;##lang.unicity.entity## : ##unicity.entity##&lt;/p&gt;\n&lt;p&gt;##lang.unicity.itemtype## : ##unicity.itemtype##&lt;/p&gt;\n&lt;p&gt;##lang.unicity.message## : ##unicity.message##&lt;/p&gt;\n&lt;p&gt;##lang.unicity.action_user## : ##unicity.action_user##&lt;/p&gt;\n&lt;p&gt;##lang.unicity.action_type## : ##unicity.action_type##&lt;/p&gt;\n&lt;p&gt;##lang.unicity.date## : ##unicity.date##&lt;/p&gt;'),(7,7,'','##ticket.action## ##ticket.title##','##FOREACHvalidations##\n\n##IFvalidation.storestatus=2##\n##validation.submission.title##\n##lang.validation.commentsubmission## : ##validation.commentsubmission##\n##ENDIFvalidation.storestatus##\n##ELSEvalidation.storestatus## ##validation.answer.title## ##ENDELSEvalidation.storestatus##\n\n##lang.ticket.url## : ##ticket.urlvalidation##\n\n##IFvalidation.status## ##lang.validation.status## : ##validation.status## ##ENDIFvalidation.status##\n##IFvalidation.commentvalidation##\n##lang.validation.commentvalidation## : ##validation.commentvalidation##\n##ENDIFvalidation.commentvalidation##\n##ENDFOREACHvalidations##','&lt;div&gt;##FOREACHvalidations##&lt;/div&gt;\n&lt;p&gt;##IFvalidation.storestatus=2##&lt;/p&gt;\n&lt;div&gt;##validation.submission.title##&lt;/div&gt;\n&lt;div&gt;##lang.validation.commentsubmission## : ##validation.commentsubmission##&lt;/div&gt;\n&lt;div&gt;##ENDIFvalidation.storestatus##&lt;/div&gt;\n&lt;div&gt;##ELSEvalidation.storestatus## ##validation.answer.title## ##ENDELSEvalidation.storestatus##&lt;/div&gt;\n&lt;div&gt;&lt;/div&gt;\n&lt;div&gt;\n&lt;div&gt;##lang.ticket.url## : &lt;a href=\"##ticket.urlvalidation##\"&gt; ##ticket.urlvalidation## &lt;/a&gt;&lt;/div&gt;\n&lt;/div&gt;\n&lt;p&gt;##IFvalidation.status## ##lang.validation.status## : ##validation.status## ##ENDIFvalidation.status##\n&lt;br /&gt; ##IFvalidation.commentvalidation##&lt;br /&gt; ##lang.validation.commentvalidation## :\n&#160; ##validation.commentvalidation##&lt;br /&gt; ##ENDIFvalidation.commentvalidation##\n&lt;br /&gt;##ENDFOREACHvalidations##&lt;/p&gt;'),(8,6,'','##ticket.action## ##ticket.entity##','##lang.ticket.entity## : ##ticket.entity##\n\n##FOREACHtickets##\n\n##lang.ticket.title## : ##ticket.title##\n ##lang.ticket.status## : ##ticket.status##\n\n ##ticket.url##\n ##ENDFOREACHtickets##','&lt;table class=\"tab_cadre\" border=\"1\" cellspacing=\"2\" cellpadding=\"3\"&gt;\n&lt;tbody&gt;\n&lt;tr&gt;\n&lt;td style=\"text-align: left;\" width=\"auto\" bgcolor=\"#cccccc\"&gt;&lt;span style=\"font-size: 11px; text-align: left;\"&gt;##lang.ticket.authors##&lt;/span&gt;&lt;/td&gt;\n&lt;td style=\"text-align: left;\" width=\"auto\" bgcolor=\"#cccccc\"&gt;&lt;span style=\"font-size: 11px; text-align: left;\"&gt;##lang.ticket.title##&lt;/span&gt;&lt;/td&gt;\n&lt;td style=\"text-align: left;\" width=\"auto\" bgcolor=\"#cccccc\"&gt;&lt;span style=\"font-size: 11px; text-align: left;\"&gt;##lang.ticket.priority##&lt;/span&gt;&lt;/td&gt;\n&lt;td style=\"text-align: left;\" width=\"auto\" bgcolor=\"#cccccc\"&gt;&lt;span style=\"font-size: 11px; text-align: left;\"&gt;##lang.ticket.status##&lt;/span&gt;&lt;/td&gt;\n&lt;td style=\"text-align: left;\" width=\"auto\" bgcolor=\"#cccccc\"&gt;&lt;span style=\"font-size: 11px; text-align: left;\"&gt;##lang.ticket.attribution##&lt;/span&gt;&lt;/td&gt;\n&lt;td style=\"text-align: left;\" width=\"auto\" bgcolor=\"#cccccc\"&gt;&lt;span style=\"font-size: 11px; text-align: left;\"&gt;##lang.ticket.creationdate##&lt;/span&gt;&lt;/td&gt;\n&lt;td style=\"text-align: left;\" width=\"auto\" bgcolor=\"#cccccc\"&gt;&lt;span style=\"font-size: 11px; text-align: left;\"&gt;##lang.ticket.content##&lt;/span&gt;&lt;/td&gt;\n&lt;/tr&gt;\n##FOREACHtickets##\n&lt;tr&gt;\n&lt;td width=\"auto\"&gt;&lt;span style=\"font-size: 11px; text-align: left;\"&gt;##ticket.authors##&lt;/span&gt;&lt;/td&gt;\n&lt;td width=\"auto\"&gt;&lt;span style=\"font-size: 11px; text-align: left;\"&gt;&lt;a href=\"##ticket.url##\"&gt;##ticket.title##&lt;/a&gt;&lt;/span&gt;&lt;/td&gt;\n&lt;td width=\"auto\"&gt;&lt;span style=\"font-size: 11px; text-align: left;\"&gt;##ticket.priority##&lt;/span&gt;&lt;/td&gt;\n&lt;td width=\"auto\"&gt;&lt;span style=\"font-size: 11px; text-align: left;\"&gt;##ticket.status##&lt;/span&gt;&lt;/td&gt;\n&lt;td width=\"auto\"&gt;&lt;span style=\"font-size: 11px; text-align: left;\"&gt;##IFticket.assigntousers####ticket.assigntousers##&lt;br /&gt;##ENDIFticket.assigntousers####IFticket.assigntogroups##&lt;br /&gt;##ticket.assigntogroups## ##ENDIFticket.assigntogroups####IFticket.assigntosupplier##&lt;br /&gt;##ticket.assigntosupplier## ##ENDIFticket.assigntosupplier##&lt;/span&gt;&lt;/td&gt;\n&lt;td width=\"auto\"&gt;&lt;span style=\"font-size: 11px; text-align: left;\"&gt;##ticket.creationdate##&lt;/span&gt;&lt;/td&gt;\n&lt;td width=\"auto\"&gt;&lt;span style=\"font-size: 11px; text-align: left;\"&gt;##ticket.content##&lt;/span&gt;&lt;/td&gt;\n&lt;/tr&gt;\n##ENDFOREACHtickets##\n&lt;/tbody&gt;\n&lt;/table&gt;'),(9,9,'','##consumable.action##  ##consumable.entity##','##lang.consumable.entity## : ##consumable.entity##\n\n\n##FOREACHconsumables##\n##lang.consumable.item## : ##consumable.item##\n\n\n##lang.consumable.reference## : ##consumable.reference##\n\n##lang.consumable.remaining## : ##consumable.remaining##\n\n##consumable.url##\n\n##ENDFOREACHconsumables##','&lt;p&gt;\n##lang.consumable.entity## : ##consumable.entity##\n&lt;br /&gt; &lt;br /&gt;##FOREACHconsumables##\n&lt;br /&gt;##lang.consumable.item## : ##consumable.item##&lt;br /&gt;\n&lt;br /&gt;##lang.consumable.reference## : ##consumable.reference##&lt;br /&gt;\n##lang.consumable.remaining## : ##consumable.remaining##&lt;br /&gt;\n&lt;a href=\"##consumable.url##\"&gt; ##consumable.url##&lt;/a&gt;&lt;br /&gt;\n   ##ENDFOREACHconsumables##&lt;/p&gt;'),(10,8,'','##cartridge.action##  ##cartridge.entity##','##lang.cartridge.entity## : ##cartridge.entity##\n\n\n##FOREACHcartridges##\n##lang.cartridge.item## : ##cartridge.item##\n\n\n##lang.cartridge.reference## : ##cartridge.reference##\n\n##lang.cartridge.remaining## : ##cartridge.remaining##\n\n##cartridge.url##\n ##ENDFOREACHcartridges##','&lt;p&gt;##lang.cartridge.entity## : ##cartridge.entity##\n&lt;br /&gt; &lt;br /&gt;##FOREACHcartridges##\n&lt;br /&gt;##lang.cartridge.item## :\n##cartridge.item##&lt;br /&gt; &lt;br /&gt;\n##lang.cartridge.reference## :\n##cartridge.reference##&lt;br /&gt;\n##lang.cartridge.remaining## :\n##cartridge.remaining##&lt;br /&gt;\n&lt;a href=\"##cartridge.url##\"&gt;\n##cartridge.url##&lt;/a&gt;&lt;br /&gt;\n##ENDFOREACHcartridges##&lt;/p&gt;'),(11,10,'','##infocom.action##  ##infocom.entity##','##lang.infocom.entity## : ##infocom.entity##\n\n\n##FOREACHinfocoms##\n\n##lang.infocom.itemtype## : ##infocom.itemtype##\n\n##lang.infocom.item## : ##infocom.item##\n\n\n##lang.infocom.expirationdate## : ##infocom.expirationdate##\n\n##infocom.url##\n ##ENDFOREACHinfocoms##','&lt;p&gt;##lang.infocom.entity## : ##infocom.entity##\n&lt;br /&gt; &lt;br /&gt;##FOREACHinfocoms##\n&lt;br /&gt;##lang.infocom.itemtype## : ##infocom.itemtype##&lt;br /&gt;\n##lang.infocom.item## : ##infocom.item##&lt;br /&gt; &lt;br /&gt;\n##lang.infocom.expirationdate## : ##infocom.expirationdate##\n&lt;br /&gt; &lt;a href=\"##infocom.url##\"&gt;\n##infocom.url##&lt;/a&gt;&lt;br /&gt;\n##ENDFOREACHinfocoms##&lt;/p&gt;'),(12,11,'','##license.action##  ##license.entity##','##lang.license.entity## : ##license.entity##\n\n##FOREACHlicenses##\n\n##lang.license.item## : ##license.item##\n\n##lang.license.serial## : ##license.serial##\n\n##lang.license.expirationdate## : ##license.expirationdate##\n\n##license.url##\n ##ENDFOREACHlicenses##','&lt;p&gt;\n##lang.license.entity## : ##license.entity##&lt;br /&gt;\n##FOREACHlicenses##\n&lt;br /&gt;##lang.license.item## : ##license.item##&lt;br /&gt;\n##lang.license.serial## : ##license.serial##&lt;br /&gt;\n##lang.license.expirationdate## : ##license.expirationdate##\n&lt;br /&gt; &lt;a href=\"##license.url##\"&gt; ##license.url##\n&lt;/a&gt;&lt;br /&gt; ##ENDFOREACHlicenses##&lt;/p&gt;'),(13,13,'','##user.action##','##user.realname## ##user.firstname##\n\n##lang.passwordforget.information##\n\n##lang.passwordforget.link## ##user.passwordforgeturl##','&lt;p&gt;&lt;strong&gt;##user.realname## ##user.firstname##&lt;/strong&gt;&lt;/p&gt;\n&lt;p&gt;##lang.passwordforget.information##&lt;/p&gt;\n&lt;p&gt;##lang.passwordforget.link## &lt;a title=\"##user.passwordforgeturl##\" href=\"##user.passwordforgeturl##\"&gt;##user.passwordforgeturl##&lt;/a&gt;&lt;/p&gt;'),(14,14,'','##ticket.action## ##ticket.title##','##lang.ticket.title## : ##ticket.title##\n\n##lang.ticket.closedate## : ##ticket.closedate##\n\n##lang.satisfaction.text## ##ticket.urlsatisfaction##','&lt;p&gt;##lang.ticket.title## : ##ticket.title##&lt;/p&gt;\n&lt;p&gt;##lang.ticket.closedate## : ##ticket.closedate##&lt;/p&gt;\n&lt;p&gt;##lang.satisfaction.text## &lt;a href=\"##ticket.urlsatisfaction##\"&gt;##ticket.urlsatisfaction##&lt;/a&gt;&lt;/p&gt;'),(16,16,'','##crontask.action##','##lang.crontask.warning##\n\n##FOREACHcrontasks##\n ##crontask.name## : ##crontask.description##\n\n##ENDFOREACHcrontasks##','&lt;p&gt;##lang.crontask.warning##&lt;/p&gt;\n&lt;p&gt;##FOREACHcrontasks## &lt;br /&gt;&lt;a href=\"##crontask.url##\"&gt;##crontask.name##&lt;/a&gt; : ##crontask.description##&lt;br /&gt; &lt;br /&gt;##ENDFOREACHcrontasks##&lt;/p&gt;'),(17,17,'','##problem.action## ##problem.title##','##IFproblem.storestatus=5##\n ##lang.problem.url## : ##problem.urlapprove##\n ##lang.problem.solvedate## : ##problem.solvedate##\n ##lang.problem.solution.type## : ##problem.solution.type##\n ##lang.problem.solution.description## : ##problem.solution.description## ##ENDIFproblem.storestatus##\n ##ELSEproblem.storestatus## ##lang.problem.url## : ##problem.url## ##ENDELSEproblem.storestatus##\n\n ##lang.problem.description##\n\n ##lang.problem.title##  :##problem.title##\n ##lang.problem.authors##  :##IFproblem.authors## ##problem.authors## ##ENDIFproblem.authors## ##ELSEproblem.authors##--##ENDELSEproblem.authors##\n ##lang.problem.creationdate##  :##problem.creationdate##\n ##IFproblem.assigntousers## ##lang.problem.assigntousers##  : ##problem.assigntousers## ##ENDIFproblem.assigntousers##\n ##lang.problem.status##  : ##problem.status##\n ##IFproblem.assigntogroups## ##lang.problem.assigntogroups##  : ##problem.assigntogroups## ##ENDIFproblem.assigntogroups##\n ##lang.problem.urgency##  : ##problem.urgency##\n ##lang.problem.impact##  : ##problem.impact##\n ##lang.problem.priority## : ##problem.priority##\n##IFproblem.category## ##lang.problem.category##  :##problem.category## ##ENDIFproblem.category## ##ELSEproblem.category## ##lang.problem.nocategoryassigned## ##ENDELSEproblem.category##\n ##lang.problem.content##  : ##problem.content##\n\n##IFproblem.storestatus=6##\n ##lang.problem.solvedate## : ##problem.solvedate##\n ##lang.problem.solution.type## : ##problem.solution.type##\n ##lang.problem.solution.description## : ##problem.solution.description##\n##ENDIFproblem.storestatus##\n ##lang.problem.numberoftickets## : ##problem.numberoftickets##\n\n##FOREACHtickets##\n [##ticket.date##] ##lang.problem.title## : ##ticket.title##\n ##lang.problem.content## ##ticket.content##\n\n##ENDFOREACHtickets##\n ##lang.problem.numberoftasks## : ##problem.numberoftasks##\n\n##FOREACHtasks##\n [##task.date##]\n ##lang.task.author## ##task.author##\n ##lang.task.description## ##task.description##\n ##lang.task.time## ##task.time##\n ##lang.task.category## ##task.category##\n\n##ENDFOREACHtasks##\n','&lt;p&gt;##IFproblem.storestatus=5##&lt;/p&gt;\n&lt;div&gt;##lang.problem.url## : &lt;a href=\"##problem.urlapprove##\"&gt;##problem.urlapprove##&lt;/a&gt;&lt;/div&gt;\n&lt;div&gt;&lt;span style=\"color: #888888;\"&gt;&lt;strong&gt;&lt;span style=\"text-decoration: underline;\"&gt;##lang.problem.solvedate##&lt;/span&gt;&lt;/strong&gt;&lt;/span&gt; : ##problem.solvedate##&lt;br /&gt;&lt;span style=\"text-decoration: underline; color: #888888;\"&gt;&lt;strong&gt;##lang.problem.solution.type##&lt;/strong&gt;&lt;/span&gt; : ##problem.solution.type##&lt;br /&gt;&lt;span style=\"text-decoration: underline; color: #888888;\"&gt;&lt;strong&gt;##lang.problem.solution.description##&lt;/strong&gt;&lt;/span&gt; : ##problem.solution.description## ##ENDIFproblem.storestatus##&lt;/div&gt;\n&lt;div&gt;##ELSEproblem.storestatus## ##lang.problem.url## : &lt;a href=\"##problem.url##\"&gt;##problem.url##&lt;/a&gt; ##ENDELSEproblem.storestatus##&lt;/div&gt;\n&lt;p class=\"description b\"&gt;&lt;strong&gt;##lang.problem.description##&lt;/strong&gt;&lt;/p&gt;\n&lt;p&gt;&lt;span style=\"color: #8b8c8f; font-weight: bold; text-decoration: underline;\"&gt; ##lang.problem.title##&lt;/span&gt;&#160;:##problem.title## &lt;br /&gt; &lt;span style=\"color: #8b8c8f; font-weight: bold; text-decoration: underline;\"&gt; ##lang.problem.authors##&lt;/span&gt;&#160;:##IFproblem.authors## ##problem.authors## ##ENDIFproblem.authors##    ##ELSEproblem.authors##--##ENDELSEproblem.authors## &lt;br /&gt; &lt;span style=\"color: #8b8c8f; font-weight: bold; text-decoration: underline;\"&gt; ##lang.problem.creationdate##&lt;/span&gt;&#160;:##problem.creationdate## &lt;br /&gt; ##IFproblem.assigntousers## &lt;span style=\"color: #8b8c8f; font-weight: bold; text-decoration: underline;\"&gt; ##lang.problem.assigntousers##&lt;/span&gt;&#160;: ##problem.assigntousers## ##ENDIFproblem.assigntousers##&lt;br /&gt; &lt;span style=\"color: #8b8c8f; font-weight: bold; text-decoration: underline;\"&gt;##lang.problem.status## &lt;/span&gt;&#160;: ##problem.status##&lt;br /&gt; ##IFproblem.assigntogroups## &lt;span style=\"color: #8b8c8f; font-weight: bold; text-decoration: underline;\"&gt; ##lang.problem.assigntogroups##&lt;/span&gt;&#160;: ##problem.assigntogroups## ##ENDIFproblem.assigntogroups##&lt;br /&gt; &lt;span style=\"color: #8b8c8f; font-weight: bold; text-decoration: underline;\"&gt; ##lang.problem.urgency##&lt;/span&gt;&#160;: ##problem.urgency##&lt;br /&gt; &lt;span style=\"color: #8b8c8f; font-weight: bold; text-decoration: underline;\"&gt; ##lang.problem.impact##&lt;/span&gt;&#160;: ##problem.impact##&lt;br /&gt; &lt;span style=\"color: #8b8c8f; font-weight: bold; text-decoration: underline;\"&gt; ##lang.problem.priority##&lt;/span&gt; : ##problem.priority## &lt;br /&gt;##IFproblem.category##&lt;span style=\"color: #8b8c8f; font-weight: bold; text-decoration: underline;\"&gt;##lang.problem.category## &lt;/span&gt;&#160;:##problem.category##  ##ENDIFproblem.category## ##ELSEproblem.category##  ##lang.problem.nocategoryassigned## ##ENDELSEproblem.category##    &lt;br /&gt; &lt;span style=\"color: #8b8c8f; font-weight: bold; text-decoration: underline;\"&gt; ##lang.problem.content##&lt;/span&gt;&#160;: ##problem.content##&lt;/p&gt;\n&lt;p&gt;##IFproblem.storestatus=6##&lt;br /&gt;&lt;span style=\"text-decoration: underline;\"&gt;&lt;strong&gt;&lt;span style=\"color: #888888;\"&gt;##lang.problem.solvedate##&lt;/span&gt;&lt;/strong&gt;&lt;/span&gt; : ##problem.solvedate##&lt;br /&gt;&lt;span style=\"color: #888888;\"&gt;&lt;strong&gt;&lt;span style=\"text-decoration: underline;\"&gt;##lang.problem.solution.type##&lt;/span&gt;&lt;/strong&gt;&lt;/span&gt; : ##problem.solution.type##&lt;br /&gt;&lt;span style=\"text-decoration: underline; color: #888888;\"&gt;&lt;strong&gt;##lang.problem.solution.description##&lt;/strong&gt;&lt;/span&gt; : ##problem.solution.description##&lt;br /&gt;##ENDIFproblem.storestatus##&lt;/p&gt;\n&lt;div class=\"description b\"&gt;##lang.problem.numberoftickets##&#160;: ##problem.numberoftickets##&lt;/div&gt;\n&lt;p&gt;##FOREACHtickets##&lt;/p&gt;\n&lt;div&gt;&lt;strong&gt; [##ticket.date##] &lt;em&gt;##lang.problem.title## : &lt;a href=\"##ticket.url##\"&gt;##ticket.title## &lt;/a&gt;&lt;/em&gt;&lt;/strong&gt;&lt;br /&gt; &lt;span style=\"color: #8b8c8f; font-weight: bold; text-decoration: underline;\"&gt; &lt;/span&gt;&lt;span style=\"color: #8b8c8f; font-weight: bold; text-decoration: underline;\"&gt;##lang.problem.content## &lt;/span&gt; ##ticket.content##\n&lt;p&gt;##ENDFOREACHtickets##&lt;/p&gt;\n&lt;div class=\"description b\"&gt;##lang.problem.numberoftasks##&#160;: ##problem.numberoftasks##&lt;/div&gt;\n&lt;p&gt;##FOREACHtasks##&lt;/p&gt;\n&lt;div class=\"description b\"&gt;&lt;strong&gt;[##task.date##] &lt;/strong&gt;&lt;br /&gt; &lt;span style=\"color: #8b8c8f; font-weight: bold; text-decoration: underline;\"&gt; ##lang.task.author##&lt;/span&gt; ##task.author##&lt;br /&gt; &lt;span style=\"color: #8b8c8f; font-weight: bold; text-decoration: underline;\"&gt; ##lang.task.description##&lt;/span&gt; ##task.description##&lt;br /&gt; &lt;span style=\"color: #8b8c8f; font-weight: bold; text-decoration: underline;\"&gt; ##lang.task.time##&lt;/span&gt; ##task.time##&lt;br /&gt; &lt;span style=\"color: #8b8c8f; font-weight: bold; text-decoration: underline;\"&gt; ##lang.task.category##&lt;/span&gt; ##task.category##&lt;/div&gt;\n&lt;p&gt;##ENDFOREACHtasks##&lt;/p&gt;\n&lt;/div&gt;'),(18,18,'','##recall.action##: ##recall.item.name##','##recall.action##: ##recall.item.name##\n\n##recall.item.content##\n\n##lang.recall.planning.begin##: ##recall.planning.begin##\n##lang.recall.planning.end##: ##recall.planning.end##\n##lang.recall.planning.state##: ##recall.planning.state##\n##lang.recall.item.private##: ##recall.item.private##','&lt;p&gt;##recall.action##: &lt;a href=\"##recall.item.url##\"&gt;##recall.item.name##&lt;/a&gt;&lt;/p&gt;\n&lt;p&gt;##recall.item.content##&lt;/p&gt;\n&lt;p&gt;##lang.recall.planning.begin##: ##recall.planning.begin##&lt;br /&gt;##lang.recall.planning.end##: ##recall.planning.end##&lt;br /&gt;##lang.recall.planning.state##: ##recall.planning.state##&lt;br /&gt;##lang.recall.item.private##: ##recall.item.private##&lt;br /&gt;&lt;br /&gt;&lt;/p&gt;\n&lt;p&gt;&lt;br /&gt;&lt;br /&gt;&lt;/p&gt;'),(19,19,'','##change.action## ##change.title##','##IFchange.storestatus=5##\n ##lang.change.url## : ##change.urlapprove##\n ##lang.change.solvedate## : ##change.solvedate##\n ##lang.change.solution.type## : ##change.solution.type##\n ##lang.change.solution.description## : ##change.solution.description## ##ENDIFchange.storestatus##\n ##ELSEchange.storestatus## ##lang.change.url## : ##change.url## ##ENDELSEchange.storestatus##\n\n ##lang.change.description##\n\n ##lang.change.title##  :##change.title##\n ##lang.change.authors##  :##IFchange.authors## ##change.authors## ##ENDIFchange.authors## ##ELSEchange.authors##--##ENDELSEchange.authors##\n ##lang.change.creationdate##  :##change.creationdate##\n ##IFchange.assigntousers## ##lang.change.assigntousers##  : ##change.assigntousers## ##ENDIFchange.assigntousers##\n ##lang.change.status##  : ##change.status##\n ##IFchange.assigntogroups## ##lang.change.assigntogroups##  : ##change.assigntogroups## ##ENDIFchange.assigntogroups##\n ##lang.change.urgency##  : ##change.urgency##\n ##lang.change.impact##  : ##change.impact##\n ##lang.change.priority## : ##change.priority##\n##IFchange.category## ##lang.change.category##  :##change.category## ##ENDIFchange.category## ##ELSEchange.category## ##lang.change.nocategoryassigned## ##ENDELSEchange.category##\n ##lang.change.content##  : ##change.content##\n\n##IFchange.storestatus=6##\n ##lang.change.solvedate## : ##change.solvedate##\n ##lang.change.solution.type## : ##change.solution.type##\n ##lang.change.solution.description## : ##change.solution.description##\n##ENDIFchange.storestatus##\n ##lang.change.numberofproblems## : ##change.numberofproblems##\n\n##FOREACHproblems##\n [##problem.date##] ##lang.change.title## : ##problem.title##\n ##lang.change.content## ##problem.content##\n\n##ENDFOREACHproblems##\n ##lang.change.numberoftasks## : ##change.numberoftasks##\n\n##FOREACHtasks##\n [##task.date##]\n ##lang.task.author## ##task.author##\n ##lang.task.description## ##task.description##\n ##lang.task.time## ##task.time##\n ##lang.task.category## ##task.category##\n\n##ENDFOREACHtasks##\n','&lt;p&gt;##IFchange.storestatus=5##&lt;/p&gt;\n&lt;div&gt;##lang.change.url## : &lt;a href=\"##change.urlapprove##\"&gt;##change.urlapprove##&lt;/a&gt;&lt;/div&gt;\n&lt;div&gt;&lt;span style=\"color: #888888;\"&gt;&lt;strong&gt;&lt;span style=\"text-decoration: underline;\"&gt;##lang.change.solvedate##&lt;/span&gt;&lt;/strong&gt;&lt;/span&gt; : ##change.solvedate##&lt;br /&gt;&lt;span style=\"text-decoration: underline; color: #888888;\"&gt;&lt;strong&gt;##lang.change.solution.type##&lt;/strong&gt;&lt;/span&gt; : ##change.solution.type##&lt;br /&gt;&lt;span style=\"text-decoration: underline; color: #888888;\"&gt;&lt;strong&gt;##lang.change.solution.description##&lt;/strong&gt;&lt;/span&gt; : ##change.solution.description## ##ENDIFchange.storestatus##&lt;/div&gt;\n&lt;div&gt;##ELSEchange.storestatus## ##lang.change.url## : &lt;a href=\"##change.url##\"&gt;##change.url##&lt;/a&gt; ##ENDELSEchange.storestatus##&lt;/div&gt;\n&lt;p class=\"description b\"&gt;&lt;strong&gt;##lang.change.description##&lt;/strong&gt;&lt;/p&gt;\n&lt;p&gt;&lt;span style=\"color: #8b8c8f; font-weight: bold; text-decoration: underline;\"&gt; ##lang.change.title##&lt;/span&gt;&#160;:##change.title## &lt;br /&gt; &lt;span style=\"color: #8b8c8f; font-weight: bold; text-decoration: underline;\"&gt; ##lang.change.authors##&lt;/span&gt;&#160;:##IFchange.authors## ##change.authors## ##ENDIFchange.authors##    ##ELSEchange.authors##--##ENDELSEchange.authors## &lt;br /&gt; &lt;span style=\"color: #8b8c8f; font-weight: bold; text-decoration: underline;\"&gt; ##lang.change.creationdate##&lt;/span&gt;&#160;:##change.creationdate## &lt;br /&gt; ##IFchange.assigntousers## &lt;span style=\"color: #8b8c8f; font-weight: bold; text-decoration: underline;\"&gt; ##lang.change.assigntousers##&lt;/span&gt;&#160;: ##change.assigntousers## ##ENDIFchange.assigntousers##&lt;br /&gt; &lt;span style=\"color: #8b8c8f; font-weight: bold; text-decoration: underline;\"&gt;##lang.change.status## &lt;/span&gt;&#160;: ##change.status##&lt;br /&gt; ##IFchange.assigntogroups## &lt;span style=\"color: #8b8c8f; font-weight: bold; text-decoration: underline;\"&gt; ##lang.change.assigntogroups##&lt;/span&gt;&#160;: ##change.assigntogroups## ##ENDIFchange.assigntogroups##&lt;br /&gt; &lt;span style=\"color: #8b8c8f; font-weight: bold; text-decoration: underline;\"&gt; ##lang.change.urgency##&lt;/span&gt;&#160;: ##change.urgency##&lt;br /&gt; &lt;span style=\"color: #8b8c8f; font-weight: bold; text-decoration: underline;\"&gt; ##lang.change.impact##&lt;/span&gt;&#160;: ##change.impact##&lt;br /&gt; &lt;span style=\"color: #8b8c8f; font-weight: bold; text-decoration: underline;\"&gt; ##lang.change.priority##&lt;/span&gt; : ##change.priority## &lt;br /&gt;##IFchange.category##&lt;span style=\"color: #8b8c8f; font-weight: bold; text-decoration: underline;\"&gt;##lang.change.category## &lt;/span&gt;&#160;:##change.category##  ##ENDIFchange.category## ##ELSEchange.category##  ##lang.change.nocategoryassigned## ##ENDELSEchange.category##    &lt;br /&gt; &lt;span style=\"color: #8b8c8f; font-weight: bold; text-decoration: underline;\"&gt; ##lang.change.content##&lt;/span&gt;&#160;: ##change.content##&lt;/p&gt;\n&lt;p&gt;##IFchange.storestatus=6##&lt;br /&gt;&lt;span style=\"text-decoration: underline;\"&gt;&lt;strong&gt;&lt;span style=\"color: #888888;\"&gt;##lang.change.solvedate##&lt;/span&gt;&lt;/strong&gt;&lt;/span&gt; : ##change.solvedate##&lt;br /&gt;&lt;span style=\"color: #888888;\"&gt;&lt;strong&gt;&lt;span style=\"text-decoration: underline;\"&gt;##lang.change.solution.type##&lt;/span&gt;&lt;/strong&gt;&lt;/span&gt; : ##change.solution.type##&lt;br /&gt;&lt;span style=\"text-decoration: underline; color: #888888;\"&gt;&lt;strong&gt;##lang.change.solution.description##&lt;/strong&gt;&lt;/span&gt; : ##change.solution.description##&lt;br /&gt;##ENDIFchange.storestatus##&lt;/p&gt;\n&lt;div class=\"description b\"&gt;##lang.change.numberofproblems##&#160;: ##change.numberofproblems##&lt;/div&gt;\n&lt;p&gt;##FOREACHproblems##&lt;/p&gt;\n&lt;div&gt;&lt;strong&gt; [##problem.date##] &lt;em&gt;##lang.change.title## : &lt;a href=\"##problem.url##\"&gt;##problem.title## &lt;/a&gt;&lt;/em&gt;&lt;/strong&gt;&lt;br /&gt; &lt;span style=\"color: #8b8c8f; font-weight: bold; text-decoration: underline;\"&gt; &lt;/span&gt;&lt;span style=\"color: #8b8c8f; font-weight: bold; text-decoration: underline;\"&gt;##lang.change.content## &lt;/span&gt; ##problem.content##\n&lt;p&gt;##ENDFOREACHproblems##&lt;/p&gt;\n&lt;div class=\"description b\"&gt;##lang.change.numberoftasks##&#160;: ##change.numberoftasks##&lt;/div&gt;\n&lt;p&gt;##FOREACHtasks##&lt;/p&gt;\n&lt;div class=\"description b\"&gt;&lt;strong&gt;[##task.date##] &lt;/strong&gt;&lt;br /&gt; &lt;span style=\"color: #8b8c8f; font-weight: bold; text-decoration: underline;\"&gt; ##lang.task.author##&lt;/span&gt; ##task.author##&lt;br /&gt; &lt;span style=\"color: #8b8c8f; font-weight: bold; text-decoration: underline;\"&gt; ##lang.task.description##&lt;/span&gt; ##task.description##&lt;br /&gt; &lt;span style=\"color: #8b8c8f; font-weight: bold; text-decoration: underline;\"&gt; ##lang.task.time##&lt;/span&gt; ##task.time##&lt;br /&gt; &lt;span style=\"color: #8b8c8f; font-weight: bold; text-decoration: underline;\"&gt; ##lang.task.category##&lt;/span&gt; ##task.category##&lt;/div&gt;\n&lt;p&gt;##ENDFOREACHtasks##&lt;/p&gt;\n&lt;/div&gt;'),(20,20,'','##mailcollector.action##','##FOREACHmailcollectors##\n##lang.mailcollector.name## : ##mailcollector.name##\n##lang.mailcollector.errors## : ##mailcollector.errors##\n##mailcollector.url##\n##ENDFOREACHmailcollectors##','&lt;p&gt;##FOREACHmailcollectors##&lt;br /&gt;##lang.mailcollector.name## : ##mailcollector.name##&lt;br /&gt; ##lang.mailcollector.errors## : ##mailcollector.errors##&lt;br /&gt;&lt;a href=\"##mailcollector.url##\"&gt;##mailcollector.url##&lt;/a&gt;&lt;br /&gt; ##ENDFOREACHmailcollectors##&lt;/p&gt;\n&lt;p&gt;&lt;/p&gt;'),(21,21,'','##project.action## ##project.name## ##project.code##','##lang.project.url## : ##project.url##\n\n##lang.project.description##\n\n##lang.project.name## : ##project.name##\n##lang.project.code## : ##project.code##\n##lang.project.manager## : ##project.manager##\n##lang.project.managergroup## : ##project.managergroup##\n##lang.project.creationdate## : ##project.creationdate##\n##lang.project.priority## : ##project.priority##\n##lang.project.state## : ##project.state##\n##lang.project.type## : ##project.type##\n##lang.project.description## : ##project.description##\n\n##lang.project.numberoftasks## : ##project.numberoftasks##\n\n\n\n##FOREACHtasks##\n\n[##task.creationdate##]\n##lang.task.name## : ##task.name##\n##lang.task.state## : ##task.state##\n##lang.task.type## : ##task.type##\n##lang.task.percent## : ##task.percent##\n##lang.task.description## : ##task.description##\n\n##ENDFOREACHtasks##','&lt;p&gt;##lang.project.url## : &lt;a href=\"##project.url##\"&gt;##project.url##&lt;/a&gt;&lt;/p&gt;\n&lt;p&gt;&lt;strong&gt;##lang.project.description##&lt;/strong&gt;&lt;/p&gt;\n&lt;p&gt;##lang.project.name## : ##project.name##&lt;br /&gt;##lang.project.code## : ##project.code##&lt;br /&gt; ##lang.project.manager## : ##project.manager##&lt;br /&gt;##lang.project.managergroup## : ##project.managergroup##&lt;br /&gt; ##lang.project.creationdate## : ##project.creationdate##&lt;br /&gt;##lang.project.priority## : ##project.priority## &lt;br /&gt;##lang.project.state## : ##project.state##&lt;br /&gt;##lang.project.type## : ##project.type##&lt;br /&gt;##lang.project.description## : ##project.description##&lt;/p&gt;\n&lt;p&gt;##lang.project.numberoftasks## : ##project.numberoftasks##&lt;/p&gt;\n&lt;div&gt;\n&lt;p&gt;##FOREACHtasks##&lt;/p&gt;\n&lt;div&gt;&lt;strong&gt;[##task.creationdate##] &lt;/strong&gt;&lt;br /&gt; ##lang.task.name## : ##task.name##&lt;br /&gt;##lang.task.state## : ##task.state##&lt;br /&gt;##lang.task.type## : ##task.type##&lt;br /&gt;##lang.task.percent## : ##task.percent##&lt;br /&gt;##lang.task.description## : ##task.description##&lt;/div&gt;\n&lt;p&gt;##ENDFOREACHtasks##&lt;/p&gt;\n&lt;/div&gt;'),(22,22,'','##projecttask.action## ##projecttask.name##','##lang.projecttask.url## : ##projecttask.url##\n\n##lang.projecttask.description##\n\n##lang.projecttask.name## : ##projecttask.name##\n##lang.projecttask.project## : ##projecttask.project##\n##lang.projecttask.creationdate## : ##projecttask.creationdate##\n##lang.projecttask.state## : ##projecttask.state##\n##lang.projecttask.type## : ##projecttask.type##\n##lang.projecttask.description## : ##projecttask.description##\n\n##lang.projecttask.numberoftasks## : ##projecttask.numberoftasks##\n\n\n\n##FOREACHtasks##\n\n[##task.creationdate##]\n##lang.task.name## : ##task.name##\n##lang.task.state## : ##task.state##\n##lang.task.type## : ##task.type##\n##lang.task.percent## : ##task.percent##\n##lang.task.description## : ##task.description##\n\n##ENDFOREACHtasks##','&lt;p&gt;##lang.projecttask.url## : &lt;a href=\"##projecttask.url##\"&gt;##projecttask.url##&lt;/a&gt;&lt;/p&gt;\n&lt;p&gt;&lt;strong&gt;##lang.projecttask.description##&lt;/strong&gt;&lt;/p&gt;\n&lt;p&gt;##lang.projecttask.name## : ##projecttask.name##&lt;br /&gt;##lang.projecttask.project## : &lt;a href=\"##projecttask.projecturl##\"&gt;##projecttask.project##&lt;/a&gt;&lt;br /&gt;##lang.projecttask.creationdate## : ##projecttask.creationdate##&lt;br /&gt;##lang.projecttask.state## : ##projecttask.state##&lt;br /&gt;##lang.projecttask.type## : ##projecttask.type##&lt;br /&gt;##lang.projecttask.description## : ##projecttask.description##&lt;/p&gt;\n&lt;p&gt;##lang.projecttask.numberoftasks## : ##projecttask.numberoftasks##&lt;/p&gt;\n&lt;div&gt;\n&lt;p&gt;##FOREACHtasks##&lt;/p&gt;\n&lt;div&gt;&lt;strong&gt;[##task.creationdate##] &lt;/strong&gt;&lt;br /&gt;##lang.task.name## : ##task.name##&lt;br /&gt;##lang.task.state## : ##task.state##&lt;br /&gt;##lang.task.type## : ##task.type##&lt;br /&gt;##lang.task.percent## : ##task.percent##&lt;br /&gt;##lang.task.description## : ##task.description##&lt;/div&gt;\n&lt;p&gt;##ENDFOREACHtasks##&lt;/p&gt;\n&lt;/div&gt;'),(23,23,'','##objectlock.action##','##objectlock.type## ###objectlock.id## - ##objectlock.name##\n\n      ##lang.objectlock.url##\n      ##objectlock.url##\n\n      ##lang.objectlock.date_mod##\n      ##objectlock.date_mod##\n\n      Hello ##objectlock.lockedby.firstname##,\n      Could go to this item and unlock it for me?\n      Thank you,\n      Regards,\n      ##objectlock.requester.firstname##','&lt;table&gt;\n      &lt;tbody&gt;\n      &lt;tr&gt;&lt;th colspan=\"2\"&gt;&lt;a href=\"##objectlock.url##\"&gt;##objectlock.type## ###objectlock.id## - ##objectlock.name##&lt;/a&gt;&lt;/th&gt;&lt;/tr&gt;\n      &lt;tr&gt;\n      &lt;td&gt;##lang.objectlock.url##&lt;/td&gt;\n      &lt;td&gt;##objectlock.url##&lt;/td&gt;\n      &lt;/tr&gt;\n      &lt;tr&gt;\n      &lt;td&gt;##lang.objectlock.date_mod##&lt;/td&gt;\n      &lt;td&gt;##objectlock.date_mod##&lt;/td&gt;\n      &lt;/tr&gt;\n      &lt;/tbody&gt;\n      &lt;/table&gt;\n      &lt;p&gt;&lt;span style=\"font-size: small;\"&gt;Hello ##objectlock.lockedby.firstname##,&lt;br /&gt;Could go to this item and unlock it for me?&lt;br /&gt;Thank you,&lt;br /&gt;Regards,&lt;br /&gt;##objectlock.requester.firstname## ##objectlock.requester.lastname##&lt;/span&gt;&lt;/p&gt;');
/*!40000 ALTER TABLE `glpi_notificationtemplatetranslations` ENABLE KEYS */;
UNLOCK TABLES;

--
-- Table structure for table `glpi_notimportedemails`
--

DROP TABLE IF EXISTS `glpi_notimportedemails`;
/*!40101 SET @saved_cs_client     = @@character_set_client */;
/*!40101 SET character_set_client = utf8 */;
CREATE TABLE `glpi_notimportedemails` (
  `id` int(11) NOT NULL AUTO_INCREMENT,
  `from` varchar(255) NOT NULL,
  `to` varchar(255) NOT NULL,
  `mailcollectors_id` int(11) NOT NULL DEFAULT '0',
  `date` datetime NOT NULL,
  `subject` text,
  `messageid` varchar(255) NOT NULL,
  `reason` int(11) NOT NULL DEFAULT '0',
  `users_id` int(11) NOT NULL DEFAULT '0',
  PRIMARY KEY (`id`),
  KEY `users_id` (`users_id`),
  KEY `mailcollectors_id` (`mailcollectors_id`)
) ENGINE=MyISAM DEFAULT CHARSET=latin1;
/*!40101 SET character_set_client = @saved_cs_client */;

--
-- Dumping data for table `glpi_notimportedemails`
--

LOCK TABLES `glpi_notimportedemails` WRITE;
/*!40000 ALTER TABLE `glpi_notimportedemails` DISABLE KEYS */;
/*!40000 ALTER TABLE `glpi_notimportedemails` ENABLE KEYS */;
UNLOCK TABLES;

--
-- Table structure for table `glpi_objectlocks`
--

DROP TABLE IF EXISTS `glpi_objectlocks`;
/*!40101 SET @saved_cs_client     = @@character_set_client */;
/*!40101 SET character_set_client = utf8 */;
CREATE TABLE `glpi_objectlocks` (
  `id` int(11) NOT NULL AUTO_INCREMENT,
  `itemtype` varchar(100) COLLATE utf8_unicode_ci NOT NULL COMMENT 'Type of locked object',
  `items_id` int(11) NOT NULL COMMENT 'RELATION to various tables, according to itemtype (ID)',
  `users_id` int(11) NOT NULL COMMENT 'id of the locker',
  `date_mod` timestamp NOT NULL DEFAULT CURRENT_TIMESTAMP ON UPDATE CURRENT_TIMESTAMP COMMENT 'Timestamp of the lock',
  PRIMARY KEY (`id`),
  UNIQUE KEY `item` (`itemtype`,`items_id`)
) ENGINE=MyISAM DEFAULT CHARSET=utf8 COLLATE=utf8_unicode_ci;
/*!40101 SET character_set_client = @saved_cs_client */;

--
-- Dumping data for table `glpi_objectlocks`
--

LOCK TABLES `glpi_objectlocks` WRITE;
/*!40000 ALTER TABLE `glpi_objectlocks` DISABLE KEYS */;
/*!40000 ALTER TABLE `glpi_objectlocks` ENABLE KEYS */;
UNLOCK TABLES;

--
-- Table structure for table `glpi_operatingsystemarchitectures`
--

DROP TABLE IF EXISTS `glpi_operatingsystemarchitectures`;
/*!40101 SET @saved_cs_client     = @@character_set_client */;
/*!40101 SET character_set_client = utf8 */;
CREATE TABLE `glpi_operatingsystemarchitectures` (
  `id` int(11) NOT NULL AUTO_INCREMENT,
  `name` varchar(255) COLLATE utf8_unicode_ci DEFAULT NULL,
  `comment` text COLLATE utf8_unicode_ci,
  `date_mod` datetime DEFAULT NULL,
  `date_creation` datetime DEFAULT NULL,
  PRIMARY KEY (`id`),
  KEY `name` (`name`),
  KEY `date_mod` (`date_mod`),
  KEY `date_creation` (`date_creation`)
) ENGINE=MyISAM DEFAULT CHARSET=utf8 COLLATE=utf8_unicode_ci;
/*!40101 SET character_set_client = @saved_cs_client */;

--
-- Dumping data for table `glpi_operatingsystemarchitectures`
--

LOCK TABLES `glpi_operatingsystemarchitectures` WRITE;
/*!40000 ALTER TABLE `glpi_operatingsystemarchitectures` DISABLE KEYS */;
/*!40000 ALTER TABLE `glpi_operatingsystemarchitectures` ENABLE KEYS */;
UNLOCK TABLES;

--
-- Table structure for table `glpi_operatingsystems`
--

DROP TABLE IF EXISTS `glpi_operatingsystems`;
/*!40101 SET @saved_cs_client     = @@character_set_client */;
/*!40101 SET character_set_client = utf8 */;
CREATE TABLE `glpi_operatingsystems` (
  `id` int(11) NOT NULL AUTO_INCREMENT,
  `name` varchar(255) COLLATE utf8_unicode_ci DEFAULT NULL,
  `comment` text COLLATE utf8_unicode_ci,
  `date_mod` datetime DEFAULT NULL,
  `date_creation` datetime DEFAULT NULL,
  PRIMARY KEY (`id`),
  KEY `name` (`name`),
  KEY `date_mod` (`date_mod`),
  KEY `date_creation` (`date_creation`)
) ENGINE=MyISAM DEFAULT CHARSET=utf8 COLLATE=utf8_unicode_ci;
/*!40101 SET character_set_client = @saved_cs_client */;

--
-- Dumping data for table `glpi_operatingsystems`
--

LOCK TABLES `glpi_operatingsystems` WRITE;
/*!40000 ALTER TABLE `glpi_operatingsystems` DISABLE KEYS */;
/*!40000 ALTER TABLE `glpi_operatingsystems` ENABLE KEYS */;
UNLOCK TABLES;

--
-- Table structure for table `glpi_operatingsystemservicepacks`
--

DROP TABLE IF EXISTS `glpi_operatingsystemservicepacks`;
/*!40101 SET @saved_cs_client     = @@character_set_client */;
/*!40101 SET character_set_client = utf8 */;
CREATE TABLE `glpi_operatingsystemservicepacks` (
  `id` int(11) NOT NULL AUTO_INCREMENT,
  `name` varchar(255) COLLATE utf8_unicode_ci DEFAULT NULL,
  `comment` text COLLATE utf8_unicode_ci,
  `date_mod` datetime DEFAULT NULL,
  `date_creation` datetime DEFAULT NULL,
  PRIMARY KEY (`id`),
  KEY `name` (`name`),
  KEY `date_mod` (`date_mod`),
  KEY `date_creation` (`date_creation`)
) ENGINE=MyISAM DEFAULT CHARSET=utf8 COLLATE=utf8_unicode_ci;
/*!40101 SET character_set_client = @saved_cs_client */;

--
-- Dumping data for table `glpi_operatingsystemservicepacks`
--

LOCK TABLES `glpi_operatingsystemservicepacks` WRITE;
/*!40000 ALTER TABLE `glpi_operatingsystemservicepacks` DISABLE KEYS */;
/*!40000 ALTER TABLE `glpi_operatingsystemservicepacks` ENABLE KEYS */;
UNLOCK TABLES;

--
-- Table structure for table `glpi_operatingsystemversions`
--

DROP TABLE IF EXISTS `glpi_operatingsystemversions`;
/*!40101 SET @saved_cs_client     = @@character_set_client */;
/*!40101 SET character_set_client = utf8 */;
CREATE TABLE `glpi_operatingsystemversions` (
  `id` int(11) NOT NULL AUTO_INCREMENT,
  `name` varchar(255) COLLATE utf8_unicode_ci DEFAULT NULL,
  `comment` text COLLATE utf8_unicode_ci,
  `date_mod` datetime DEFAULT NULL,
  `date_creation` datetime DEFAULT NULL,
  PRIMARY KEY (`id`),
  KEY `name` (`name`),
  KEY `date_mod` (`date_mod`),
  KEY `date_creation` (`date_creation`)
) ENGINE=MyISAM DEFAULT CHARSET=utf8 COLLATE=utf8_unicode_ci;
/*!40101 SET character_set_client = @saved_cs_client */;

--
-- Dumping data for table `glpi_operatingsystemversions`
--

LOCK TABLES `glpi_operatingsystemversions` WRITE;
/*!40000 ALTER TABLE `glpi_operatingsystemversions` DISABLE KEYS */;
/*!40000 ALTER TABLE `glpi_operatingsystemversions` ENABLE KEYS */;
UNLOCK TABLES;

--
-- Table structure for table `glpi_peripheralmodels`
--

DROP TABLE IF EXISTS `glpi_peripheralmodels`;
/*!40101 SET @saved_cs_client     = @@character_set_client */;
/*!40101 SET character_set_client = utf8 */;
CREATE TABLE `glpi_peripheralmodels` (
  `id` int(11) NOT NULL AUTO_INCREMENT,
  `name` varchar(255) COLLATE utf8_unicode_ci DEFAULT NULL,
  `comment` text COLLATE utf8_unicode_ci,
  `date_mod` datetime DEFAULT NULL,
  `date_creation` datetime DEFAULT NULL,
  PRIMARY KEY (`id`),
  KEY `name` (`name`),
  KEY `date_mod` (`date_mod`),
  KEY `date_creation` (`date_creation`)
) ENGINE=MyISAM DEFAULT CHARSET=utf8 COLLATE=utf8_unicode_ci;
/*!40101 SET character_set_client = @saved_cs_client */;

--
-- Dumping data for table `glpi_peripheralmodels`
--

LOCK TABLES `glpi_peripheralmodels` WRITE;
/*!40000 ALTER TABLE `glpi_peripheralmodels` DISABLE KEYS */;
/*!40000 ALTER TABLE `glpi_peripheralmodels` ENABLE KEYS */;
UNLOCK TABLES;

--
-- Table structure for table `glpi_peripherals`
--

DROP TABLE IF EXISTS `glpi_peripherals`;
/*!40101 SET @saved_cs_client     = @@character_set_client */;
/*!40101 SET character_set_client = utf8 */;
CREATE TABLE `glpi_peripherals` (
  `id` int(11) NOT NULL AUTO_INCREMENT,
  `entities_id` int(11) NOT NULL DEFAULT '0',
  `name` varchar(255) COLLATE utf8_unicode_ci DEFAULT NULL,
  `date_mod` datetime DEFAULT NULL,
  `contact` varchar(255) COLLATE utf8_unicode_ci DEFAULT NULL,
  `contact_num` varchar(255) COLLATE utf8_unicode_ci DEFAULT NULL,
  `users_id_tech` int(11) NOT NULL DEFAULT '0',
  `groups_id_tech` int(11) NOT NULL DEFAULT '0',
  `comment` text COLLATE utf8_unicode_ci,
  `serial` varchar(255) COLLATE utf8_unicode_ci DEFAULT NULL,
  `otherserial` varchar(255) COLLATE utf8_unicode_ci DEFAULT NULL,
  `locations_id` int(11) NOT NULL DEFAULT '0',
  `peripheraltypes_id` int(11) NOT NULL DEFAULT '0',
  `peripheralmodels_id` int(11) NOT NULL DEFAULT '0',
  `brand` varchar(255) COLLATE utf8_unicode_ci DEFAULT NULL,
  `manufacturers_id` int(11) NOT NULL DEFAULT '0',
  `is_global` tinyint(1) NOT NULL DEFAULT '0',
  `is_deleted` tinyint(1) NOT NULL DEFAULT '0',
  `is_template` tinyint(1) NOT NULL DEFAULT '0',
  `template_name` varchar(255) COLLATE utf8_unicode_ci DEFAULT NULL,
  `users_id` int(11) NOT NULL DEFAULT '0',
  `groups_id` int(11) NOT NULL DEFAULT '0',
  `states_id` int(11) NOT NULL DEFAULT '0',
  `ticket_tco` decimal(20,4) DEFAULT '0.0000',
  `is_dynamic` tinyint(1) NOT NULL DEFAULT '0',
  `date_creation` datetime DEFAULT NULL,
  `is_recursive` tinyint(1) NOT NULL DEFAULT '0',
  PRIMARY KEY (`id`),
  KEY `name` (`name`),
  KEY `is_template` (`is_template`),
  KEY `is_global` (`is_global`),
  KEY `entities_id` (`entities_id`),
  KEY `manufacturers_id` (`manufacturers_id`),
  KEY `groups_id` (`groups_id`),
  KEY `users_id` (`users_id`),
  KEY `locations_id` (`locations_id`),
  KEY `peripheralmodels_id` (`peripheralmodels_id`),
  KEY `states_id` (`states_id`),
  KEY `users_id_tech` (`users_id_tech`),
  KEY `peripheraltypes_id` (`peripheraltypes_id`),
  KEY `is_deleted` (`is_deleted`),
  KEY `date_mod` (`date_mod`),
  KEY `groups_id_tech` (`groups_id_tech`),
  KEY `is_dynamic` (`is_dynamic`),
  KEY `serial` (`serial`),
  KEY `otherserial` (`otherserial`),
  KEY `date_creation` (`date_creation`),
  KEY `is_recursive` (`is_recursive`)
) ENGINE=MyISAM DEFAULT CHARSET=utf8 COLLATE=utf8_unicode_ci;
/*!40101 SET character_set_client = @saved_cs_client */;

--
-- Dumping data for table `glpi_peripherals`
--

LOCK TABLES `glpi_peripherals` WRITE;
/*!40000 ALTER TABLE `glpi_peripherals` DISABLE KEYS */;
/*!40000 ALTER TABLE `glpi_peripherals` ENABLE KEYS */;
UNLOCK TABLES;

--
-- Table structure for table `glpi_peripheraltypes`
--

DROP TABLE IF EXISTS `glpi_peripheraltypes`;
/*!40101 SET @saved_cs_client     = @@character_set_client */;
/*!40101 SET character_set_client = utf8 */;
CREATE TABLE `glpi_peripheraltypes` (
  `id` int(11) NOT NULL AUTO_INCREMENT,
  `name` varchar(255) COLLATE utf8_unicode_ci DEFAULT NULL,
  `comment` text COLLATE utf8_unicode_ci,
  `date_mod` datetime DEFAULT NULL,
  `date_creation` datetime DEFAULT NULL,
  PRIMARY KEY (`id`),
  KEY `name` (`name`),
  KEY `date_mod` (`date_mod`),
  KEY `date_creation` (`date_creation`)
) ENGINE=MyISAM DEFAULT CHARSET=utf8 COLLATE=utf8_unicode_ci;
/*!40101 SET character_set_client = @saved_cs_client */;

--
-- Dumping data for table `glpi_peripheraltypes`
--

LOCK TABLES `glpi_peripheraltypes` WRITE;
/*!40000 ALTER TABLE `glpi_peripheraltypes` DISABLE KEYS */;
/*!40000 ALTER TABLE `glpi_peripheraltypes` ENABLE KEYS */;
UNLOCK TABLES;

--
-- Table structure for table `glpi_phonemodels`
--

DROP TABLE IF EXISTS `glpi_phonemodels`;
/*!40101 SET @saved_cs_client     = @@character_set_client */;
/*!40101 SET character_set_client = utf8 */;
CREATE TABLE `glpi_phonemodels` (
  `id` int(11) NOT NULL AUTO_INCREMENT,
  `name` varchar(255) COLLATE utf8_unicode_ci DEFAULT NULL,
  `comment` text COLLATE utf8_unicode_ci,
  `date_mod` datetime DEFAULT NULL,
  `date_creation` datetime DEFAULT NULL,
  PRIMARY KEY (`id`),
  KEY `name` (`name`),
  KEY `date_mod` (`date_mod`),
  KEY `date_creation` (`date_creation`)
) ENGINE=MyISAM DEFAULT CHARSET=utf8 COLLATE=utf8_unicode_ci;
/*!40101 SET character_set_client = @saved_cs_client */;

--
-- Dumping data for table `glpi_phonemodels`
--

LOCK TABLES `glpi_phonemodels` WRITE;
/*!40000 ALTER TABLE `glpi_phonemodels` DISABLE KEYS */;
/*!40000 ALTER TABLE `glpi_phonemodels` ENABLE KEYS */;
UNLOCK TABLES;

--
-- Table structure for table `glpi_phonepowersupplies`
--

DROP TABLE IF EXISTS `glpi_phonepowersupplies`;
/*!40101 SET @saved_cs_client     = @@character_set_client */;
/*!40101 SET character_set_client = utf8 */;
CREATE TABLE `glpi_phonepowersupplies` (
  `id` int(11) NOT NULL AUTO_INCREMENT,
  `name` varchar(255) COLLATE utf8_unicode_ci DEFAULT NULL,
  `comment` text COLLATE utf8_unicode_ci,
  `date_mod` datetime DEFAULT NULL,
  `date_creation` datetime DEFAULT NULL,
  PRIMARY KEY (`id`),
  KEY `name` (`name`),
  KEY `date_mod` (`date_mod`),
  KEY `date_creation` (`date_creation`)
) ENGINE=MyISAM DEFAULT CHARSET=utf8 COLLATE=utf8_unicode_ci;
/*!40101 SET character_set_client = @saved_cs_client */;

--
-- Dumping data for table `glpi_phonepowersupplies`
--

LOCK TABLES `glpi_phonepowersupplies` WRITE;
/*!40000 ALTER TABLE `glpi_phonepowersupplies` DISABLE KEYS */;
/*!40000 ALTER TABLE `glpi_phonepowersupplies` ENABLE KEYS */;
UNLOCK TABLES;

--
-- Table structure for table `glpi_phones`
--

DROP TABLE IF EXISTS `glpi_phones`;
/*!40101 SET @saved_cs_client     = @@character_set_client */;
/*!40101 SET character_set_client = utf8 */;
CREATE TABLE `glpi_phones` (
  `id` int(11) NOT NULL AUTO_INCREMENT,
  `entities_id` int(11) NOT NULL DEFAULT '0',
  `name` varchar(255) COLLATE utf8_unicode_ci DEFAULT NULL,
  `date_mod` datetime DEFAULT NULL,
  `contact` varchar(255) COLLATE utf8_unicode_ci DEFAULT NULL,
  `contact_num` varchar(255) COLLATE utf8_unicode_ci DEFAULT NULL,
  `users_id_tech` int(11) NOT NULL DEFAULT '0',
  `groups_id_tech` int(11) NOT NULL DEFAULT '0',
  `comment` text COLLATE utf8_unicode_ci,
  `serial` varchar(255) COLLATE utf8_unicode_ci DEFAULT NULL,
  `otherserial` varchar(255) COLLATE utf8_unicode_ci DEFAULT NULL,
  `firmware` varchar(255) COLLATE utf8_unicode_ci DEFAULT NULL,
  `locations_id` int(11) NOT NULL DEFAULT '0',
  `phonetypes_id` int(11) NOT NULL DEFAULT '0',
  `phonemodels_id` int(11) NOT NULL DEFAULT '0',
  `brand` varchar(255) COLLATE utf8_unicode_ci DEFAULT NULL,
  `phonepowersupplies_id` int(11) NOT NULL DEFAULT '0',
  `number_line` varchar(255) COLLATE utf8_unicode_ci DEFAULT NULL,
  `have_headset` tinyint(1) NOT NULL DEFAULT '0',
  `have_hp` tinyint(1) NOT NULL DEFAULT '0',
  `manufacturers_id` int(11) NOT NULL DEFAULT '0',
  `is_global` tinyint(1) NOT NULL DEFAULT '0',
  `is_deleted` tinyint(1) NOT NULL DEFAULT '0',
  `is_template` tinyint(1) NOT NULL DEFAULT '0',
  `template_name` varchar(255) COLLATE utf8_unicode_ci DEFAULT NULL,
  `users_id` int(11) NOT NULL DEFAULT '0',
  `groups_id` int(11) NOT NULL DEFAULT '0',
  `states_id` int(11) NOT NULL DEFAULT '0',
  `ticket_tco` decimal(20,4) DEFAULT '0.0000',
  `is_dynamic` tinyint(1) NOT NULL DEFAULT '0',
  `date_creation` datetime DEFAULT NULL,
  `is_recursive` tinyint(1) NOT NULL DEFAULT '0',
  PRIMARY KEY (`id`),
  KEY `name` (`name`),
  KEY `is_template` (`is_template`),
  KEY `is_global` (`is_global`),
  KEY `entities_id` (`entities_id`),
  KEY `manufacturers_id` (`manufacturers_id`),
  KEY `groups_id` (`groups_id`),
  KEY `users_id` (`users_id`),
  KEY `locations_id` (`locations_id`),
  KEY `phonemodels_id` (`phonemodels_id`),
  KEY `phonepowersupplies_id` (`phonepowersupplies_id`),
  KEY `states_id` (`states_id`),
  KEY `users_id_tech` (`users_id_tech`),
  KEY `phonetypes_id` (`phonetypes_id`),
  KEY `is_deleted` (`is_deleted`),
  KEY `date_mod` (`date_mod`),
  KEY `groups_id_tech` (`groups_id_tech`),
  KEY `is_dynamic` (`is_dynamic`),
  KEY `serial` (`serial`),
  KEY `otherserial` (`otherserial`),
  KEY `date_creation` (`date_creation`),
  KEY `is_recursive` (`is_recursive`)
) ENGINE=MyISAM DEFAULT CHARSET=utf8 COLLATE=utf8_unicode_ci;
/*!40101 SET character_set_client = @saved_cs_client */;

--
-- Dumping data for table `glpi_phones`
--

LOCK TABLES `glpi_phones` WRITE;
/*!40000 ALTER TABLE `glpi_phones` DISABLE KEYS */;
/*!40000 ALTER TABLE `glpi_phones` ENABLE KEYS */;
UNLOCK TABLES;

--
-- Table structure for table `glpi_phonetypes`
--

DROP TABLE IF EXISTS `glpi_phonetypes`;
/*!40101 SET @saved_cs_client     = @@character_set_client */;
/*!40101 SET character_set_client = utf8 */;
CREATE TABLE `glpi_phonetypes` (
  `id` int(11) NOT NULL AUTO_INCREMENT,
  `name` varchar(255) COLLATE utf8_unicode_ci DEFAULT NULL,
  `comment` text COLLATE utf8_unicode_ci,
  `date_mod` datetime DEFAULT NULL,
  `date_creation` datetime DEFAULT NULL,
  PRIMARY KEY (`id`),
  KEY `name` (`name`),
  KEY `date_mod` (`date_mod`),
  KEY `date_creation` (`date_creation`)
) ENGINE=MyISAM DEFAULT CHARSET=utf8 COLLATE=utf8_unicode_ci;
/*!40101 SET character_set_client = @saved_cs_client */;

--
-- Dumping data for table `glpi_phonetypes`
--

LOCK TABLES `glpi_phonetypes` WRITE;
/*!40000 ALTER TABLE `glpi_phonetypes` DISABLE KEYS */;
/*!40000 ALTER TABLE `glpi_phonetypes` ENABLE KEYS */;
UNLOCK TABLES;

--
-- Table structure for table `glpi_planningrecalls`
--

DROP TABLE IF EXISTS `glpi_planningrecalls`;
/*!40101 SET @saved_cs_client     = @@character_set_client */;
/*!40101 SET character_set_client = utf8 */;
CREATE TABLE `glpi_planningrecalls` (
  `id` int(11) NOT NULL AUTO_INCREMENT,
  `items_id` int(11) NOT NULL DEFAULT '0',
  `itemtype` varchar(100) COLLATE utf8_unicode_ci NOT NULL,
  `users_id` int(11) NOT NULL DEFAULT '0',
  `before_time` int(11) NOT NULL DEFAULT '-10',
  `when` datetime DEFAULT NULL,
  PRIMARY KEY (`id`),
  UNIQUE KEY `unicity` (`itemtype`,`items_id`,`users_id`),
  KEY `users_id` (`users_id`),
  KEY `before_time` (`before_time`),
  KEY `when` (`when`)
) ENGINE=MyISAM DEFAULT CHARSET=utf8 COLLATE=utf8_unicode_ci;
/*!40101 SET character_set_client = @saved_cs_client */;

--
-- Dumping data for table `glpi_planningrecalls`
--

LOCK TABLES `glpi_planningrecalls` WRITE;
/*!40000 ALTER TABLE `glpi_planningrecalls` DISABLE KEYS */;
/*!40000 ALTER TABLE `glpi_planningrecalls` ENABLE KEYS */;
UNLOCK TABLES;

--
-- Table structure for table `glpi_plugins`
--

DROP TABLE IF EXISTS `glpi_plugins`;
/*!40101 SET @saved_cs_client     = @@character_set_client */;
/*!40101 SET character_set_client = utf8 */;
CREATE TABLE `glpi_plugins` (
  `id` int(11) NOT NULL AUTO_INCREMENT,
  `directory` varchar(255) COLLATE utf8_unicode_ci NOT NULL,
  `name` varchar(255) COLLATE utf8_unicode_ci NOT NULL,
  `version` varchar(255) COLLATE utf8_unicode_ci NOT NULL,
  `state` int(11) NOT NULL DEFAULT '0' COMMENT 'see define.php PLUGIN_* constant',
  `author` varchar(255) COLLATE utf8_unicode_ci DEFAULT NULL,
  `homepage` varchar(255) COLLATE utf8_unicode_ci DEFAULT NULL,
  `license` varchar(255) COLLATE utf8_unicode_ci DEFAULT NULL,
  PRIMARY KEY (`id`),
  UNIQUE KEY `unicity` (`directory`),
  KEY `state` (`state`)
) ENGINE=MyISAM DEFAULT CHARSET=utf8 COLLATE=utf8_unicode_ci;
/*!40101 SET character_set_client = @saved_cs_client */;

--
-- Dumping data for table `glpi_plugins`
--

LOCK TABLES `glpi_plugins` WRITE;
/*!40000 ALTER TABLE `glpi_plugins` DISABLE KEYS */;
/*!40000 ALTER TABLE `glpi_plugins` ENABLE KEYS */;
UNLOCK TABLES;

--
-- Table structure for table `glpi_printermodels`
--

DROP TABLE IF EXISTS `glpi_printermodels`;
/*!40101 SET @saved_cs_client     = @@character_set_client */;
/*!40101 SET character_set_client = utf8 */;
CREATE TABLE `glpi_printermodels` (
  `id` int(11) NOT NULL AUTO_INCREMENT,
  `name` varchar(255) COLLATE utf8_unicode_ci DEFAULT NULL,
  `comment` text COLLATE utf8_unicode_ci,
  `date_mod` datetime DEFAULT NULL,
  `date_creation` datetime DEFAULT NULL,
  PRIMARY KEY (`id`),
  KEY `name` (`name`),
  KEY `date_mod` (`date_mod`),
  KEY `date_creation` (`date_creation`)
) ENGINE=MyISAM DEFAULT CHARSET=utf8 COLLATE=utf8_unicode_ci;
/*!40101 SET character_set_client = @saved_cs_client */;

--
-- Dumping data for table `glpi_printermodels`
--

LOCK TABLES `glpi_printermodels` WRITE;
/*!40000 ALTER TABLE `glpi_printermodels` DISABLE KEYS */;
/*!40000 ALTER TABLE `glpi_printermodels` ENABLE KEYS */;
UNLOCK TABLES;

--
-- Table structure for table `glpi_printers`
--

DROP TABLE IF EXISTS `glpi_printers`;
/*!40101 SET @saved_cs_client     = @@character_set_client */;
/*!40101 SET character_set_client = utf8 */;
CREATE TABLE `glpi_printers` (
  `id` int(11) NOT NULL AUTO_INCREMENT,
  `entities_id` int(11) NOT NULL DEFAULT '0',
  `is_recursive` tinyint(1) NOT NULL DEFAULT '0',
  `name` varchar(255) COLLATE utf8_unicode_ci DEFAULT NULL,
  `date_mod` datetime DEFAULT NULL,
  `contact` varchar(255) COLLATE utf8_unicode_ci DEFAULT NULL,
  `contact_num` varchar(255) COLLATE utf8_unicode_ci DEFAULT NULL,
  `users_id_tech` int(11) NOT NULL DEFAULT '0',
  `groups_id_tech` int(11) NOT NULL DEFAULT '0',
  `serial` varchar(255) COLLATE utf8_unicode_ci DEFAULT NULL,
  `otherserial` varchar(255) COLLATE utf8_unicode_ci DEFAULT NULL,
  `have_serial` tinyint(1) NOT NULL DEFAULT '0',
  `have_parallel` tinyint(1) NOT NULL DEFAULT '0',
  `have_usb` tinyint(1) NOT NULL DEFAULT '0',
  `have_wifi` tinyint(1) NOT NULL DEFAULT '0',
  `have_ethernet` tinyint(1) NOT NULL DEFAULT '0',
  `comment` text COLLATE utf8_unicode_ci,
  `memory_size` varchar(255) COLLATE utf8_unicode_ci DEFAULT NULL,
  `locations_id` int(11) NOT NULL DEFAULT '0',
  `domains_id` int(11) NOT NULL DEFAULT '0',
  `networks_id` int(11) NOT NULL DEFAULT '0',
  `printertypes_id` int(11) NOT NULL DEFAULT '0',
  `printermodels_id` int(11) NOT NULL DEFAULT '0',
  `manufacturers_id` int(11) NOT NULL DEFAULT '0',
  `is_global` tinyint(1) NOT NULL DEFAULT '0',
  `is_deleted` tinyint(1) NOT NULL DEFAULT '0',
  `is_template` tinyint(1) NOT NULL DEFAULT '0',
  `template_name` varchar(255) COLLATE utf8_unicode_ci DEFAULT NULL,
  `init_pages_counter` int(11) NOT NULL DEFAULT '0',
  `last_pages_counter` int(11) NOT NULL DEFAULT '0',
  `users_id` int(11) NOT NULL DEFAULT '0',
  `groups_id` int(11) NOT NULL DEFAULT '0',
  `states_id` int(11) NOT NULL DEFAULT '0',
  `ticket_tco` decimal(20,4) DEFAULT '0.0000',
  `is_dynamic` tinyint(1) NOT NULL DEFAULT '0',
  `date_creation` datetime DEFAULT NULL,
  PRIMARY KEY (`id`),
  KEY `name` (`name`),
  KEY `is_template` (`is_template`),
  KEY `is_global` (`is_global`),
  KEY `domains_id` (`domains_id`),
  KEY `entities_id` (`entities_id`),
  KEY `manufacturers_id` (`manufacturers_id`),
  KEY `groups_id` (`groups_id`),
  KEY `users_id` (`users_id`),
  KEY `locations_id` (`locations_id`),
  KEY `printermodels_id` (`printermodels_id`),
  KEY `networks_id` (`networks_id`),
  KEY `states_id` (`states_id`),
  KEY `users_id_tech` (`users_id_tech`),
  KEY `printertypes_id` (`printertypes_id`),
  KEY `is_deleted` (`is_deleted`),
  KEY `date_mod` (`date_mod`),
  KEY `groups_id_tech` (`groups_id_tech`),
  KEY `last_pages_counter` (`last_pages_counter`),
  KEY `is_dynamic` (`is_dynamic`),
  KEY `serial` (`serial`),
  KEY `otherserial` (`otherserial`),
  KEY `date_creation` (`date_creation`)
) ENGINE=MyISAM DEFAULT CHARSET=utf8 COLLATE=utf8_unicode_ci;
/*!40101 SET character_set_client = @saved_cs_client */;

--
-- Dumping data for table `glpi_printers`
--

LOCK TABLES `glpi_printers` WRITE;
/*!40000 ALTER TABLE `glpi_printers` DISABLE KEYS */;
/*!40000 ALTER TABLE `glpi_printers` ENABLE KEYS */;
UNLOCK TABLES;

--
-- Table structure for table `glpi_printertypes`
--

DROP TABLE IF EXISTS `glpi_printertypes`;
/*!40101 SET @saved_cs_client     = @@character_set_client */;
/*!40101 SET character_set_client = utf8 */;
CREATE TABLE `glpi_printertypes` (
  `id` int(11) NOT NULL AUTO_INCREMENT,
  `name` varchar(255) COLLATE utf8_unicode_ci DEFAULT NULL,
  `comment` text COLLATE utf8_unicode_ci,
  `date_mod` datetime DEFAULT NULL,
  `date_creation` datetime DEFAULT NULL,
  PRIMARY KEY (`id`),
  KEY `name` (`name`),
  KEY `date_mod` (`date_mod`),
  KEY `date_creation` (`date_creation`)
) ENGINE=MyISAM DEFAULT CHARSET=utf8 COLLATE=utf8_unicode_ci;
/*!40101 SET character_set_client = @saved_cs_client */;

--
-- Dumping data for table `glpi_printertypes`
--

LOCK TABLES `glpi_printertypes` WRITE;
/*!40000 ALTER TABLE `glpi_printertypes` DISABLE KEYS */;
/*!40000 ALTER TABLE `glpi_printertypes` ENABLE KEYS */;
UNLOCK TABLES;

--
-- Table structure for table `glpi_problemcosts`
--

DROP TABLE IF EXISTS `glpi_problemcosts`;
/*!40101 SET @saved_cs_client     = @@character_set_client */;
/*!40101 SET character_set_client = utf8 */;
CREATE TABLE `glpi_problemcosts` (
  `id` int(11) NOT NULL AUTO_INCREMENT,
  `problems_id` int(11) NOT NULL DEFAULT '0',
  `name` varchar(255) COLLATE utf8_unicode_ci DEFAULT NULL,
  `comment` text COLLATE utf8_unicode_ci,
  `begin_date` date DEFAULT NULL,
  `end_date` date DEFAULT NULL,
  `actiontime` int(11) NOT NULL DEFAULT '0',
  `cost_time` decimal(20,4) NOT NULL DEFAULT '0.0000',
  `cost_fixed` decimal(20,4) NOT NULL DEFAULT '0.0000',
  `cost_material` decimal(20,4) NOT NULL DEFAULT '0.0000',
  `budgets_id` int(11) NOT NULL DEFAULT '0',
  `entities_id` int(11) NOT NULL DEFAULT '0',
  PRIMARY KEY (`id`),
  KEY `name` (`name`),
  KEY `problems_id` (`problems_id`),
  KEY `begin_date` (`begin_date`),
  KEY `end_date` (`end_date`),
  KEY `entities_id` (`entities_id`),
  KEY `budgets_id` (`budgets_id`)
) ENGINE=MyISAM DEFAULT CHARSET=utf8 COLLATE=utf8_unicode_ci;
/*!40101 SET character_set_client = @saved_cs_client */;

--
-- Dumping data for table `glpi_problemcosts`
--

LOCK TABLES `glpi_problemcosts` WRITE;
/*!40000 ALTER TABLE `glpi_problemcosts` DISABLE KEYS */;
/*!40000 ALTER TABLE `glpi_problemcosts` ENABLE KEYS */;
UNLOCK TABLES;

--
-- Table structure for table `glpi_problems`
--

DROP TABLE IF EXISTS `glpi_problems`;
/*!40101 SET @saved_cs_client     = @@character_set_client */;
/*!40101 SET character_set_client = utf8 */;
CREATE TABLE `glpi_problems` (
  `id` int(11) NOT NULL AUTO_INCREMENT,
  `name` varchar(255) COLLATE utf8_unicode_ci DEFAULT NULL,
  `entities_id` int(11) NOT NULL DEFAULT '0',
  `is_recursive` tinyint(1) NOT NULL DEFAULT '0',
  `is_deleted` tinyint(1) NOT NULL DEFAULT '0',
  `status` int(11) NOT NULL DEFAULT '1',
  `content` longtext COLLATE utf8_unicode_ci,
  `date_mod` datetime DEFAULT NULL,
  `date` datetime DEFAULT NULL,
  `solvedate` datetime DEFAULT NULL,
  `closedate` datetime DEFAULT NULL,
  `due_date` datetime DEFAULT NULL,
  `users_id_recipient` int(11) NOT NULL DEFAULT '0',
  `users_id_lastupdater` int(11) NOT NULL DEFAULT '0',
  `urgency` int(11) NOT NULL DEFAULT '1',
  `impact` int(11) NOT NULL DEFAULT '1',
  `priority` int(11) NOT NULL DEFAULT '1',
  `itilcategories_id` int(11) NOT NULL DEFAULT '0',
  `impactcontent` longtext COLLATE utf8_unicode_ci,
  `causecontent` longtext COLLATE utf8_unicode_ci,
  `symptomcontent` longtext COLLATE utf8_unicode_ci,
  `solutiontypes_id` int(11) NOT NULL DEFAULT '0',
  `solution` longtext COLLATE utf8_unicode_ci,
  `actiontime` int(11) NOT NULL DEFAULT '0',
  `begin_waiting_date` datetime DEFAULT NULL,
  `waiting_duration` int(11) NOT NULL DEFAULT '0',
  `close_delay_stat` int(11) NOT NULL DEFAULT '0',
  `solve_delay_stat` int(11) NOT NULL DEFAULT '0',
  `date_creation` datetime DEFAULT NULL,
  PRIMARY KEY (`id`),
  KEY `name` (`name`),
  KEY `entities_id` (`entities_id`),
  KEY `is_recursive` (`is_recursive`),
  KEY `is_deleted` (`is_deleted`),
  KEY `date` (`date`),
  KEY `closedate` (`closedate`),
  KEY `status` (`status`),
  KEY `priority` (`priority`),
  KEY `date_mod` (`date_mod`),
  KEY `itilcategories_id` (`itilcategories_id`),
  KEY `users_id_recipient` (`users_id_recipient`),
  KEY `solvedate` (`solvedate`),
  KEY `solutiontypes_id` (`solutiontypes_id`),
  KEY `urgency` (`urgency`),
  KEY `impact` (`impact`),
  KEY `due_date` (`due_date`),
  KEY `users_id_lastupdater` (`users_id_lastupdater`),
  KEY `date_creation` (`date_creation`)
) ENGINE=MyISAM DEFAULT CHARSET=utf8 COLLATE=utf8_unicode_ci;
/*!40101 SET character_set_client = @saved_cs_client */;

--
-- Dumping data for table `glpi_problems`
--

LOCK TABLES `glpi_problems` WRITE;
/*!40000 ALTER TABLE `glpi_problems` DISABLE KEYS */;
/*!40000 ALTER TABLE `glpi_problems` ENABLE KEYS */;
UNLOCK TABLES;

--
-- Table structure for table `glpi_problems_suppliers`
--

DROP TABLE IF EXISTS `glpi_problems_suppliers`;
/*!40101 SET @saved_cs_client     = @@character_set_client */;
/*!40101 SET character_set_client = utf8 */;
CREATE TABLE `glpi_problems_suppliers` (
  `id` int(11) NOT NULL AUTO_INCREMENT,
  `problems_id` int(11) NOT NULL DEFAULT '0',
  `suppliers_id` int(11) NOT NULL DEFAULT '0',
  `type` int(11) NOT NULL DEFAULT '1',
  `use_notification` tinyint(1) NOT NULL DEFAULT '0',
  `alternative_email` varchar(255) COLLATE utf8_unicode_ci DEFAULT NULL,
  PRIMARY KEY (`id`),
  UNIQUE KEY `unicity` (`problems_id`,`type`,`suppliers_id`),
  KEY `group` (`suppliers_id`,`type`)
) ENGINE=MyISAM DEFAULT CHARSET=utf8 COLLATE=utf8_unicode_ci;
/*!40101 SET character_set_client = @saved_cs_client */;

--
-- Dumping data for table `glpi_problems_suppliers`
--

LOCK TABLES `glpi_problems_suppliers` WRITE;
/*!40000 ALTER TABLE `glpi_problems_suppliers` DISABLE KEYS */;
/*!40000 ALTER TABLE `glpi_problems_suppliers` ENABLE KEYS */;
UNLOCK TABLES;

--
-- Table structure for table `glpi_problems_tickets`
--

DROP TABLE IF EXISTS `glpi_problems_tickets`;
/*!40101 SET @saved_cs_client     = @@character_set_client */;
/*!40101 SET character_set_client = utf8 */;
CREATE TABLE `glpi_problems_tickets` (
  `id` int(11) NOT NULL AUTO_INCREMENT,
  `problems_id` int(11) NOT NULL DEFAULT '0',
  `tickets_id` int(11) NOT NULL DEFAULT '0',
  PRIMARY KEY (`id`),
  UNIQUE KEY `unicity` (`problems_id`,`tickets_id`),
  KEY `tickets_id` (`tickets_id`)
) ENGINE=MyISAM DEFAULT CHARSET=utf8 COLLATE=utf8_unicode_ci;
/*!40101 SET character_set_client = @saved_cs_client */;

--
-- Dumping data for table `glpi_problems_tickets`
--

LOCK TABLES `glpi_problems_tickets` WRITE;
/*!40000 ALTER TABLE `glpi_problems_tickets` DISABLE KEYS */;
/*!40000 ALTER TABLE `glpi_problems_tickets` ENABLE KEYS */;
UNLOCK TABLES;

--
-- Table structure for table `glpi_problems_users`
--

DROP TABLE IF EXISTS `glpi_problems_users`;
/*!40101 SET @saved_cs_client     = @@character_set_client */;
/*!40101 SET character_set_client = utf8 */;
CREATE TABLE `glpi_problems_users` (
  `id` int(11) NOT NULL AUTO_INCREMENT,
  `problems_id` int(11) NOT NULL DEFAULT '0',
  `users_id` int(11) NOT NULL DEFAULT '0',
  `type` int(11) NOT NULL DEFAULT '1',
  `use_notification` tinyint(1) NOT NULL DEFAULT '0',
  `alternative_email` varchar(255) COLLATE utf8_unicode_ci DEFAULT NULL,
  PRIMARY KEY (`id`),
  UNIQUE KEY `unicity` (`problems_id`,`type`,`users_id`,`alternative_email`),
  KEY `user` (`users_id`,`type`)
) ENGINE=MyISAM DEFAULT CHARSET=utf8 COLLATE=utf8_unicode_ci;
/*!40101 SET character_set_client = @saved_cs_client */;

--
-- Dumping data for table `glpi_problems_users`
--

LOCK TABLES `glpi_problems_users` WRITE;
/*!40000 ALTER TABLE `glpi_problems_users` DISABLE KEYS */;
/*!40000 ALTER TABLE `glpi_problems_users` ENABLE KEYS */;
UNLOCK TABLES;

--
-- Table structure for table `glpi_problemtasks`
--

DROP TABLE IF EXISTS `glpi_problemtasks`;
/*!40101 SET @saved_cs_client     = @@character_set_client */;
/*!40101 SET character_set_client = utf8 */;
CREATE TABLE `glpi_problemtasks` (
  `id` int(11) NOT NULL AUTO_INCREMENT,
  `problems_id` int(11) NOT NULL DEFAULT '0',
  `taskcategories_id` int(11) NOT NULL DEFAULT '0',
  `date` datetime DEFAULT NULL,
  `begin` datetime DEFAULT NULL,
  `end` datetime DEFAULT NULL,
  `users_id` int(11) NOT NULL DEFAULT '0',
  `users_id_tech` int(11) NOT NULL DEFAULT '0',
  `groups_id_tech` int(11) NOT NULL DEFAULT '0',
  `content` longtext COLLATE utf8_unicode_ci,
  `actiontime` int(11) NOT NULL DEFAULT '0',
  `state` int(11) NOT NULL DEFAULT '0',
  `date_mod` datetime DEFAULT NULL,
  PRIMARY KEY (`id`),
  KEY `problems_id` (`problems_id`),
  KEY `users_id` (`users_id`),
  KEY `users_id_tech` (`users_id_tech`),
  KEY `groups_id_tech` (`groups_id_tech`),
  KEY `date` (`date`),
  KEY `date_mod` (`date_mod`),
  KEY `begin` (`begin`),
  KEY `end` (`end`),
  KEY `state` (`state`),
  KEY `taskcategories_id` (`taskcategories_id`)
) ENGINE=MyISAM DEFAULT CHARSET=utf8 COLLATE=utf8_unicode_ci;
/*!40101 SET character_set_client = @saved_cs_client */;

--
-- Dumping data for table `glpi_problemtasks`
--

LOCK TABLES `glpi_problemtasks` WRITE;
/*!40000 ALTER TABLE `glpi_problemtasks` DISABLE KEYS */;
/*!40000 ALTER TABLE `glpi_problemtasks` ENABLE KEYS */;
UNLOCK TABLES;

--
-- Table structure for table `glpi_profilerights`
--

DROP TABLE IF EXISTS `glpi_profilerights`;
/*!40101 SET @saved_cs_client     = @@character_set_client */;
/*!40101 SET character_set_client = utf8 */;
CREATE TABLE `glpi_profilerights` (
  `id` int(11) NOT NULL AUTO_INCREMENT,
  `profiles_id` int(11) NOT NULL DEFAULT '0',
  `name` varchar(255) COLLATE utf8_unicode_ci DEFAULT NULL,
  `rights` int(11) NOT NULL DEFAULT '0',
  PRIMARY KEY (`id`),
  UNIQUE KEY `unicity` (`profiles_id`,`name`)
) ENGINE=MyISAM AUTO_INCREMENT=829 DEFAULT CHARSET=utf8 COLLATE=utf8_unicode_ci;
/*!40101 SET character_set_client = @saved_cs_client */;

--
-- Dumping data for table `glpi_profilerights`
--

LOCK TABLES `glpi_profilerights` WRITE;
/*!40000 ALTER TABLE `glpi_profilerights` DISABLE KEYS */;
INSERT INTO `glpi_profilerights` VALUES (1,1,'computer',0),(2,1,'monitor',0),(3,1,'software',0),(4,1,'networking',0),(5,1,'internet',0),(6,1,'printer',0),(7,1,'peripheral',0),(8,1,'cartridge',0),(9,1,'consumable',0),(10,1,'phone',0),(734,6,'queuedmail',0),(12,1,'contact_enterprise',0),(13,1,'document',0),(14,1,'contract',0),(15,1,'infocom',0),(16,1,'knowbase',2048),(20,1,'reservation',1024),(21,1,'reports',0),(22,1,'dropdown',0),(24,1,'device',0),(25,1,'typedoc',0),(26,1,'link',0),(27,1,'config',0),(29,1,'rule_ticket',0),(30,1,'rule_import',0),(31,1,'rule_ldap',0),(32,1,'rule_softwarecategories',0),(33,1,'search_config',0),(684,5,'location',0),(679,7,'domain',31),(36,1,'profile',0),(37,1,'user',0),(39,1,'group',0),(40,1,'entity',0),(41,1,'transfer',0),(42,1,'logs',0),(43,1,'reminder_public',1),(44,1,'rssfeed_public',1),(45,1,'bookmark_public',0),(46,1,'backup',0),(47,1,'ticket',131077),(51,1,'followup',5),(52,1,'task',1),(64,1,'planning',0),(716,2,'state',0),(709,2,'taskcategory',0),(67,1,'statistic',0),(68,1,'password_update',1),(70,1,'show_group_hardware',0),(71,1,'rule_dictionnary_software',0),(72,1,'rule_dictionnary_dropdown',0),(73,1,'budget',0),(75,1,'notification',0),(76,1,'rule_mailcollector',0),(728,7,'solutiontemplate',31),(79,1,'calendar',0),(80,1,'sla',0),(81,1,'rule_dictionnary_printer',0),(85,1,'problem',0),(702,2,'netpoint',0),(697,4,'knowbasecategory',31),(691,5,'itilcategory',0),(89,1,'tickettemplate',0),(90,1,'ticketrecurrent',0),(91,1,'ticketcost',1),(671,6,'changevalidation',20),(94,1,'ticketvalidation',0),(95,2,'computer',33),(96,2,'monitor',33),(97,2,'software',33),(98,2,'networking',33),(99,2,'internet',1),(100,2,'printer',33),(101,2,'peripheral',33),(102,2,'cartridge',33),(103,2,'consumable',33),(104,2,'phone',33),(733,5,'queuedmail',0),(106,2,'contact_enterprise',33),(107,2,'document',33),(108,2,'contract',33),(109,2,'infocom',1),(110,2,'knowbase',2049),(114,2,'reservation',1025),(115,2,'reports',1),(116,2,'dropdown',0),(118,2,'device',0),(119,2,'typedoc',1),(120,2,'link',1),(121,2,'config',0),(123,2,'rule_ticket',0),(124,2,'rule_import',0),(125,2,'rule_ldap',0),(126,2,'rule_softwarecategories',0),(127,2,'search_config',1055),(683,4,'location',31),(678,6,'domain',0),(130,2,'profile',0),(131,2,'user',2049),(133,2,'group',1),(134,2,'entity',32),(135,2,'transfer',0),(136,2,'logs',0),(137,2,'reminder_public',0),(138,2,'rssfeed_public',0),(139,2,'bookmark_public',0),(140,2,'backup',1024),(141,2,'ticket',168989),(145,2,'followup',5),(146,2,'task',1),(748,6,'projecttask',1025),(749,7,'projecttask',1025),(158,2,'planning',1),(715,1,'state',0),(708,1,'taskcategory',0),(161,2,'statistic',1),(162,2,'password_update',1),(164,2,'show_group_hardware',0),(165,2,'rule_dictionnary_software',0),(166,2,'rule_dictionnary_dropdown',0),(167,2,'budget',33),(169,2,'notification',0),(170,2,'rule_mailcollector',0),(726,5,'solutiontemplate',0),(727,6,'solutiontemplate',0),(173,2,'calendar',0),(174,2,'sla',0),(175,2,'rule_dictionnary_printer',0),(179,2,'problem',1057),(701,1,'netpoint',0),(696,3,'knowbasecategory',31),(690,4,'itilcategory',31),(183,2,'tickettemplate',0),(184,2,'ticketrecurrent',0),(185,2,'ticketcost',1),(669,4,'changevalidation',1044),(670,5,'changevalidation',20),(188,2,'ticketvalidation',15384),(189,3,'computer',127),(190,3,'monitor',127),(191,3,'software',127),(192,3,'networking',127),(193,3,'internet',31),(194,3,'printer',127),(195,3,'peripheral',127),(196,3,'cartridge',127),(197,3,'consumable',127),(198,3,'phone',127),(732,4,'queuedmail',31),(200,3,'contact_enterprise',127),(201,3,'document',127),(202,3,'contract',127),(203,3,'infocom',31),(204,3,'knowbase',6175),(208,3,'reservation',1055),(209,3,'reports',1),(210,3,'dropdown',31),(212,3,'device',31),(213,3,'typedoc',31),(214,3,'link',31),(215,3,'config',0),(217,3,'rule_ticket',0),(218,3,'rule_import',0),(219,3,'rule_ldap',0),(220,3,'rule_softwarecategories',0),(221,3,'search_config',3103),(682,3,'location',31),(677,5,'domain',0),(224,3,'profile',1),(225,3,'user',7199),(227,3,'group',31),(228,3,'entity',96),(229,3,'transfer',0),(230,3,'logs',0),(231,3,'reminder_public',0),(232,3,'rssfeed_public',0),(233,3,'bookmark_public',0),(234,3,'backup',1024),(235,3,'ticket',259103),(239,3,'followup',15383),(240,3,'task',13329),(745,3,'projecttask',1025),(746,4,'projecttask',1025),(747,5,'projecttask',0),(252,3,'planning',3073),(714,7,'taskcategory',31),(707,7,'netpoint',31),(255,3,'statistic',1),(256,3,'password_update',1),(258,3,'show_group_hardware',0),(259,3,'rule_dictionnary_software',0),(260,3,'rule_dictionnary_dropdown',0),(261,3,'budget',127),(263,3,'notification',0),(264,3,'rule_mailcollector',0),(724,3,'solutiontemplate',31),(725,4,'solutiontemplate',31),(267,3,'calendar',31),(268,3,'sla',0),(269,3,'rule_dictionnary_printer',0),(273,3,'problem',1151),(695,2,'knowbasecategory',0),(689,3,'itilcategory',31),(277,3,'tickettemplate',0),(278,3,'ticketrecurrent',0),(279,3,'ticketcost',31),(667,2,'changevalidation',1044),(668,3,'changevalidation',1044),(282,3,'ticketvalidation',15384),(283,4,'computer',255),(284,4,'monitor',255),(285,4,'software',255),(286,4,'networking',255),(287,4,'internet',159),(288,4,'printer',255),(289,4,'peripheral',255),(290,4,'cartridge',255),(291,4,'consumable',255),(292,4,'phone',255),(294,4,'contact_enterprise',255),(295,4,'document',255),(296,4,'contract',255),(297,4,'infocom',31),(298,4,'knowbase',7327),(302,4,'reservation',1055),(303,4,'reports',1),(304,4,'dropdown',31),(306,4,'device',31),(307,4,'typedoc',31),(308,4,'link',159),(309,4,'config',31),(311,4,'rule_ticket',1055),(312,4,'rule_import',31),(313,4,'rule_ldap',31),(314,4,'rule_softwarecategories',31),(315,4,'search_config',3103),(681,2,'location',0),(676,4,'domain',31),(318,4,'profile',159),(319,4,'user',7327),(321,4,'group',159),(322,4,'entity',3327),(323,4,'transfer',31),(324,4,'logs',1),(325,4,'reminder_public',159),(326,4,'rssfeed_public',159),(327,4,'bookmark_public',31),(328,4,'backup',1055),(329,4,'ticket',259231),(333,4,'followup',15383),(334,4,'task',13329),(742,7,'project',1151),(743,1,'projecttask',0),(744,2,'projecttask',1025),(346,4,'planning',3073),(713,6,'taskcategory',0),(706,6,'netpoint',0),(349,4,'statistic',1),(350,4,'password_update',1),(352,4,'show_group_hardware',0),(353,4,'rule_dictionnary_software',31),(354,4,'rule_dictionnary_dropdown',31),(355,4,'budget',255),(357,4,'notification',31),(358,4,'rule_mailcollector',31),(722,1,'solutiontemplate',0),(723,2,'solutiontemplate',0),(361,4,'calendar',31),(362,4,'sla',31),(363,4,'rule_dictionnary_printer',31),(367,4,'problem',1279),(694,1,'knowbasecategory',0),(688,2,'itilcategory',0),(371,4,'tickettemplate',31),(372,4,'ticketrecurrent',31),(373,4,'ticketcost',31),(665,7,'change',1151),(666,1,'changevalidation',0),(376,4,'ticketvalidation',15384),(377,5,'computer',0),(378,5,'monitor',0),(379,5,'software',0),(380,5,'networking',0),(381,5,'internet',0),(382,5,'printer',0),(383,5,'peripheral',0),(384,5,'cartridge',0),(385,5,'consumable',0),(386,5,'phone',0),(731,3,'queuedmail',0),(388,5,'contact_enterprise',0),(389,5,'document',0),(390,5,'contract',0),(391,5,'infocom',0),(392,5,'knowbase',0),(396,5,'reservation',0),(397,5,'reports',0),(398,5,'dropdown',0),(400,5,'device',0),(401,5,'typedoc',0),(402,5,'link',0),(403,5,'config',0),(405,5,'rule_ticket',0),(406,5,'rule_import',0),(407,5,'rule_ldap',0),(408,5,'rule_softwarecategories',0),(409,5,'search_config',0),(680,1,'location',0),(675,3,'domain',31),(412,5,'profile',0),(413,5,'user',1025),(415,5,'group',0),(416,5,'entity',0),(417,5,'transfer',0),(418,5,'logs',0),(419,5,'reminder_public',0),(420,5,'rssfeed_public',0),(421,5,'bookmark_public',0),(422,5,'backup',0),(423,5,'ticket',140295),(427,5,'followup',12295),(428,5,'task',8193),(739,4,'project',1279),(740,5,'project',1150),(741,6,'project',1151),(440,5,'planning',1),(712,5,'taskcategory',0),(705,5,'netpoint',0),(443,5,'statistic',1),(444,5,'password_update',1),(446,5,'show_group_hardware',0),(447,5,'rule_dictionnary_software',0),(448,5,'rule_dictionnary_dropdown',0),(449,5,'budget',0),(451,5,'notification',0),(452,5,'rule_mailcollector',0),(720,6,'state',0),(721,7,'state',31),(455,5,'calendar',0),(456,5,'sla',0),(457,5,'rule_dictionnary_printer',0),(461,5,'problem',1024),(700,7,'knowbasecategory',31),(687,1,'itilcategory',0),(465,5,'tickettemplate',1),(466,5,'ticketrecurrent',0),(467,5,'ticketcost',31),(663,5,'change',1054),(664,6,'change',1151),(470,5,'ticketvalidation',3088),(471,6,'computer',127),(472,6,'monitor',127),(473,6,'software',127),(474,6,'networking',127),(475,6,'internet',31),(476,6,'printer',127),(477,6,'peripheral',127),(478,6,'cartridge',127),(479,6,'consumable',127),(480,6,'phone',127),(730,2,'queuedmail',0),(482,6,'contact_enterprise',96),(483,6,'document',127),(484,6,'contract',96),(485,6,'infocom',0),(486,6,'knowbase',6175),(490,6,'reservation',1055),(491,6,'reports',1),(492,6,'dropdown',0),(494,6,'device',0),(495,6,'typedoc',0),(496,6,'link',0),(497,6,'config',0),(499,6,'rule_ticket',0),(500,6,'rule_import',0),(501,6,'rule_ldap',0),(502,6,'rule_softwarecategories',0),(503,6,'search_config',0),(674,2,'domain',0),(506,6,'profile',0),(507,6,'user',1055),(509,6,'group',1),(510,6,'entity',97),(511,6,'transfer',1),(512,6,'logs',0),(513,6,'reminder_public',31),(514,6,'rssfeed_public',31),(515,6,'bookmark_public',0),(516,6,'backup',0),(517,6,'ticket',168967),(521,6,'followup',13319),(522,6,'task',13329),(736,1,'project',0),(737,2,'project',1025),(738,3,'project',1151),(534,6,'planning',1),(711,4,'taskcategory',31),(704,4,'netpoint',31),(537,6,'statistic',1),(538,6,'password_update',1),(540,6,'show_group_hardware',0),(541,6,'rule_dictionnary_software',0),(542,6,'rule_dictionnary_dropdown',0),(543,6,'budget',96),(545,6,'notification',0),(546,6,'rule_mailcollector',0),(718,4,'state',31),(719,5,'state',0),(549,6,'calendar',0),(550,6,'sla',1),(551,6,'rule_dictionnary_printer',0),(555,6,'problem',1121),(699,6,'knowbasecategory',0),(693,7,'itilcategory',31),(686,7,'location',31),(559,6,'tickettemplate',1),(560,6,'ticketrecurrent',1),(561,6,'ticketcost',31),(661,3,'change',1151),(662,4,'change',1279),(564,6,'ticketvalidation',3088),(565,7,'computer',127),(566,7,'monitor',127),(567,7,'software',127),(568,7,'networking',127),(569,7,'internet',31),(570,7,'printer',127),(571,7,'peripheral',127),(572,7,'cartridge',127),(573,7,'consumable',127),(574,7,'phone',127),(729,1,'queuedmail',0),(576,7,'contact_enterprise',96),(577,7,'document',127),(578,7,'contract',96),(579,7,'infocom',0),(580,7,'knowbase',6175),(584,7,'reservation',1055),(585,7,'reports',1),(586,7,'dropdown',0),(588,7,'device',0),(589,7,'typedoc',0),(590,7,'link',0),(591,7,'config',0),(593,7,'rule_ticket',1055),(594,7,'rule_import',0),(595,7,'rule_ldap',0),(596,7,'rule_softwarecategories',0),(597,7,'search_config',0),(673,1,'domain',0),(600,7,'profile',0),(601,7,'user',1055),(603,7,'group',1),(604,7,'entity',97),(605,7,'transfer',1),(606,7,'logs',1),(607,7,'reminder_public',31),(608,7,'rssfeed_public',31),(609,7,'bookmark_public',0),(610,7,'backup',0),(611,7,'ticket',259103),(615,7,'followup',13335),(616,7,'task',13329),(735,7,'queuedmail',0),(628,7,'planning',2049),(710,3,'taskcategory',31),(703,3,'netpoint',31),(631,7,'statistic',1),(632,7,'password_update',1),(634,7,'show_group_hardware',0),(635,7,'rule_dictionnary_software',0),(636,7,'rule_dictionnary_dropdown',0),(637,7,'budget',96),(639,7,'notification',0),(640,7,'rule_mailcollector',31),(672,7,'changevalidation',1044),(717,3,'state',31),(643,7,'calendar',31),(644,7,'sla',31),(645,7,'rule_dictionnary_printer',0),(649,7,'problem',1151),(698,5,'knowbasecategory',0),(692,6,'itilcategory',0),(685,6,'location',0),(653,7,'tickettemplate',31),(654,7,'ticketrecurrent',31),(655,7,'ticketcost',31),(659,1,'change',0),(660,2,'change',1057),(658,7,'ticketvalidation',15384),(750,8,'backup',1),(751,8,'bookmark_public',1),(752,8,'budget',161),(753,8,'calendar',1),(754,8,'cartridge',161),(755,8,'change',1185),(756,8,'changevalidation',0),(757,8,'computer',161),(758,8,'config',1),(759,8,'consumable',161),(760,8,'contact_enterprise',161),(761,8,'contract',161),(762,8,'device',0),(763,8,'document',161),(764,8,'domain',1),(765,8,'dropdown',1),(766,8,'entity',1185),(767,8,'followup',8193),(768,8,'global_validation',0),(769,8,'group',129),(770,8,'infocom',1),(771,8,'internet',129),(772,8,'itilcategory',1),(773,8,'knowbase',2177),(774,8,'knowbasecategory',1),(775,8,'link',129),(776,8,'location',1),(777,8,'logs',1),(778,8,'monitor',161),(779,8,'netpoint',1),(780,8,'networking',161),(781,8,'notification',1),(782,8,'password_update',0),(783,8,'peripheral',161),(784,8,'phone',161),(785,8,'planning',3073),(786,8,'printer',161),(787,8,'problem',1185),(788,8,'profile',129),(789,8,'project',1185),(790,8,'projecttask',1),(791,8,'queuedmail',1),(792,8,'reminder_public',129),(793,8,'reports',1),(794,8,'reservation',1),(795,8,'rssfeed_public',129),(796,8,'rule_dictionnary_dropdown',1),(797,8,'rule_dictionnary_printer',1),(798,8,'rule_dictionnary_software',1),(799,8,'rule_import',1),(800,8,'rule_ldap',1),(801,8,'rule_mailcollector',1),(802,8,'rule_softwarecategories',1),(803,8,'rule_ticket',1),(804,8,'search_config',0),(805,8,'show_group_hardware',1),(806,8,'sla',1),(807,8,'software',161),(808,8,'solutiontemplate',1),(809,8,'state',1),(810,8,'statistic',1),(811,8,'task',8193),(812,8,'taskcategory',1),(813,8,'ticket',138369),(814,8,'ticketcost',1),(815,8,'ticketrecurrent',1),(816,8,'tickettemplate',1),(817,8,'ticketvalidation',0),(818,8,'transfer',1),(819,8,'typedoc',1),(820,8,'user',2177),(821,1,'license',0),(822,2,'license',33),(823,3,'license',127),(824,4,'license',255),(825,5,'license',0),(826,6,'license',127),(827,7,'license',127),(828,8,'license',161);
/*!40000 ALTER TABLE `glpi_profilerights` ENABLE KEYS */;
UNLOCK TABLES;

--
-- Table structure for table `glpi_profiles`
--

DROP TABLE IF EXISTS `glpi_profiles`;
/*!40101 SET @saved_cs_client     = @@character_set_client */;
/*!40101 SET character_set_client = utf8 */;
CREATE TABLE `glpi_profiles` (
  `id` int(11) NOT NULL AUTO_INCREMENT,
  `name` varchar(255) COLLATE utf8_unicode_ci DEFAULT NULL,
  `interface` varchar(255) COLLATE utf8_unicode_ci DEFAULT 'helpdesk',
  `is_default` tinyint(1) NOT NULL DEFAULT '0',
  `helpdesk_hardware` int(11) NOT NULL DEFAULT '0',
  `helpdesk_item_type` text COLLATE utf8_unicode_ci,
  `ticket_status` text COLLATE utf8_unicode_ci COMMENT 'json encoded array of from/dest allowed status change',
  `date_mod` datetime DEFAULT NULL,
  `comment` text COLLATE utf8_unicode_ci,
  `problem_status` text COLLATE utf8_unicode_ci COMMENT 'json encoded array of from/dest allowed status change',
  `create_ticket_on_login` tinyint(1) NOT NULL DEFAULT '0',
  `tickettemplates_id` int(11) NOT NULL DEFAULT '0',
  `change_status` text COLLATE utf8_unicode_ci COMMENT 'json encoded array of from/dest allowed status change',
  `date_creation` datetime DEFAULT NULL,
  PRIMARY KEY (`id`),
  KEY `interface` (`interface`),
  KEY `is_default` (`is_default`),
  KEY `date_mod` (`date_mod`),
  KEY `date_creation` (`date_creation`)
) ENGINE=MyISAM AUTO_INCREMENT=9 DEFAULT CHARSET=utf8 COLLATE=utf8_unicode_ci;
/*!40101 SET character_set_client = @saved_cs_client */;

--
-- Dumping data for table `glpi_profiles`
--

LOCK TABLES `glpi_profiles` WRITE;
/*!40000 ALTER TABLE `glpi_profiles` DISABLE KEYS */;
INSERT INTO `glpi_profiles` VALUES (1,'Self-Service','helpdesk',1,1,'[\"Computer\",\"Monitor\",\"NetworkEquipment\",\"Peripheral\",\"Phone\",\"Printer\",\"Software\"]','{\"1\":{\"2\":0,\"3\":0,\"4\":0,\"5\":0,\"6\":0},\"2\":{\"1\":0,\"3\":0,\"4\":0,\"5\":0,\"6\":0},\"3\":{\"1\":0,\"2\":0,\"4\":0,\"5\":0,\"6\":0},\"4\":{\"1\":0,\"2\":0,\"3\":0,\"5\":0,\"6\":0},\"5\":{\"1\":0,\"2\":0,\"3\":0,\"4\":0},\"6\":{\"1\":0,\"2\":0,\"3\":0,\"4\":0,\"5\":0}}',NULL,NULL,'[]',0,0,NULL,NULL),(2,'Observer','central',0,1,'[\"Computer\",\"Monitor\",\"NetworkEquipment\",\"Peripheral\",\"Phone\",\"Printer\",\"Software\"]','[]',NULL,NULL,'[]',0,0,NULL,NULL),(3,'Admin','central',0,3,'[\"Computer\",\"Monitor\",\"NetworkEquipment\",\"Peripheral\",\"Phone\",\"Printer\",\"Software\"]','[]',NULL,NULL,'[]',0,0,NULL,NULL),(4,'Super-Admin','central',0,3,'[\"Computer\",\"Monitor\",\"NetworkEquipment\",\"Peripheral\",\"Phone\",\"Printer\",\"Software\"]','[]',NULL,NULL,'[]',0,0,NULL,NULL),(5,'Hotliner','central',0,3,'[\"Computer\",\"Monitor\",\"NetworkEquipment\",\"Peripheral\",\"Phone\",\"Printer\",\"Software\"]','[]',NULL,NULL,'[]',1,0,NULL,NULL),(6,'Technician','central',0,3,'[\"Computer\",\"Monitor\",\"NetworkEquipment\",\"Peripheral\",\"Phone\",\"Printer\",\"Software\"]','[]',NULL,NULL,'[]',0,0,NULL,NULL),(7,'Supervisor','central',0,3,'[\"Computer\",\"Monitor\",\"NetworkEquipment\",\"Peripheral\",\"Phone\",\"Printer\",\"Software\"]','[]',NULL,NULL,'[]',0,0,NULL,NULL),(8,'Read-Only','central',0,0,'[]','{\"1\":{\"2\":0,\"3\":0,\"4\":0,\"5\":0,\"6\":0},\n                       \"2\":{\"1\":0,\"3\":0,\"4\":0,\"5\":0,\"6\":0},\n                       \"3\":{\"1\":0,\"2\":0,\"4\":0,\"5\":0,\"6\":0},\n                       \"4\":{\"1\":0,\"2\":0,\"3\":0,\"5\":0,\"6\":0},\n                       \"5\":{\"1\":0,\"2\":0,\"3\":0,\"4\":0,\"6\":0},\n                       \"6\":{\"1\":0,\"2\":0,\"3\":0,\"4\":0,\"5\":0}}',NULL,'This profile defines read-only access. It is used when objects are locked. It can also be used to give to users rights to unlock objects.','{\"1\":{\"7\":0,\"2\":0,\"3\":0,\"4\":0,\"5\":0,\"8\":0,\"6\":0},\n                      \"7\":{\"1\":0,\"2\":0,\"3\":0,\"4\":0,\"5\":0,\"8\":0,\"6\":0},\n                      \"2\":{\"1\":0,\"7\":0,\"3\":0,\"4\":0,\"5\":0,\"8\":0,\"6\":0},\n                      \"3\":{\"1\":0,\"7\":0,\"2\":0,\"4\":0,\"5\":0,\"8\":0,\"6\":0},\n                      \"4\":{\"1\":0,\"7\":0,\"2\":0,\"3\":0,\"5\":0,\"8\":0,\"6\":0},\n                      \"5\":{\"1\":0,\"7\":0,\"2\":0,\"3\":0,\"4\":0,\"8\":0,\"6\":0},\n                      \"8\":{\"1\":0,\"7\":0,\"2\":0,\"3\":0,\"4\":0,\"5\":0,\"6\":0},\n                      \"6\":{\"1\":0,\"7\":0,\"2\":0,\"3\":0,\"4\":0,\"5\":0,\"8\":0}}',0,0,'{\"1\":{\"9\":0,\"10\":0,\"7\":0,\"4\":0,\"11\":0,\"12\":0,\"5\":0,\"8\":0,\"6\":0},\n                       \"9\":{\"1\":0,\"10\":0,\"7\":0,\"4\":0,\"11\":0,\"12\":0,\"5\":0,\"8\":0,\"6\":0},\n                       \"10\":{\"1\":0,\"9\":0,\"7\":0,\"4\":0,\"11\":0,\"12\":0,\"5\":0,\"8\":0,\"6\":0},\n                       \"7\":{\"1\":0,\"9\":0,\"10\":0,\"4\":0,\"11\":0,\"12\":0,\"5\":0,\"8\":0,\"6\":0},\n                       \"4\":{\"1\":0,\"9\":0,\"10\":0,\"7\":0,\"11\":0,\"12\":0,\"5\":0,\"8\":0,\"6\":0},\n                       \"11\":{\"1\":0,\"9\":0,\"10\":0,\"7\":0,\"4\":0,\"12\":0,\"5\":0,\"8\":0,\"6\":0},\n                       \"12\":{\"1\":0,\"9\":0,\"10\":0,\"7\":0,\"4\":0,\"11\":0,\"5\":0,\"8\":0,\"6\":0},\n                       \"5\":{\"1\":0,\"9\":0,\"10\":0,\"7\":0,\"4\":0,\"11\":0,\"12\":0,\"8\":0,\"6\":0},\n                       \"8\":{\"1\":0,\"9\":0,\"10\":0,\"7\":0,\"4\":0,\"11\":0,\"12\":0,\"5\":0,\"6\":0},\n                       \"6\":{\"1\":0,\"9\":0,\"10\":0,\"7\":0,\"4\":0,\"11\":0,\"12\":0,\"5\":0,\"8\":0}}','2016-02-08 16:57:46');
/*!40000 ALTER TABLE `glpi_profiles` ENABLE KEYS */;
UNLOCK TABLES;

--
-- Table structure for table `glpi_profiles_reminders`
--

DROP TABLE IF EXISTS `glpi_profiles_reminders`;
/*!40101 SET @saved_cs_client     = @@character_set_client */;
/*!40101 SET character_set_client = utf8 */;
CREATE TABLE `glpi_profiles_reminders` (
  `id` int(11) NOT NULL AUTO_INCREMENT,
  `reminders_id` int(11) NOT NULL DEFAULT '0',
  `profiles_id` int(11) NOT NULL DEFAULT '0',
  `entities_id` int(11) NOT NULL DEFAULT '-1',
  `is_recursive` tinyint(1) NOT NULL DEFAULT '0',
  PRIMARY KEY (`id`),
  KEY `reminders_id` (`reminders_id`),
  KEY `profiles_id` (`profiles_id`),
  KEY `entities_id` (`entities_id`),
  KEY `is_recursive` (`is_recursive`)
) ENGINE=MyISAM DEFAULT CHARSET=utf8 COLLATE=utf8_unicode_ci;
/*!40101 SET character_set_client = @saved_cs_client */;

--
-- Dumping data for table `glpi_profiles_reminders`
--

LOCK TABLES `glpi_profiles_reminders` WRITE;
/*!40000 ALTER TABLE `glpi_profiles_reminders` DISABLE KEYS */;
/*!40000 ALTER TABLE `glpi_profiles_reminders` ENABLE KEYS */;
UNLOCK TABLES;

--
-- Table structure for table `glpi_profiles_rssfeeds`
--

DROP TABLE IF EXISTS `glpi_profiles_rssfeeds`;
/*!40101 SET @saved_cs_client     = @@character_set_client */;
/*!40101 SET character_set_client = utf8 */;
CREATE TABLE `glpi_profiles_rssfeeds` (
  `id` int(11) NOT NULL AUTO_INCREMENT,
  `rssfeeds_id` int(11) NOT NULL DEFAULT '0',
  `profiles_id` int(11) NOT NULL DEFAULT '0',
  `entities_id` int(11) NOT NULL DEFAULT '-1',
  `is_recursive` tinyint(1) NOT NULL DEFAULT '0',
  PRIMARY KEY (`id`),
  KEY `rssfeeds_id` (`rssfeeds_id`),
  KEY `profiles_id` (`profiles_id`),
  KEY `entities_id` (`entities_id`),
  KEY `is_recursive` (`is_recursive`)
) ENGINE=MyISAM DEFAULT CHARSET=utf8 COLLATE=utf8_unicode_ci;
/*!40101 SET character_set_client = @saved_cs_client */;

--
-- Dumping data for table `glpi_profiles_rssfeeds`
--

LOCK TABLES `glpi_profiles_rssfeeds` WRITE;
/*!40000 ALTER TABLE `glpi_profiles_rssfeeds` DISABLE KEYS */;
/*!40000 ALTER TABLE `glpi_profiles_rssfeeds` ENABLE KEYS */;
UNLOCK TABLES;

--
-- Table structure for table `glpi_profiles_users`
--

DROP TABLE IF EXISTS `glpi_profiles_users`;
/*!40101 SET @saved_cs_client     = @@character_set_client */;
/*!40101 SET character_set_client = utf8 */;
CREATE TABLE `glpi_profiles_users` (
  `id` int(11) NOT NULL AUTO_INCREMENT,
  `users_id` int(11) NOT NULL DEFAULT '0',
  `profiles_id` int(11) NOT NULL DEFAULT '0',
  `entities_id` int(11) NOT NULL DEFAULT '0',
  `is_recursive` tinyint(1) NOT NULL DEFAULT '1',
  `is_dynamic` tinyint(1) NOT NULL DEFAULT '0',
  PRIMARY KEY (`id`),
  KEY `entities_id` (`entities_id`),
  KEY `profiles_id` (`profiles_id`),
  KEY `users_id` (`users_id`),
  KEY `is_recursive` (`is_recursive`),
  KEY `is_dynamic` (`is_dynamic`)
) ENGINE=MyISAM AUTO_INCREMENT=6 DEFAULT CHARSET=utf8 COLLATE=utf8_unicode_ci;
/*!40101 SET character_set_client = @saved_cs_client */;

--
-- Dumping data for table `glpi_profiles_users`
--

LOCK TABLES `glpi_profiles_users` WRITE;
/*!40000 ALTER TABLE `glpi_profiles_users` DISABLE KEYS */;
INSERT INTO `glpi_profiles_users` VALUES (2,2,4,0,1,0),(3,3,1,0,1,0),(4,4,6,0,1,0),(5,5,2,0,1,0);
/*!40000 ALTER TABLE `glpi_profiles_users` ENABLE KEYS */;
UNLOCK TABLES;

--
-- Table structure for table `glpi_projectcosts`
--

DROP TABLE IF EXISTS `glpi_projectcosts`;
/*!40101 SET @saved_cs_client     = @@character_set_client */;
/*!40101 SET character_set_client = utf8 */;
CREATE TABLE `glpi_projectcosts` (
  `id` int(11) NOT NULL AUTO_INCREMENT,
  `projects_id` int(11) NOT NULL DEFAULT '0',
  `name` varchar(255) COLLATE utf8_unicode_ci DEFAULT NULL,
  `comment` text COLLATE utf8_unicode_ci,
  `begin_date` date DEFAULT NULL,
  `end_date` date DEFAULT NULL,
  `cost` decimal(20,4) NOT NULL DEFAULT '0.0000',
  `budgets_id` int(11) NOT NULL DEFAULT '0',
  `entities_id` int(11) NOT NULL DEFAULT '0',
  `is_recursive` tinyint(1) NOT NULL DEFAULT '0',
  PRIMARY KEY (`id`),
  KEY `name` (`name`),
  KEY `projects_id` (`projects_id`),
  KEY `begin_date` (`begin_date`),
  KEY `end_date` (`end_date`),
  KEY `entities_id` (`entities_id`),
  KEY `is_recursive` (`is_recursive`),
  KEY `budgets_id` (`budgets_id`)
) ENGINE=MyISAM DEFAULT CHARSET=utf8 COLLATE=utf8_unicode_ci;
/*!40101 SET character_set_client = @saved_cs_client */;

--
-- Dumping data for table `glpi_projectcosts`
--

LOCK TABLES `glpi_projectcosts` WRITE;
/*!40000 ALTER TABLE `glpi_projectcosts` DISABLE KEYS */;
/*!40000 ALTER TABLE `glpi_projectcosts` ENABLE KEYS */;
UNLOCK TABLES;

--
-- Table structure for table `glpi_projects`
--

DROP TABLE IF EXISTS `glpi_projects`;
/*!40101 SET @saved_cs_client     = @@character_set_client */;
/*!40101 SET character_set_client = utf8 */;
CREATE TABLE `glpi_projects` (
  `id` int(11) NOT NULL AUTO_INCREMENT,
  `name` varchar(255) COLLATE utf8_unicode_ci DEFAULT NULL,
  `code` varchar(255) COLLATE utf8_unicode_ci DEFAULT NULL,
  `priority` int(11) NOT NULL DEFAULT '1',
  `entities_id` int(11) NOT NULL DEFAULT '0',
  `is_recursive` tinyint(1) NOT NULL DEFAULT '0',
  `projects_id` int(11) NOT NULL DEFAULT '0',
  `projectstates_id` int(11) NOT NULL DEFAULT '0',
  `projecttypes_id` int(11) NOT NULL DEFAULT '0',
  `date` datetime DEFAULT NULL,
  `date_mod` datetime DEFAULT NULL,
  `users_id` int(11) NOT NULL DEFAULT '0',
  `groups_id` int(11) NOT NULL DEFAULT '0',
  `plan_start_date` datetime DEFAULT NULL,
  `plan_end_date` datetime DEFAULT NULL,
  `real_start_date` datetime DEFAULT NULL,
  `real_end_date` datetime DEFAULT NULL,
  `percent_done` int(11) NOT NULL DEFAULT '0',
  `show_on_global_gantt` tinyint(1) NOT NULL DEFAULT '0',
  `content` longtext COLLATE utf8_unicode_ci,
  `comment` longtext COLLATE utf8_unicode_ci,
  `is_deleted` tinyint(1) NOT NULL DEFAULT '0',
  `date_creation` datetime DEFAULT NULL,
  PRIMARY KEY (`id`),
  KEY `name` (`name`),
  KEY `code` (`code`),
  KEY `entities_id` (`entities_id`),
  KEY `is_recursive` (`is_recursive`),
  KEY `projects_id` (`projects_id`),
  KEY `projectstates_id` (`projectstates_id`),
  KEY `projecttypes_id` (`projecttypes_id`),
  KEY `priority` (`priority`),
  KEY `date` (`date`),
  KEY `date_mod` (`date_mod`),
  KEY `users_id` (`users_id`),
  KEY `groups_id` (`groups_id`),
  KEY `plan_start_date` (`plan_start_date`),
  KEY `plan_end_date` (`plan_end_date`),
  KEY `real_start_date` (`real_start_date`),
  KEY `real_end_date` (`real_end_date`),
  KEY `percent_done` (`percent_done`),
  KEY `show_on_global_gantt` (`show_on_global_gantt`),
  KEY `date_creation` (`date_creation`)
) ENGINE=MyISAM DEFAULT CHARSET=utf8 COLLATE=utf8_unicode_ci;
/*!40101 SET character_set_client = @saved_cs_client */;

--
-- Dumping data for table `glpi_projects`
--

LOCK TABLES `glpi_projects` WRITE;
/*!40000 ALTER TABLE `glpi_projects` DISABLE KEYS */;
/*!40000 ALTER TABLE `glpi_projects` ENABLE KEYS */;
UNLOCK TABLES;

--
-- Table structure for table `glpi_projectstates`
--

DROP TABLE IF EXISTS `glpi_projectstates`;
/*!40101 SET @saved_cs_client     = @@character_set_client */;
/*!40101 SET character_set_client = utf8 */;
CREATE TABLE `glpi_projectstates` (
  `id` int(11) NOT NULL AUTO_INCREMENT,
  `name` varchar(255) COLLATE utf8_unicode_ci DEFAULT NULL,
  `comment` text COLLATE utf8_unicode_ci,
  `color` varchar(255) COLLATE utf8_unicode_ci DEFAULT NULL,
  `is_finished` tinyint(1) NOT NULL DEFAULT '0',
  `date_mod` datetime DEFAULT NULL,
  `date_creation` datetime DEFAULT NULL,
  PRIMARY KEY (`id`),
  KEY `name` (`name`),
  KEY `is_finished` (`is_finished`),
  KEY `date_mod` (`date_mod`),
  KEY `date_creation` (`date_creation`)
) ENGINE=MyISAM AUTO_INCREMENT=4 DEFAULT CHARSET=utf8 COLLATE=utf8_unicode_ci;
/*!40101 SET character_set_client = @saved_cs_client */;

--
-- Dumping data for table `glpi_projectstates`
--

LOCK TABLES `glpi_projectstates` WRITE;
/*!40000 ALTER TABLE `glpi_projectstates` DISABLE KEYS */;
INSERT INTO `glpi_projectstates` VALUES (1,'New',NULL,'#06ff00',0,NULL,NULL),(2,'Processing',NULL,'#ffb800',0,NULL,NULL),(3,'Closed',NULL,'#ff0000',1,NULL,NULL);
/*!40000 ALTER TABLE `glpi_projectstates` ENABLE KEYS */;
UNLOCK TABLES;

--
-- Table structure for table `glpi_projecttasks`
--

DROP TABLE IF EXISTS `glpi_projecttasks`;
/*!40101 SET @saved_cs_client     = @@character_set_client */;
/*!40101 SET character_set_client = utf8 */;
CREATE TABLE `glpi_projecttasks` (
  `id` int(11) NOT NULL AUTO_INCREMENT,
  `name` varchar(255) COLLATE utf8_unicode_ci DEFAULT NULL,
  `content` longtext COLLATE utf8_unicode_ci,
  `comment` longtext COLLATE utf8_unicode_ci,
  `entities_id` int(11) NOT NULL DEFAULT '0',
  `is_recursive` tinyint(1) NOT NULL DEFAULT '0',
  `projects_id` int(11) NOT NULL DEFAULT '0',
  `projecttasks_id` int(11) NOT NULL DEFAULT '0',
  `date` datetime DEFAULT NULL,
  `date_mod` datetime DEFAULT NULL,
  `plan_start_date` datetime DEFAULT NULL,
  `plan_end_date` datetime DEFAULT NULL,
  `real_start_date` datetime DEFAULT NULL,
  `real_end_date` datetime DEFAULT NULL,
  `planned_duration` int(11) NOT NULL DEFAULT '0',
  `effective_duration` int(11) NOT NULL DEFAULT '0',
  `projectstates_id` int(11) NOT NULL DEFAULT '0',
  `projecttasktypes_id` int(11) NOT NULL DEFAULT '0',
  `users_id` int(11) NOT NULL DEFAULT '0',
  `percent_done` int(11) NOT NULL DEFAULT '0',
  `is_milestone` tinyint(1) NOT NULL DEFAULT '0',
  PRIMARY KEY (`id`),
  KEY `name` (`name`),
  KEY `entities_id` (`entities_id`),
  KEY `is_recursive` (`is_recursive`),
  KEY `projects_id` (`projects_id`),
  KEY `projecttasks_id` (`projecttasks_id`),
  KEY `date` (`date`),
  KEY `date_mod` (`date_mod`),
  KEY `users_id` (`users_id`),
  KEY `plan_start_date` (`plan_start_date`),
  KEY `plan_end_date` (`plan_end_date`),
  KEY `real_start_date` (`real_start_date`),
  KEY `real_end_date` (`real_end_date`),
  KEY `percent_done` (`percent_done`),
  KEY `projectstates_id` (`projectstates_id`),
  KEY `projecttasktypes_id` (`projecttasktypes_id`),
  KEY `is_milestone` (`is_milestone`)
) ENGINE=MyISAM DEFAULT CHARSET=utf8 COLLATE=utf8_unicode_ci;
/*!40101 SET character_set_client = @saved_cs_client */;

--
-- Dumping data for table `glpi_projecttasks`
--

LOCK TABLES `glpi_projecttasks` WRITE;
/*!40000 ALTER TABLE `glpi_projecttasks` DISABLE KEYS */;
/*!40000 ALTER TABLE `glpi_projecttasks` ENABLE KEYS */;
UNLOCK TABLES;

--
-- Table structure for table `glpi_projecttasks_tickets`
--

DROP TABLE IF EXISTS `glpi_projecttasks_tickets`;
/*!40101 SET @saved_cs_client     = @@character_set_client */;
/*!40101 SET character_set_client = utf8 */;
CREATE TABLE `glpi_projecttasks_tickets` (
  `id` int(11) NOT NULL AUTO_INCREMENT,
  `tickets_id` int(11) NOT NULL DEFAULT '0',
  `projecttasks_id` int(11) NOT NULL DEFAULT '0',
  PRIMARY KEY (`id`),
  UNIQUE KEY `unicity` (`tickets_id`,`projecttasks_id`),
  KEY `projects_id` (`projecttasks_id`)
) ENGINE=MyISAM DEFAULT CHARSET=utf8 COLLATE=utf8_unicode_ci;
/*!40101 SET character_set_client = @saved_cs_client */;

--
-- Dumping data for table `glpi_projecttasks_tickets`
--

LOCK TABLES `glpi_projecttasks_tickets` WRITE;
/*!40000 ALTER TABLE `glpi_projecttasks_tickets` DISABLE KEYS */;
/*!40000 ALTER TABLE `glpi_projecttasks_tickets` ENABLE KEYS */;
UNLOCK TABLES;

--
-- Table structure for table `glpi_projecttaskteams`
--

DROP TABLE IF EXISTS `glpi_projecttaskteams`;
/*!40101 SET @saved_cs_client     = @@character_set_client */;
/*!40101 SET character_set_client = utf8 */;
CREATE TABLE `glpi_projecttaskteams` (
  `id` int(11) NOT NULL AUTO_INCREMENT,
  `projecttasks_id` int(11) NOT NULL DEFAULT '0',
  `itemtype` varchar(100) COLLATE utf8_unicode_ci DEFAULT NULL,
  `items_id` int(11) NOT NULL DEFAULT '0',
  PRIMARY KEY (`id`),
  UNIQUE KEY `unicity` (`projecttasks_id`,`itemtype`,`items_id`),
  KEY `item` (`itemtype`,`items_id`)
) ENGINE=MyISAM DEFAULT CHARSET=utf8 COLLATE=utf8_unicode_ci;
/*!40101 SET character_set_client = @saved_cs_client */;

--
-- Dumping data for table `glpi_projecttaskteams`
--

LOCK TABLES `glpi_projecttaskteams` WRITE;
/*!40000 ALTER TABLE `glpi_projecttaskteams` DISABLE KEYS */;
/*!40000 ALTER TABLE `glpi_projecttaskteams` ENABLE KEYS */;
UNLOCK TABLES;

--
-- Table structure for table `glpi_projecttasktypes`
--

DROP TABLE IF EXISTS `glpi_projecttasktypes`;
/*!40101 SET @saved_cs_client     = @@character_set_client */;
/*!40101 SET character_set_client = utf8 */;
CREATE TABLE `glpi_projecttasktypes` (
  `id` int(11) NOT NULL AUTO_INCREMENT,
  `name` varchar(255) COLLATE utf8_unicode_ci DEFAULT NULL,
  `comment` text COLLATE utf8_unicode_ci,
  `date_mod` datetime DEFAULT NULL,
  `date_creation` datetime DEFAULT NULL,
  PRIMARY KEY (`id`),
  KEY `name` (`name`),
  KEY `date_mod` (`date_mod`),
  KEY `date_creation` (`date_creation`)
) ENGINE=MyISAM DEFAULT CHARSET=utf8 COLLATE=utf8_unicode_ci;
/*!40101 SET character_set_client = @saved_cs_client */;

--
-- Dumping data for table `glpi_projecttasktypes`
--

LOCK TABLES `glpi_projecttasktypes` WRITE;
/*!40000 ALTER TABLE `glpi_projecttasktypes` DISABLE KEYS */;
/*!40000 ALTER TABLE `glpi_projecttasktypes` ENABLE KEYS */;
UNLOCK TABLES;

--
-- Table structure for table `glpi_projectteams`
--

DROP TABLE IF EXISTS `glpi_projectteams`;
/*!40101 SET @saved_cs_client     = @@character_set_client */;
/*!40101 SET character_set_client = utf8 */;
CREATE TABLE `glpi_projectteams` (
  `id` int(11) NOT NULL AUTO_INCREMENT,
  `projects_id` int(11) NOT NULL DEFAULT '0',
  `itemtype` varchar(100) COLLATE utf8_unicode_ci DEFAULT NULL,
  `items_id` int(11) NOT NULL DEFAULT '0',
  PRIMARY KEY (`id`),
  UNIQUE KEY `unicity` (`projects_id`,`itemtype`,`items_id`),
  KEY `item` (`itemtype`,`items_id`)
) ENGINE=MyISAM DEFAULT CHARSET=utf8 COLLATE=utf8_unicode_ci;
/*!40101 SET character_set_client = @saved_cs_client */;

--
-- Dumping data for table `glpi_projectteams`
--

LOCK TABLES `glpi_projectteams` WRITE;
/*!40000 ALTER TABLE `glpi_projectteams` DISABLE KEYS */;
/*!40000 ALTER TABLE `glpi_projectteams` ENABLE KEYS */;
UNLOCK TABLES;

--
-- Table structure for table `glpi_projecttypes`
--

DROP TABLE IF EXISTS `glpi_projecttypes`;
/*!40101 SET @saved_cs_client     = @@character_set_client */;
/*!40101 SET character_set_client = utf8 */;
CREATE TABLE `glpi_projecttypes` (
  `id` int(11) NOT NULL AUTO_INCREMENT,
  `name` varchar(255) COLLATE utf8_unicode_ci DEFAULT NULL,
  `comment` text COLLATE utf8_unicode_ci,
  `date_mod` datetime DEFAULT NULL,
  `date_creation` datetime DEFAULT NULL,
  PRIMARY KEY (`id`),
  KEY `name` (`name`),
  KEY `date_mod` (`date_mod`),
  KEY `date_creation` (`date_creation`)
) ENGINE=MyISAM DEFAULT CHARSET=utf8 COLLATE=utf8_unicode_ci;
/*!40101 SET character_set_client = @saved_cs_client */;

--
-- Dumping data for table `glpi_projecttypes`
--

LOCK TABLES `glpi_projecttypes` WRITE;
/*!40000 ALTER TABLE `glpi_projecttypes` DISABLE KEYS */;
/*!40000 ALTER TABLE `glpi_projecttypes` ENABLE KEYS */;
UNLOCK TABLES;

--
-- Table structure for table `glpi_queuedmails`
--

DROP TABLE IF EXISTS `glpi_queuedmails`;
/*!40101 SET @saved_cs_client     = @@character_set_client */;
/*!40101 SET character_set_client = utf8 */;
CREATE TABLE `glpi_queuedmails` (
  `id` int(11) NOT NULL AUTO_INCREMENT,
  `itemtype` varchar(100) COLLATE utf8_unicode_ci DEFAULT NULL,
  `items_id` int(11) NOT NULL DEFAULT '0',
  `notificationtemplates_id` int(11) NOT NULL DEFAULT '0',
  `entities_id` int(11) NOT NULL DEFAULT '0',
  `is_deleted` tinyint(1) NOT NULL DEFAULT '0',
  `sent_try` int(11) NOT NULL DEFAULT '0',
  `create_time` datetime DEFAULT NULL,
  `send_time` datetime DEFAULT NULL,
  `sent_time` datetime DEFAULT NULL,
  `name` text COLLATE utf8_unicode_ci,
  `sender` text COLLATE utf8_unicode_ci,
  `sendername` text COLLATE utf8_unicode_ci,
  `recipient` text COLLATE utf8_unicode_ci,
  `recipientname` text COLLATE utf8_unicode_ci,
  `replyto` text COLLATE utf8_unicode_ci,
  `replytoname` text COLLATE utf8_unicode_ci,
  `headers` text COLLATE utf8_unicode_ci,
  `body_html` longtext COLLATE utf8_unicode_ci,
  `body_text` longtext COLLATE utf8_unicode_ci,
  `messageid` text COLLATE utf8_unicode_ci,
  `documents` text COLLATE utf8_unicode_ci,
  PRIMARY KEY (`id`),
  KEY `item` (`itemtype`,`items_id`,`notificationtemplates_id`),
  KEY `is_deleted` (`is_deleted`),
  KEY `entities_id` (`entities_id`),
  KEY `sent_try` (`sent_try`),
  KEY `create_time` (`create_time`),
  KEY `send_time` (`send_time`),
  KEY `sent_time` (`sent_time`)
) ENGINE=MyISAM DEFAULT CHARSET=utf8 COLLATE=utf8_unicode_ci;
/*!40101 SET character_set_client = @saved_cs_client */;

--
-- Dumping data for table `glpi_queuedmails`
--

LOCK TABLES `glpi_queuedmails` WRITE;
/*!40000 ALTER TABLE `glpi_queuedmails` DISABLE KEYS */;
/*!40000 ALTER TABLE `glpi_queuedmails` ENABLE KEYS */;
UNLOCK TABLES;

--
-- Table structure for table `glpi_registeredids`
--

DROP TABLE IF EXISTS `glpi_registeredids`;
/*!40101 SET @saved_cs_client     = @@character_set_client */;
/*!40101 SET character_set_client = utf8 */;
CREATE TABLE `glpi_registeredids` (
  `id` int(11) NOT NULL AUTO_INCREMENT,
  `name` varchar(255) COLLATE utf8_unicode_ci DEFAULT NULL,
  `items_id` int(11) NOT NULL DEFAULT '0',
  `itemtype` varchar(100) COLLATE utf8_unicode_ci NOT NULL,
  `device_type` varchar(100) COLLATE utf8_unicode_ci NOT NULL COMMENT 'USB, PCI ...',
  PRIMARY KEY (`id`),
  KEY `name` (`name`),
  KEY `item` (`items_id`,`itemtype`),
  KEY `device_type` (`device_type`)
) ENGINE=MyISAM DEFAULT CHARSET=utf8 COLLATE=utf8_unicode_ci;
/*!40101 SET character_set_client = @saved_cs_client */;

--
-- Dumping data for table `glpi_registeredids`
--

LOCK TABLES `glpi_registeredids` WRITE;
/*!40000 ALTER TABLE `glpi_registeredids` DISABLE KEYS */;
/*!40000 ALTER TABLE `glpi_registeredids` ENABLE KEYS */;
UNLOCK TABLES;

--
-- Table structure for table `glpi_reminders`
--

DROP TABLE IF EXISTS `glpi_reminders`;
/*!40101 SET @saved_cs_client     = @@character_set_client */;
/*!40101 SET character_set_client = utf8 */;
CREATE TABLE `glpi_reminders` (
  `id` int(11) NOT NULL AUTO_INCREMENT,
  `date` datetime DEFAULT NULL,
  `users_id` int(11) NOT NULL DEFAULT '0',
  `name` varchar(255) COLLATE utf8_unicode_ci DEFAULT NULL,
  `text` text COLLATE utf8_unicode_ci,
  `begin` datetime DEFAULT NULL,
  `end` datetime DEFAULT NULL,
  `is_planned` tinyint(1) NOT NULL DEFAULT '0',
  `date_mod` datetime DEFAULT NULL,
  `state` int(11) NOT NULL DEFAULT '0',
  `begin_view_date` datetime DEFAULT NULL,
  `end_view_date` datetime DEFAULT NULL,
  `date_creation` datetime DEFAULT NULL,
  PRIMARY KEY (`id`),
  KEY `date` (`date`),
  KEY `begin` (`begin`),
  KEY `end` (`end`),
  KEY `users_id` (`users_id`),
  KEY `is_planned` (`is_planned`),
  KEY `state` (`state`),
  KEY `date_mod` (`date_mod`),
  KEY `date_creation` (`date_creation`)
) ENGINE=MyISAM DEFAULT CHARSET=utf8 COLLATE=utf8_unicode_ci;
/*!40101 SET character_set_client = @saved_cs_client */;

--
-- Dumping data for table `glpi_reminders`
--

LOCK TABLES `glpi_reminders` WRITE;
/*!40000 ALTER TABLE `glpi_reminders` DISABLE KEYS */;
/*!40000 ALTER TABLE `glpi_reminders` ENABLE KEYS */;
UNLOCK TABLES;

--
-- Table structure for table `glpi_reminders_users`
--

DROP TABLE IF EXISTS `glpi_reminders_users`;
/*!40101 SET @saved_cs_client     = @@character_set_client */;
/*!40101 SET character_set_client = utf8 */;
CREATE TABLE `glpi_reminders_users` (
  `id` int(11) NOT NULL AUTO_INCREMENT,
  `reminders_id` int(11) NOT NULL DEFAULT '0',
  `users_id` int(11) NOT NULL DEFAULT '0',
  PRIMARY KEY (`id`),
  KEY `reminders_id` (`reminders_id`),
  KEY `users_id` (`users_id`)
) ENGINE=MyISAM DEFAULT CHARSET=utf8 COLLATE=utf8_unicode_ci;
/*!40101 SET character_set_client = @saved_cs_client */;

--
-- Dumping data for table `glpi_reminders_users`
--

LOCK TABLES `glpi_reminders_users` WRITE;
/*!40000 ALTER TABLE `glpi_reminders_users` DISABLE KEYS */;
/*!40000 ALTER TABLE `glpi_reminders_users` ENABLE KEYS */;
UNLOCK TABLES;

--
-- Table structure for table `glpi_requesttypes`
--

DROP TABLE IF EXISTS `glpi_requesttypes`;
/*!40101 SET @saved_cs_client     = @@character_set_client */;
/*!40101 SET character_set_client = utf8 */;
CREATE TABLE `glpi_requesttypes` (
  `id` int(11) NOT NULL AUTO_INCREMENT,
  `name` varchar(255) COLLATE utf8_unicode_ci DEFAULT NULL,
  `is_helpdesk_default` tinyint(1) NOT NULL DEFAULT '0',
  `is_followup_default` tinyint(1) NOT NULL DEFAULT '0',
  `is_mail_default` tinyint(1) NOT NULL DEFAULT '0',
  `is_mailfollowup_default` tinyint(1) NOT NULL DEFAULT '0',
  `is_active` tinyint(1) NOT NULL DEFAULT '1',
  `is_ticketheader` tinyint(1) NOT NULL DEFAULT '1',
  `is_ticketfollowup` tinyint(1) NOT NULL DEFAULT '1',
  `comment` text COLLATE utf8_unicode_ci,
  `date_mod` datetime DEFAULT NULL,
  `date_creation` datetime DEFAULT NULL,
  PRIMARY KEY (`id`),
  KEY `name` (`name`),
  KEY `is_helpdesk_default` (`is_helpdesk_default`),
  KEY `is_followup_default` (`is_followup_default`),
  KEY `is_mail_default` (`is_mail_default`),
  KEY `is_mailfollowup_default` (`is_mailfollowup_default`),
  KEY `date_mod` (`date_mod`),
  KEY `date_creation` (`date_creation`),
  KEY `is_active` (`is_active`),
  KEY `is_ticketheader` (`is_ticketheader`),
  KEY `is_ticketfollowup` (`is_ticketfollowup`)
) ENGINE=MyISAM AUTO_INCREMENT=7 DEFAULT CHARSET=utf8 COLLATE=utf8_unicode_ci;
/*!40101 SET character_set_client = @saved_cs_client */;

--
-- Dumping data for table `glpi_requesttypes`
--

LOCK TABLES `glpi_requesttypes` WRITE;
/*!40000 ALTER TABLE `glpi_requesttypes` DISABLE KEYS */;
INSERT INTO `glpi_requesttypes` VALUES (1,'Helpdesk',1,1,0,0,1,1,1,NULL,NULL,NULL),(2,'E-Mail',0,0,1,1,1,1,1,NULL,NULL,NULL),(3,'Phone',0,0,0,0,1,1,1,NULL,NULL,NULL),(4,'Direct',0,0,0,0,1,1,1,NULL,NULL,NULL),(5,'Written',0,0,0,0,1,1,1,NULL,NULL,NULL),(6,'Other',0,0,0,0,1,1,1,NULL,NULL,NULL);
/*!40000 ALTER TABLE `glpi_requesttypes` ENABLE KEYS */;
UNLOCK TABLES;

--
-- Table structure for table `glpi_reservationitems`
--

DROP TABLE IF EXISTS `glpi_reservationitems`;
/*!40101 SET @saved_cs_client     = @@character_set_client */;
/*!40101 SET character_set_client = utf8 */;
CREATE TABLE `glpi_reservationitems` (
  `id` int(11) NOT NULL AUTO_INCREMENT,
  `itemtype` varchar(100) COLLATE utf8_unicode_ci NOT NULL,
  `entities_id` int(11) NOT NULL DEFAULT '0',
  `is_recursive` tinyint(1) NOT NULL DEFAULT '0',
  `items_id` int(11) NOT NULL DEFAULT '0',
  `comment` text COLLATE utf8_unicode_ci,
  `is_active` tinyint(1) NOT NULL DEFAULT '1',
  `is_deleted` tinyint(1) NOT NULL DEFAULT '0',
  PRIMARY KEY (`id`),
  KEY `is_active` (`is_active`),
  KEY `item` (`itemtype`,`items_id`),
  KEY `entities_id` (`entities_id`),
  KEY `is_recursive` (`is_recursive`),
  KEY `is_deleted` (`is_deleted`)
) ENGINE=MyISAM DEFAULT CHARSET=utf8 COLLATE=utf8_unicode_ci;
/*!40101 SET character_set_client = @saved_cs_client */;

--
-- Dumping data for table `glpi_reservationitems`
--

LOCK TABLES `glpi_reservationitems` WRITE;
/*!40000 ALTER TABLE `glpi_reservationitems` DISABLE KEYS */;
/*!40000 ALTER TABLE `glpi_reservationitems` ENABLE KEYS */;
UNLOCK TABLES;

--
-- Table structure for table `glpi_reservations`
--

DROP TABLE IF EXISTS `glpi_reservations`;
/*!40101 SET @saved_cs_client     = @@character_set_client */;
/*!40101 SET character_set_client = utf8 */;
CREATE TABLE `glpi_reservations` (
  `id` int(11) NOT NULL AUTO_INCREMENT,
  `reservationitems_id` int(11) NOT NULL DEFAULT '0',
  `begin` datetime DEFAULT NULL,
  `end` datetime DEFAULT NULL,
  `users_id` int(11) NOT NULL DEFAULT '0',
  `comment` text COLLATE utf8_unicode_ci,
  `group` int(11) NOT NULL DEFAULT '0',
  PRIMARY KEY (`id`),
  KEY `begin` (`begin`),
  KEY `end` (`end`),
  KEY `reservationitems_id` (`reservationitems_id`),
  KEY `users_id` (`users_id`),
  KEY `resagroup` (`reservationitems_id`,`group`)
) ENGINE=MyISAM DEFAULT CHARSET=utf8 COLLATE=utf8_unicode_ci;
/*!40101 SET character_set_client = @saved_cs_client */;

--
-- Dumping data for table `glpi_reservations`
--

LOCK TABLES `glpi_reservations` WRITE;
/*!40000 ALTER TABLE `glpi_reservations` DISABLE KEYS */;
/*!40000 ALTER TABLE `glpi_reservations` ENABLE KEYS */;
UNLOCK TABLES;

--
-- Table structure for table `glpi_rssfeeds`
--

DROP TABLE IF EXISTS `glpi_rssfeeds`;
/*!40101 SET @saved_cs_client     = @@character_set_client */;
/*!40101 SET character_set_client = utf8 */;
CREATE TABLE `glpi_rssfeeds` (
  `id` int(11) NOT NULL AUTO_INCREMENT,
  `name` varchar(255) COLLATE utf8_unicode_ci DEFAULT NULL,
  `users_id` int(11) NOT NULL DEFAULT '0',
  `comment` text COLLATE utf8_unicode_ci,
  `url` text COLLATE utf8_unicode_ci,
  `refresh_rate` int(11) NOT NULL DEFAULT '86400',
  `max_items` int(11) NOT NULL DEFAULT '20',
  `have_error` tinyint(1) NOT NULL DEFAULT '0',
  `is_active` tinyint(1) NOT NULL DEFAULT '0',
  `date_mod` datetime DEFAULT NULL,
  `date_creation` datetime DEFAULT NULL,
  PRIMARY KEY (`id`),
  KEY `name` (`name`),
  KEY `users_id` (`users_id`),
  KEY `date_mod` (`date_mod`),
  KEY `have_error` (`have_error`),
  KEY `is_active` (`is_active`),
  KEY `date_creation` (`date_creation`)
) ENGINE=MyISAM DEFAULT CHARSET=utf8 COLLATE=utf8_unicode_ci;
/*!40101 SET character_set_client = @saved_cs_client */;

--
-- Dumping data for table `glpi_rssfeeds`
--

LOCK TABLES `glpi_rssfeeds` WRITE;
/*!40000 ALTER TABLE `glpi_rssfeeds` DISABLE KEYS */;
/*!40000 ALTER TABLE `glpi_rssfeeds` ENABLE KEYS */;
UNLOCK TABLES;

--
-- Table structure for table `glpi_rssfeeds_users`
--

DROP TABLE IF EXISTS `glpi_rssfeeds_users`;
/*!40101 SET @saved_cs_client     = @@character_set_client */;
/*!40101 SET character_set_client = utf8 */;
CREATE TABLE `glpi_rssfeeds_users` (
  `id` int(11) NOT NULL AUTO_INCREMENT,
  `rssfeeds_id` int(11) NOT NULL DEFAULT '0',
  `users_id` int(11) NOT NULL DEFAULT '0',
  PRIMARY KEY (`id`),
  KEY `rssfeeds_id` (`rssfeeds_id`),
  KEY `users_id` (`users_id`)
) ENGINE=MyISAM DEFAULT CHARSET=utf8 COLLATE=utf8_unicode_ci;
/*!40101 SET character_set_client = @saved_cs_client */;

--
-- Dumping data for table `glpi_rssfeeds_users`
--

LOCK TABLES `glpi_rssfeeds_users` WRITE;
/*!40000 ALTER TABLE `glpi_rssfeeds_users` DISABLE KEYS */;
/*!40000 ALTER TABLE `glpi_rssfeeds_users` ENABLE KEYS */;
UNLOCK TABLES;

--
-- Table structure for table `glpi_ruleactions`
--

DROP TABLE IF EXISTS `glpi_ruleactions`;
/*!40101 SET @saved_cs_client     = @@character_set_client */;
/*!40101 SET character_set_client = utf8 */;
CREATE TABLE `glpi_ruleactions` (
  `id` int(11) NOT NULL AUTO_INCREMENT,
  `rules_id` int(11) NOT NULL DEFAULT '0',
  `action_type` varchar(255) COLLATE utf8_unicode_ci DEFAULT NULL COMMENT 'VALUE IN (assign, regex_result, append_regex_result, affectbyip, affectbyfqdn, affectbymac)',
  `field` varchar(255) COLLATE utf8_unicode_ci DEFAULT NULL,
  `value` varchar(255) COLLATE utf8_unicode_ci DEFAULT NULL,
  PRIMARY KEY (`id`),
  KEY `rules_id` (`rules_id`),
  KEY `field_value` (`field`(50),`value`(50))
) ENGINE=MyISAM AUTO_INCREMENT=8 DEFAULT CHARSET=utf8 COLLATE=utf8_unicode_ci;
/*!40101 SET character_set_client = @saved_cs_client */;

--
-- Dumping data for table `glpi_ruleactions`
--

LOCK TABLES `glpi_ruleactions` WRITE;
/*!40000 ALTER TABLE `glpi_ruleactions` DISABLE KEYS */;
INSERT INTO `glpi_ruleactions` VALUES (6,6,'fromitem','locations_id','1'),(2,2,'assign','entities_id','0'),(3,3,'assign','entities_id','0'),(4,4,'assign','_refuse_email_no_response','1'),(5,5,'assign','_refuse_email_no_response','1'),(7,7,'fromuser','locations_id','1');
/*!40000 ALTER TABLE `glpi_ruleactions` ENABLE KEYS */;
UNLOCK TABLES;

--
-- Table structure for table `glpi_rulecriterias`
--

DROP TABLE IF EXISTS `glpi_rulecriterias`;
/*!40101 SET @saved_cs_client     = @@character_set_client */;
/*!40101 SET character_set_client = utf8 */;
CREATE TABLE `glpi_rulecriterias` (
  `id` int(11) NOT NULL AUTO_INCREMENT,
  `rules_id` int(11) NOT NULL DEFAULT '0',
  `criteria` varchar(255) COLLATE utf8_unicode_ci DEFAULT NULL,
  `condition` int(11) NOT NULL DEFAULT '0' COMMENT 'see define.php PATTERN_* and REGEX_* constant',
  `pattern` varchar(255) COLLATE utf8_unicode_ci DEFAULT NULL,
  PRIMARY KEY (`id`),
  KEY `rules_id` (`rules_id`),
  KEY `condition` (`condition`)
) ENGINE=MyISAM AUTO_INCREMENT=13 DEFAULT CHARSET=utf8 COLLATE=utf8_unicode_ci;
/*!40101 SET character_set_client = @saved_cs_client */;

--
-- Dumping data for table `glpi_rulecriterias`
--

LOCK TABLES `glpi_rulecriterias` WRITE;
/*!40000 ALTER TABLE `glpi_rulecriterias` DISABLE KEYS */;
INSERT INTO `glpi_rulecriterias` VALUES (9,6,'locations_id',9,'1'),(2,2,'uid',0,'*'),(3,2,'samaccountname',0,'*'),(4,2,'MAIL_EMAIL',0,'*'),(5,3,'subject',6,'/.*/'),(6,4,'x-auto-response-suppress',6,'/\\S+/'),(7,5,'auto-submitted',6,'/\\S+/'),(8,5,'auto-submitted',1,'no'),(10,6,'items_locations',8,'1'),(11,7,'locations_id',9,'1'),(12,7,'users_locations',8,'1');
/*!40000 ALTER TABLE `glpi_rulecriterias` ENABLE KEYS */;
UNLOCK TABLES;

--
-- Table structure for table `glpi_rulerightparameters`
--

DROP TABLE IF EXISTS `glpi_rulerightparameters`;
/*!40101 SET @saved_cs_client     = @@character_set_client */;
/*!40101 SET character_set_client = utf8 */;
CREATE TABLE `glpi_rulerightparameters` (
  `id` int(11) NOT NULL AUTO_INCREMENT,
  `name` varchar(255) COLLATE utf8_unicode_ci DEFAULT NULL,
  `value` varchar(255) COLLATE utf8_unicode_ci DEFAULT NULL,
  `comment` text COLLATE utf8_unicode_ci NOT NULL,
  `date_mod` datetime DEFAULT NULL,
  `date_creation` datetime DEFAULT NULL,
  PRIMARY KEY (`id`),
  KEY `date_mod` (`date_mod`),
  KEY `date_creation` (`date_creation`)
) ENGINE=MyISAM AUTO_INCREMENT=15 DEFAULT CHARSET=utf8 COLLATE=utf8_unicode_ci;
/*!40101 SET character_set_client = @saved_cs_client */;

--
-- Dumping data for table `glpi_rulerightparameters`
--

LOCK TABLES `glpi_rulerightparameters` WRITE;
/*!40000 ALTER TABLE `glpi_rulerightparameters` DISABLE KEYS */;
INSERT INTO `glpi_rulerightparameters` VALUES (1,'(LDAP)Organization','o','',NULL,NULL),(2,'(LDAP)Common Name','cn','',NULL,NULL),(3,'(LDAP)Department Number','departmentnumber','',NULL,NULL),(4,'(LDAP)Email','mail','',NULL,NULL),(5,'Object Class','objectclass','',NULL,NULL),(6,'(LDAP)User ID','uid','',NULL,NULL),(7,'(LDAP)Telephone Number','phone','',NULL,NULL),(8,'(LDAP)Employee Number','employeenumber','',NULL,NULL),(9,'(LDAP)Manager','manager','',NULL,NULL),(10,'(LDAP)DistinguishedName','dn','',NULL,NULL),(12,'(AD)User ID','samaccountname','',NULL,NULL),(13,'(LDAP) Title','title','',NULL,NULL),(14,'(LDAP) MemberOf','memberof','',NULL,NULL);
/*!40000 ALTER TABLE `glpi_rulerightparameters` ENABLE KEYS */;
UNLOCK TABLES;

--
-- Table structure for table `glpi_rules`
--

DROP TABLE IF EXISTS `glpi_rules`;
/*!40101 SET @saved_cs_client     = @@character_set_client */;
/*!40101 SET character_set_client = utf8 */;
CREATE TABLE `glpi_rules` (
  `id` int(11) NOT NULL AUTO_INCREMENT,
  `entities_id` int(11) NOT NULL DEFAULT '0',
  `sub_type` varchar(255) COLLATE utf8_unicode_ci NOT NULL DEFAULT '',
  `ranking` int(11) NOT NULL DEFAULT '0',
  `name` varchar(255) COLLATE utf8_unicode_ci DEFAULT NULL,
  `description` text COLLATE utf8_unicode_ci,
  `match` char(10) COLLATE utf8_unicode_ci DEFAULT NULL COMMENT 'see define.php *_MATCHING constant',
  `is_active` tinyint(1) NOT NULL DEFAULT '1',
  `comment` text COLLATE utf8_unicode_ci,
  `date_mod` datetime DEFAULT NULL,
  `is_recursive` tinyint(1) NOT NULL DEFAULT '0',
  `uuid` varchar(255) COLLATE utf8_unicode_ci DEFAULT NULL,
  `condition` int(11) NOT NULL DEFAULT '0',
  `date_creation` datetime DEFAULT NULL,
  PRIMARY KEY (`id`),
  KEY `entities_id` (`entities_id`),
  KEY `is_active` (`is_active`),
  KEY `sub_type` (`sub_type`),
  KEY `date_mod` (`date_mod`),
  KEY `is_recursive` (`is_recursive`),
  KEY `condition` (`condition`),
  KEY `date_creation` (`date_creation`)
) ENGINE=MyISAM AUTO_INCREMENT=8 DEFAULT CHARSET=utf8 COLLATE=utf8_unicode_ci;
/*!40101 SET character_set_client = @saved_cs_client */;

--
-- Dumping data for table `glpi_rules`
--

LOCK TABLES `glpi_rules` WRITE;
/*!40000 ALTER TABLE `glpi_rules` DISABLE KEYS */;
INSERT INTO `glpi_rules` VALUES (2,0,'RuleRight',1,'Root','','OR',1,NULL,NULL,0,'500717c8-2bd6e957-53a12b5fd35745.02608131',0,NULL),(3,0,'RuleMailCollector',3,'Root','','OR',1,NULL,NULL,0,'500717c8-2bd6e957-53a12b5fd36404.54713349',0,NULL),(4,0,'RuleMailCollector',1,'Auto-Reply X-Auto-Response-Suppress','Exclude Auto-Reply emails using X-Auto-Response-Suppress header','AND',1,NULL,'2011-01-18 11:40:42',1,'500717c8-2bd6e957-53a12b5fd36d97.94503423',0,NULL),(5,0,'RuleMailCollector',2,'Auto-Reply Auto-Submitted','Exclude Auto-Reply emails using Auto-Submitted header','AND',1,NULL,'2011-01-18 11:40:42',1,'500717c8-2bd6e957-53a12b5fd376c2.87642651',0,NULL),(6,0,'RuleTicket',1,'Ticket location from item','','AND',0,'Automatically generated by GLPI 0.84',NULL,1,'500717c8-2bd6e957-53a12b5fd37f94.10365341',1,NULL),(7,0,'RuleTicket',2,'Ticket location from user','','AND',0,'Automatically generated by GLPI 0.84',NULL,1,'500717c8-2bd6e957-53a12b5fd38869.86002585',1,NULL);
/*!40000 ALTER TABLE `glpi_rules` ENABLE KEYS */;
UNLOCK TABLES;

--
-- Table structure for table `glpi_slalevelactions`
--

DROP TABLE IF EXISTS `glpi_slalevelactions`;
/*!40101 SET @saved_cs_client     = @@character_set_client */;
/*!40101 SET character_set_client = utf8 */;
CREATE TABLE `glpi_slalevelactions` (
  `id` int(11) NOT NULL AUTO_INCREMENT,
  `slalevels_id` int(11) NOT NULL DEFAULT '0',
  `action_type` varchar(255) COLLATE utf8_unicode_ci DEFAULT NULL,
  `field` varchar(255) COLLATE utf8_unicode_ci DEFAULT NULL,
  `value` varchar(255) COLLATE utf8_unicode_ci DEFAULT NULL,
  PRIMARY KEY (`id`),
  KEY `slalevels_id` (`slalevels_id`)
) ENGINE=MyISAM DEFAULT CHARSET=utf8 COLLATE=utf8_unicode_ci;
/*!40101 SET character_set_client = @saved_cs_client */;

--
-- Dumping data for table `glpi_slalevelactions`
--

LOCK TABLES `glpi_slalevelactions` WRITE;
/*!40000 ALTER TABLE `glpi_slalevelactions` DISABLE KEYS */;
/*!40000 ALTER TABLE `glpi_slalevelactions` ENABLE KEYS */;
UNLOCK TABLES;

--
-- Table structure for table `glpi_slalevelcriterias`
--

DROP TABLE IF EXISTS `glpi_slalevelcriterias`;
/*!40101 SET @saved_cs_client     = @@character_set_client */;
/*!40101 SET character_set_client = utf8 */;
CREATE TABLE `glpi_slalevelcriterias` (
  `id` int(11) NOT NULL AUTO_INCREMENT,
  `slalevels_id` int(11) NOT NULL DEFAULT '0',
  `criteria` varchar(255) COLLATE utf8_unicode_ci DEFAULT NULL,
  `condition` int(11) NOT NULL DEFAULT '0' COMMENT 'see define.php PATTERN_* and REGEX_* constant',
  `pattern` varchar(255) COLLATE utf8_unicode_ci DEFAULT NULL,
  PRIMARY KEY (`id`),
  KEY `slalevels_id` (`slalevels_id`),
  KEY `condition` (`condition`)
) ENGINE=MyISAM DEFAULT CHARSET=utf8 COLLATE=utf8_unicode_ci;
/*!40101 SET character_set_client = @saved_cs_client */;

--
-- Dumping data for table `glpi_slalevelcriterias`
--

LOCK TABLES `glpi_slalevelcriterias` WRITE;
/*!40000 ALTER TABLE `glpi_slalevelcriterias` DISABLE KEYS */;
/*!40000 ALTER TABLE `glpi_slalevelcriterias` ENABLE KEYS */;
UNLOCK TABLES;

--
-- Table structure for table `glpi_slalevels`
--

DROP TABLE IF EXISTS `glpi_slalevels`;
/*!40101 SET @saved_cs_client     = @@character_set_client */;
/*!40101 SET character_set_client = utf8 */;
CREATE TABLE `glpi_slalevels` (
  `id` int(11) NOT NULL AUTO_INCREMENT,
  `name` varchar(255) COLLATE utf8_unicode_ci DEFAULT NULL,
  `slts_id` int(11) NOT NULL DEFAULT '0',
  `execution_time` int(11) NOT NULL,
  `is_active` tinyint(1) NOT NULL DEFAULT '1',
  `entities_id` int(11) NOT NULL DEFAULT '0',
  `is_recursive` tinyint(1) NOT NULL DEFAULT '0',
  `match` char(10) COLLATE utf8_unicode_ci DEFAULT NULL COMMENT 'see define.php *_MATCHING constant',
  `uuid` varchar(255) COLLATE utf8_unicode_ci DEFAULT NULL,
  PRIMARY KEY (`id`),
  KEY `name` (`name`),
  KEY `is_active` (`is_active`),
  KEY `slts_id` (`slts_id`)
) ENGINE=MyISAM DEFAULT CHARSET=utf8 COLLATE=utf8_unicode_ci;
/*!40101 SET character_set_client = @saved_cs_client */;

--
-- Dumping data for table `glpi_slalevels`
--

LOCK TABLES `glpi_slalevels` WRITE;
/*!40000 ALTER TABLE `glpi_slalevels` DISABLE KEYS */;
/*!40000 ALTER TABLE `glpi_slalevels` ENABLE KEYS */;
UNLOCK TABLES;

--
-- Table structure for table `glpi_slalevels_tickets`
--

DROP TABLE IF EXISTS `glpi_slalevels_tickets`;
/*!40101 SET @saved_cs_client     = @@character_set_client */;
/*!40101 SET character_set_client = utf8 */;
CREATE TABLE `glpi_slalevels_tickets` (
  `id` int(11) NOT NULL AUTO_INCREMENT,
  `tickets_id` int(11) NOT NULL DEFAULT '0',
  `slalevels_id` int(11) NOT NULL DEFAULT '0',
  `date` datetime DEFAULT NULL,
  PRIMARY KEY (`id`),
  KEY `tickets_id` (`tickets_id`),
  KEY `slalevels_id` (`slalevels_id`),
  KEY `unicity` (`tickets_id`,`slalevels_id`)
) ENGINE=MyISAM DEFAULT CHARSET=utf8 COLLATE=utf8_unicode_ci;
/*!40101 SET character_set_client = @saved_cs_client */;

--
-- Dumping data for table `glpi_slalevels_tickets`
--

LOCK TABLES `glpi_slalevels_tickets` WRITE;
/*!40000 ALTER TABLE `glpi_slalevels_tickets` DISABLE KEYS */;
/*!40000 ALTER TABLE `glpi_slalevels_tickets` ENABLE KEYS */;
UNLOCK TABLES;

--
-- Table structure for table `glpi_slas`
--

DROP TABLE IF EXISTS `glpi_slas`;
/*!40101 SET @saved_cs_client     = @@character_set_client */;
/*!40101 SET character_set_client = utf8 */;
CREATE TABLE `glpi_slas` (
  `id` int(11) NOT NULL AUTO_INCREMENT,
  `name` varchar(255) COLLATE utf8_unicode_ci DEFAULT NULL,
  `entities_id` int(11) NOT NULL DEFAULT '0',
  `is_recursive` tinyint(1) NOT NULL DEFAULT '0',
  `calendars_id` int(11) NOT NULL DEFAULT '0',
  `comment` text COLLATE utf8_unicode_ci,
  `date_mod` datetime DEFAULT NULL,
  PRIMARY KEY (`id`),
  KEY `name` (`name`),
  KEY `entities_id` (`entities_id`),
  KEY `is_recursive` (`is_recursive`),
  KEY `calendars_id` (`calendars_id`),
  KEY `date_mod` (`date_mod`)
) ENGINE=MyISAM DEFAULT CHARSET=utf8 COLLATE=utf8_unicode_ci;
/*!40101 SET character_set_client = @saved_cs_client */;

--
-- Dumping data for table `glpi_slas`
--

LOCK TABLES `glpi_slas` WRITE;
/*!40000 ALTER TABLE `glpi_slas` DISABLE KEYS */;
/*!40000 ALTER TABLE `glpi_slas` ENABLE KEYS */;
UNLOCK TABLES;

--
-- Table structure for table `glpi_slts`
--

DROP TABLE IF EXISTS `glpi_slts`;
/*!40101 SET @saved_cs_client     = @@character_set_client */;
/*!40101 SET character_set_client = utf8 */;
CREATE TABLE `glpi_slts` (
  `id` int(11) NOT NULL AUTO_INCREMENT,
  `name` varchar(255) COLLATE utf8_unicode_ci DEFAULT NULL,
  `entities_id` int(11) NOT NULL DEFAULT '0',
  `is_recursive` tinyint(1) NOT NULL DEFAULT '0',
  `type` int(11) NOT NULL DEFAULT '0',
  `comment` text COLLATE utf8_unicode_ci,
  `number_time` int(11) NOT NULL,
  `date_mod` datetime DEFAULT NULL,
  `definition_time` varchar(255) COLLATE utf8_unicode_ci DEFAULT NULL,
  `end_of_working_day` tinyint(1) NOT NULL DEFAULT '0',
  `date_creation` datetime DEFAULT NULL,
  `slas_id` int(11) NOT NULL DEFAULT '0',
  PRIMARY KEY (`id`),
  KEY `name` (`name`),
  KEY `date_mod` (`date_mod`),
  KEY `date_creation` (`date_creation`),
  KEY `slas_id` (`slas_id`)
) ENGINE=MyISAM DEFAULT CHARSET=utf8 COLLATE=utf8_unicode_ci;
/*!40101 SET character_set_client = @saved_cs_client */;

--
-- Dumping data for table `glpi_slts`
--

LOCK TABLES `glpi_slts` WRITE;
/*!40000 ALTER TABLE `glpi_slts` DISABLE KEYS */;
/*!40000 ALTER TABLE `glpi_slts` ENABLE KEYS */;
UNLOCK TABLES;

--
-- Table structure for table `glpi_softwarecategories`
--

DROP TABLE IF EXISTS `glpi_softwarecategories`;
/*!40101 SET @saved_cs_client     = @@character_set_client */;
/*!40101 SET character_set_client = utf8 */;
CREATE TABLE `glpi_softwarecategories` (
  `id` int(11) NOT NULL AUTO_INCREMENT,
  `name` varchar(255) COLLATE utf8_unicode_ci DEFAULT NULL,
  `comment` text COLLATE utf8_unicode_ci,
  `softwarecategories_id` int(11) NOT NULL DEFAULT '0',
  `completename` text COLLATE utf8_unicode_ci,
  `level` int(11) NOT NULL DEFAULT '0',
  `ancestors_cache` longtext COLLATE utf8_unicode_ci,
  `sons_cache` longtext COLLATE utf8_unicode_ci,
  PRIMARY KEY (`id`),
  KEY `softwarecategories_id` (`softwarecategories_id`)
) ENGINE=MyISAM AUTO_INCREMENT=2 DEFAULT CHARSET=utf8 COLLATE=utf8_unicode_ci;
/*!40101 SET character_set_client = @saved_cs_client */;

--
-- Dumping data for table `glpi_softwarecategories`
--

LOCK TABLES `glpi_softwarecategories` WRITE;
/*!40000 ALTER TABLE `glpi_softwarecategories` DISABLE KEYS */;
INSERT INTO `glpi_softwarecategories` VALUES (1,'FUSION',NULL,0,'FUSION',1,NULL,NULL);
/*!40000 ALTER TABLE `glpi_softwarecategories` ENABLE KEYS */;
UNLOCK TABLES;

--
-- Table structure for table `glpi_softwarelicenses`
--

DROP TABLE IF EXISTS `glpi_softwarelicenses`;
/*!40101 SET @saved_cs_client     = @@character_set_client */;
/*!40101 SET character_set_client = utf8 */;
CREATE TABLE `glpi_softwarelicenses` (
  `id` int(11) NOT NULL AUTO_INCREMENT,
  `softwares_id` int(11) NOT NULL DEFAULT '0',
  `entities_id` int(11) NOT NULL DEFAULT '0',
  `is_recursive` tinyint(1) NOT NULL DEFAULT '0',
  `number` int(11) NOT NULL DEFAULT '0',
  `softwarelicensetypes_id` int(11) NOT NULL DEFAULT '0',
  `name` varchar(255) COLLATE utf8_unicode_ci DEFAULT NULL,
  `serial` varchar(255) COLLATE utf8_unicode_ci DEFAULT NULL,
  `otherserial` varchar(255) COLLATE utf8_unicode_ci DEFAULT NULL,
  `softwareversions_id_buy` int(11) NOT NULL DEFAULT '0',
  `softwareversions_id_use` int(11) NOT NULL DEFAULT '0',
  `expire` date DEFAULT NULL,
  `comment` text COLLATE utf8_unicode_ci,
  `date_mod` datetime DEFAULT NULL,
  `is_valid` tinyint(1) NOT NULL DEFAULT '1',
  `date_creation` datetime DEFAULT NULL,
  `is_template` tinyint(1) NOT NULL DEFAULT '0',
  `template_name` varchar(255) COLLATE utf8_unicode_ci DEFAULT NULL,
  `locations_id` int(11) NOT NULL DEFAULT '0',
  `users_id_tech` int(11) NOT NULL DEFAULT '0',
  `users_id` int(11) NOT NULL DEFAULT '0',
  `groups_id_tech` int(11) NOT NULL DEFAULT '0',
  `groups_id` int(11) NOT NULL DEFAULT '0',
  `is_helpdesk_visible` tinyint(1) NOT NULL DEFAULT '0',
  `is_deleted` tinyint(1) NOT NULL DEFAULT '0',
  `manufacturers_id` int(11) NOT NULL DEFAULT '0',
  `states_id` int(11) NOT NULL DEFAULT '0',
  PRIMARY KEY (`id`),
  KEY `name` (`name`),
  KEY `is_template` (`is_template`),
  KEY `serial` (`serial`),
  KEY `otherserial` (`otherserial`),
  KEY `expire` (`expire`),
  KEY `softwareversions_id_buy` (`softwareversions_id_buy`),
  KEY `entities_id` (`entities_id`),
  KEY `softwarelicensetypes_id` (`softwarelicensetypes_id`),
  KEY `softwareversions_id_use` (`softwareversions_id_use`),
  KEY `date_mod` (`date_mod`),
  KEY `softwares_id_expire` (`softwares_id`,`expire`),
  KEY `locations_id` (`locations_id`),
  KEY `users_id_tech` (`users_id_tech`),
  KEY `users_id` (`users_id`),
  KEY `groups_id_tech` (`groups_id_tech`),
  KEY `groups_id` (`groups_id`),
  KEY `is_helpdesk_visible` (`is_helpdesk_visible`),
  KEY `is_deleted` (`is_helpdesk_visible`),
  KEY `date_creation` (`date_creation`),
  KEY `manufacturers_id` (`manufacturers_id`),
  KEY `states_id` (`states_id`)
) ENGINE=MyISAM DEFAULT CHARSET=utf8 COLLATE=utf8_unicode_ci;
/*!40101 SET character_set_client = @saved_cs_client */;

--
-- Dumping data for table `glpi_softwarelicenses`
--

LOCK TABLES `glpi_softwarelicenses` WRITE;
/*!40000 ALTER TABLE `glpi_softwarelicenses` DISABLE KEYS */;
/*!40000 ALTER TABLE `glpi_softwarelicenses` ENABLE KEYS */;
UNLOCK TABLES;

--
-- Table structure for table `glpi_softwarelicensetypes`
--

DROP TABLE IF EXISTS `glpi_softwarelicensetypes`;
/*!40101 SET @saved_cs_client     = @@character_set_client */;
/*!40101 SET character_set_client = utf8 */;
CREATE TABLE `glpi_softwarelicensetypes` (
  `id` int(11) NOT NULL AUTO_INCREMENT,
  `name` varchar(255) COLLATE utf8_unicode_ci DEFAULT NULL,
  `comment` text COLLATE utf8_unicode_ci,
  `date_mod` datetime DEFAULT NULL,
  `date_creation` datetime DEFAULT NULL,
  PRIMARY KEY (`id`),
  KEY `name` (`name`),
  KEY `date_mod` (`date_mod`),
  KEY `date_creation` (`date_creation`)
) ENGINE=MyISAM AUTO_INCREMENT=2 DEFAULT CHARSET=utf8 COLLATE=utf8_unicode_ci;
/*!40101 SET character_set_client = @saved_cs_client */;

--
-- Dumping data for table `glpi_softwarelicensetypes`
--

LOCK TABLES `glpi_softwarelicensetypes` WRITE;
/*!40000 ALTER TABLE `glpi_softwarelicensetypes` DISABLE KEYS */;
INSERT INTO `glpi_softwarelicensetypes` VALUES (1,'OEM','',NULL,NULL);
/*!40000 ALTER TABLE `glpi_softwarelicensetypes` ENABLE KEYS */;
UNLOCK TABLES;

--
-- Table structure for table `glpi_softwares`
--

DROP TABLE IF EXISTS `glpi_softwares`;
/*!40101 SET @saved_cs_client     = @@character_set_client */;
/*!40101 SET character_set_client = utf8 */;
CREATE TABLE `glpi_softwares` (
  `id` int(11) NOT NULL AUTO_INCREMENT,
  `entities_id` int(11) NOT NULL DEFAULT '0',
  `is_recursive` tinyint(1) NOT NULL DEFAULT '0',
  `name` varchar(255) COLLATE utf8_unicode_ci DEFAULT NULL,
  `comment` text COLLATE utf8_unicode_ci,
  `locations_id` int(11) NOT NULL DEFAULT '0',
  `users_id_tech` int(11) NOT NULL DEFAULT '0',
  `groups_id_tech` int(11) NOT NULL DEFAULT '0',
  `is_update` tinyint(1) NOT NULL DEFAULT '0',
  `softwares_id` int(11) NOT NULL DEFAULT '0',
  `manufacturers_id` int(11) NOT NULL DEFAULT '0',
  `is_deleted` tinyint(1) NOT NULL DEFAULT '0',
  `is_template` tinyint(1) NOT NULL DEFAULT '0',
  `template_name` varchar(255) COLLATE utf8_unicode_ci DEFAULT NULL,
  `date_mod` datetime DEFAULT NULL,
  `users_id` int(11) NOT NULL DEFAULT '0',
  `groups_id` int(11) NOT NULL DEFAULT '0',
  `ticket_tco` decimal(20,4) DEFAULT '0.0000',
  `is_helpdesk_visible` tinyint(1) NOT NULL DEFAULT '1',
  `softwarecategories_id` int(11) NOT NULL DEFAULT '0',
  `is_valid` tinyint(1) NOT NULL DEFAULT '1',
  `date_creation` datetime DEFAULT NULL,
  PRIMARY KEY (`id`),
  KEY `date_mod` (`date_mod`),
  KEY `name` (`name`),
  KEY `is_template` (`is_template`),
  KEY `is_update` (`is_update`),
  KEY `softwarecategories_id` (`softwarecategories_id`),
  KEY `entities_id` (`entities_id`),
  KEY `manufacturers_id` (`manufacturers_id`),
  KEY `groups_id` (`groups_id`),
  KEY `users_id` (`users_id`),
  KEY `locations_id` (`locations_id`),
  KEY `users_id_tech` (`users_id_tech`),
  KEY `softwares_id` (`softwares_id`),
  KEY `is_deleted` (`is_deleted`),
  KEY `is_helpdesk_visible` (`is_helpdesk_visible`),
  KEY `groups_id_tech` (`groups_id_tech`),
  KEY `date_creation` (`date_creation`)
) ENGINE=MyISAM DEFAULT CHARSET=utf8 COLLATE=utf8_unicode_ci;
/*!40101 SET character_set_client = @saved_cs_client */;

--
-- Dumping data for table `glpi_softwares`
--

LOCK TABLES `glpi_softwares` WRITE;
/*!40000 ALTER TABLE `glpi_softwares` DISABLE KEYS */;
/*!40000 ALTER TABLE `glpi_softwares` ENABLE KEYS */;
UNLOCK TABLES;

--
-- Table structure for table `glpi_softwareversions`
--

DROP TABLE IF EXISTS `glpi_softwareversions`;
/*!40101 SET @saved_cs_client     = @@character_set_client */;
/*!40101 SET character_set_client = utf8 */;
CREATE TABLE `glpi_softwareversions` (
  `id` int(11) NOT NULL AUTO_INCREMENT,
  `entities_id` int(11) NOT NULL DEFAULT '0',
  `is_recursive` tinyint(1) NOT NULL DEFAULT '0',
  `softwares_id` int(11) NOT NULL DEFAULT '0',
  `states_id` int(11) NOT NULL DEFAULT '0',
  `name` varchar(255) COLLATE utf8_unicode_ci DEFAULT NULL,
  `comment` text COLLATE utf8_unicode_ci,
  `operatingsystems_id` int(11) NOT NULL DEFAULT '0',
  `date_mod` datetime DEFAULT NULL,
  `date_creation` datetime DEFAULT NULL,
  PRIMARY KEY (`id`),
  KEY `name` (`name`),
  KEY `softwares_id` (`softwares_id`),
  KEY `states_id` (`states_id`),
  KEY `entities_id` (`entities_id`),
  KEY `is_recursive` (`is_recursive`),
  KEY `operatingsystems_id` (`operatingsystems_id`),
  KEY `date_mod` (`date_mod`),
  KEY `date_creation` (`date_creation`)
) ENGINE=MyISAM DEFAULT CHARSET=utf8 COLLATE=utf8_unicode_ci;
/*!40101 SET character_set_client = @saved_cs_client */;

--
-- Dumping data for table `glpi_softwareversions`
--

LOCK TABLES `glpi_softwareversions` WRITE;
/*!40000 ALTER TABLE `glpi_softwareversions` DISABLE KEYS */;
/*!40000 ALTER TABLE `glpi_softwareversions` ENABLE KEYS */;
UNLOCK TABLES;

--
-- Table structure for table `glpi_solutiontemplates`
--

DROP TABLE IF EXISTS `glpi_solutiontemplates`;
/*!40101 SET @saved_cs_client     = @@character_set_client */;
/*!40101 SET character_set_client = utf8 */;
CREATE TABLE `glpi_solutiontemplates` (
  `id` int(11) NOT NULL AUTO_INCREMENT,
  `entities_id` int(11) NOT NULL DEFAULT '0',
  `is_recursive` tinyint(1) NOT NULL DEFAULT '0',
  `name` varchar(255) COLLATE utf8_unicode_ci DEFAULT NULL,
  `content` text COLLATE utf8_unicode_ci,
  `solutiontypes_id` int(11) NOT NULL DEFAULT '0',
  `comment` text COLLATE utf8_unicode_ci,
  `date_mod` datetime DEFAULT NULL,
  `date_creation` datetime DEFAULT NULL,
  PRIMARY KEY (`id`),
  KEY `name` (`name`),
  KEY `is_recursive` (`is_recursive`),
  KEY `solutiontypes_id` (`solutiontypes_id`),
  KEY `entities_id` (`entities_id`),
  KEY `date_mod` (`date_mod`),
  KEY `date_creation` (`date_creation`)
) ENGINE=MyISAM DEFAULT CHARSET=utf8 COLLATE=utf8_unicode_ci;
/*!40101 SET character_set_client = @saved_cs_client */;

--
-- Dumping data for table `glpi_solutiontemplates`
--

LOCK TABLES `glpi_solutiontemplates` WRITE;
/*!40000 ALTER TABLE `glpi_solutiontemplates` DISABLE KEYS */;
/*!40000 ALTER TABLE `glpi_solutiontemplates` ENABLE KEYS */;
UNLOCK TABLES;

--
-- Table structure for table `glpi_solutiontypes`
--

DROP TABLE IF EXISTS `glpi_solutiontypes`;
/*!40101 SET @saved_cs_client     = @@character_set_client */;
/*!40101 SET character_set_client = utf8 */;
CREATE TABLE `glpi_solutiontypes` (
  `id` int(11) NOT NULL AUTO_INCREMENT,
  `name` varchar(255) COLLATE utf8_unicode_ci DEFAULT NULL,
  `comment` text COLLATE utf8_unicode_ci,
  `entities_id` int(11) NOT NULL DEFAULT '0',
  `is_recursive` tinyint(1) NOT NULL DEFAULT '1',
  `date_mod` datetime DEFAULT NULL,
  `date_creation` datetime DEFAULT NULL,
  PRIMARY KEY (`id`),
  KEY `name` (`name`),
  KEY `entities_id` (`entities_id`),
  KEY `is_recursive` (`is_recursive`),
  KEY `date_mod` (`date_mod`),
  KEY `date_creation` (`date_creation`)
) ENGINE=MyISAM DEFAULT CHARSET=utf8 COLLATE=utf8_unicode_ci;
/*!40101 SET character_set_client = @saved_cs_client */;

--
-- Dumping data for table `glpi_solutiontypes`
--

LOCK TABLES `glpi_solutiontypes` WRITE;
/*!40000 ALTER TABLE `glpi_solutiontypes` DISABLE KEYS */;
/*!40000 ALTER TABLE `glpi_solutiontypes` ENABLE KEYS */;
UNLOCK TABLES;

--
-- Table structure for table `glpi_ssovariables`
--

DROP TABLE IF EXISTS `glpi_ssovariables`;
/*!40101 SET @saved_cs_client     = @@character_set_client */;
/*!40101 SET character_set_client = utf8 */;
CREATE TABLE `glpi_ssovariables` (
  `id` int(11) NOT NULL AUTO_INCREMENT,
  `name` varchar(255) COLLATE utf8_unicode_ci DEFAULT NULL,
  `comment` text COLLATE utf8_unicode_ci NOT NULL,
  `date_mod` datetime DEFAULT NULL,
  `date_creation` datetime DEFAULT NULL,
  PRIMARY KEY (`id`),
  KEY `date_mod` (`date_mod`),
  KEY `date_creation` (`date_creation`)
) ENGINE=MyISAM AUTO_INCREMENT=7 DEFAULT CHARSET=utf8 COLLATE=utf8_unicode_ci;
/*!40101 SET character_set_client = @saved_cs_client */;

--
-- Dumping data for table `glpi_ssovariables`
--

LOCK TABLES `glpi_ssovariables` WRITE;
/*!40000 ALTER TABLE `glpi_ssovariables` DISABLE KEYS */;
INSERT INTO `glpi_ssovariables` VALUES (1,'HTTP_AUTH_USER','',NULL,NULL),(2,'REMOTE_USER','',NULL,NULL),(3,'PHP_AUTH_USER','',NULL,NULL),(4,'USERNAME','',NULL,NULL),(5,'REDIRECT_REMOTE_USER','',NULL,NULL),(6,'HTTP_REMOTE_USER','',NULL,NULL);
/*!40000 ALTER TABLE `glpi_ssovariables` ENABLE KEYS */;
UNLOCK TABLES;

--
-- Table structure for table `glpi_states`
--

DROP TABLE IF EXISTS `glpi_states`;
/*!40101 SET @saved_cs_client     = @@character_set_client */;
/*!40101 SET character_set_client = utf8 */;
CREATE TABLE `glpi_states` (
  `id` int(11) NOT NULL AUTO_INCREMENT,
  `name` varchar(255) COLLATE utf8_unicode_ci DEFAULT NULL,
  `entities_id` int(11) NOT NULL DEFAULT '0',
  `is_recursive` tinyint(1) NOT NULL DEFAULT '0',
  `comment` text COLLATE utf8_unicode_ci,
  `states_id` int(11) NOT NULL DEFAULT '0',
  `completename` text COLLATE utf8_unicode_ci,
  `level` int(11) NOT NULL DEFAULT '0',
  `ancestors_cache` longtext COLLATE utf8_unicode_ci,
  `sons_cache` longtext COLLATE utf8_unicode_ci,
  `is_visible_computer` tinyint(1) NOT NULL DEFAULT '1',
  `is_visible_monitor` tinyint(1) NOT NULL DEFAULT '1',
  `is_visible_networkequipment` tinyint(1) NOT NULL DEFAULT '1',
  `is_visible_peripheral` tinyint(1) NOT NULL DEFAULT '1',
  `is_visible_phone` tinyint(1) NOT NULL DEFAULT '1',
  `is_visible_printer` tinyint(1) NOT NULL DEFAULT '1',
  `is_visible_softwareversion` tinyint(1) NOT NULL DEFAULT '1',
  `is_visible_softwarelicense` tinyint(1) NOT NULL DEFAULT '1',
  `date_mod` datetime DEFAULT NULL,
  `date_creation` datetime DEFAULT NULL,
  PRIMARY KEY (`id`),
  KEY `name` (`name`),
  KEY `unicity` (`states_id`,`name`),
  KEY `is_visible_computer` (`is_visible_computer`),
  KEY `is_visible_monitor` (`is_visible_monitor`),
  KEY `is_visible_networkequipment` (`is_visible_networkequipment`),
  KEY `is_visible_peripheral` (`is_visible_peripheral`),
  KEY `is_visible_phone` (`is_visible_phone`),
  KEY `is_visible_printer` (`is_visible_printer`),
  KEY `is_visible_softwareversion` (`is_visible_softwareversion`),
  KEY `is_visible_softwarelicense` (`is_visible_softwarelicense`),
  KEY `date_mod` (`date_mod`),
  KEY `date_creation` (`date_creation`)
) ENGINE=MyISAM DEFAULT CHARSET=utf8 COLLATE=utf8_unicode_ci;
/*!40101 SET character_set_client = @saved_cs_client */;

--
-- Dumping data for table `glpi_states`
--

LOCK TABLES `glpi_states` WRITE;
/*!40000 ALTER TABLE `glpi_states` DISABLE KEYS */;
/*!40000 ALTER TABLE `glpi_states` ENABLE KEYS */;
UNLOCK TABLES;

--
-- Table structure for table `glpi_suppliers`
--

DROP TABLE IF EXISTS `glpi_suppliers`;
/*!40101 SET @saved_cs_client     = @@character_set_client */;
/*!40101 SET character_set_client = utf8 */;
CREATE TABLE `glpi_suppliers` (
  `id` int(11) NOT NULL AUTO_INCREMENT,
  `entities_id` int(11) NOT NULL DEFAULT '0',
  `is_recursive` tinyint(1) NOT NULL DEFAULT '0',
  `name` varchar(255) COLLATE utf8_unicode_ci DEFAULT NULL,
  `suppliertypes_id` int(11) NOT NULL DEFAULT '0',
  `address` text COLLATE utf8_unicode_ci,
  `postcode` varchar(255) COLLATE utf8_unicode_ci DEFAULT NULL,
  `town` varchar(255) COLLATE utf8_unicode_ci DEFAULT NULL,
  `state` varchar(255) COLLATE utf8_unicode_ci DEFAULT NULL,
  `country` varchar(255) COLLATE utf8_unicode_ci DEFAULT NULL,
  `website` varchar(255) COLLATE utf8_unicode_ci DEFAULT NULL,
  `phonenumber` varchar(255) COLLATE utf8_unicode_ci DEFAULT NULL,
  `comment` text COLLATE utf8_unicode_ci,
  `is_deleted` tinyint(1) NOT NULL DEFAULT '0',
  `fax` varchar(255) COLLATE utf8_unicode_ci DEFAULT NULL,
  `email` varchar(255) COLLATE utf8_unicode_ci DEFAULT NULL,
  `date_mod` datetime DEFAULT NULL,
  `date_creation` datetime DEFAULT NULL,
  PRIMARY KEY (`id`),
  KEY `name` (`name`),
  KEY `entities_id` (`entities_id`),
  KEY `suppliertypes_id` (`suppliertypes_id`),
  KEY `is_deleted` (`is_deleted`),
  KEY `date_mod` (`date_mod`),
  KEY `date_creation` (`date_creation`)
) ENGINE=MyISAM DEFAULT CHARSET=utf8 COLLATE=utf8_unicode_ci;
/*!40101 SET character_set_client = @saved_cs_client */;

--
-- Dumping data for table `glpi_suppliers`
--

LOCK TABLES `glpi_suppliers` WRITE;
/*!40000 ALTER TABLE `glpi_suppliers` DISABLE KEYS */;
/*!40000 ALTER TABLE `glpi_suppliers` ENABLE KEYS */;
UNLOCK TABLES;

--
-- Table structure for table `glpi_suppliers_tickets`
--

DROP TABLE IF EXISTS `glpi_suppliers_tickets`;
/*!40101 SET @saved_cs_client     = @@character_set_client */;
/*!40101 SET character_set_client = utf8 */;
CREATE TABLE `glpi_suppliers_tickets` (
  `id` int(11) NOT NULL AUTO_INCREMENT,
  `tickets_id` int(11) NOT NULL DEFAULT '0',
  `suppliers_id` int(11) NOT NULL DEFAULT '0',
  `type` int(11) NOT NULL DEFAULT '1',
  `use_notification` tinyint(1) NOT NULL DEFAULT '0',
  `alternative_email` varchar(255) COLLATE utf8_unicode_ci DEFAULT NULL,
  PRIMARY KEY (`id`),
  UNIQUE KEY `unicity` (`tickets_id`,`type`,`suppliers_id`),
  KEY `group` (`suppliers_id`,`type`)
) ENGINE=MyISAM DEFAULT CHARSET=utf8 COLLATE=utf8_unicode_ci;
/*!40101 SET character_set_client = @saved_cs_client */;

--
-- Dumping data for table `glpi_suppliers_tickets`
--

LOCK TABLES `glpi_suppliers_tickets` WRITE;
/*!40000 ALTER TABLE `glpi_suppliers_tickets` DISABLE KEYS */;
/*!40000 ALTER TABLE `glpi_suppliers_tickets` ENABLE KEYS */;
UNLOCK TABLES;

--
-- Table structure for table `glpi_suppliertypes`
--

DROP TABLE IF EXISTS `glpi_suppliertypes`;
/*!40101 SET @saved_cs_client     = @@character_set_client */;
/*!40101 SET character_set_client = utf8 */;
CREATE TABLE `glpi_suppliertypes` (
  `id` int(11) NOT NULL AUTO_INCREMENT,
  `name` varchar(255) COLLATE utf8_unicode_ci DEFAULT NULL,
  `comment` text COLLATE utf8_unicode_ci,
  `date_mod` datetime DEFAULT NULL,
  `date_creation` datetime DEFAULT NULL,
  PRIMARY KEY (`id`),
  KEY `name` (`name`),
  KEY `date_mod` (`date_mod`),
  KEY `date_creation` (`date_creation`)
) ENGINE=MyISAM DEFAULT CHARSET=utf8 COLLATE=utf8_unicode_ci;
/*!40101 SET character_set_client = @saved_cs_client */;

--
-- Dumping data for table `glpi_suppliertypes`
--

LOCK TABLES `glpi_suppliertypes` WRITE;
/*!40000 ALTER TABLE `glpi_suppliertypes` DISABLE KEYS */;
/*!40000 ALTER TABLE `glpi_suppliertypes` ENABLE KEYS */;
UNLOCK TABLES;

--
-- Table structure for table `glpi_taskcategories`
--

DROP TABLE IF EXISTS `glpi_taskcategories`;
/*!40101 SET @saved_cs_client     = @@character_set_client */;
/*!40101 SET character_set_client = utf8 */;
CREATE TABLE `glpi_taskcategories` (
  `id` int(11) NOT NULL AUTO_INCREMENT,
  `entities_id` int(11) NOT NULL DEFAULT '0',
  `is_recursive` tinyint(1) NOT NULL DEFAULT '0',
  `taskcategories_id` int(11) NOT NULL DEFAULT '0',
  `name` varchar(255) COLLATE utf8_unicode_ci DEFAULT NULL,
  `completename` text COLLATE utf8_unicode_ci,
  `comment` text COLLATE utf8_unicode_ci,
  `level` int(11) NOT NULL DEFAULT '0',
  `ancestors_cache` longtext COLLATE utf8_unicode_ci,
  `sons_cache` longtext COLLATE utf8_unicode_ci,
  `is_active` tinyint(1) NOT NULL DEFAULT '1',
  `is_helpdeskvisible` tinyint(1) NOT NULL DEFAULT '1',
  `date_mod` datetime DEFAULT NULL,
  `date_creation` datetime DEFAULT NULL,
  PRIMARY KEY (`id`),
  KEY `name` (`name`),
  KEY `taskcategories_id` (`taskcategories_id`),
  KEY `entities_id` (`entities_id`),
  KEY `is_recursive` (`is_recursive`),
  KEY `is_active` (`is_active`),
  KEY `is_helpdeskvisible` (`is_helpdeskvisible`),
  KEY `date_mod` (`date_mod`),
  KEY `date_creation` (`date_creation`)
) ENGINE=MyISAM DEFAULT CHARSET=utf8 COLLATE=utf8_unicode_ci;
/*!40101 SET character_set_client = @saved_cs_client */;

--
-- Dumping data for table `glpi_taskcategories`
--

LOCK TABLES `glpi_taskcategories` WRITE;
/*!40000 ALTER TABLE `glpi_taskcategories` DISABLE KEYS */;
/*!40000 ALTER TABLE `glpi_taskcategories` ENABLE KEYS */;
UNLOCK TABLES;

--
-- Table structure for table `glpi_tasktemplates`
--

DROP TABLE IF EXISTS `glpi_tasktemplates`;
/*!40101 SET @saved_cs_client     = @@character_set_client */;
/*!40101 SET character_set_client = utf8 */;
CREATE TABLE `glpi_tasktemplates` (
  `id` int(11) NOT NULL AUTO_INCREMENT,
  `entities_id` int(11) NOT NULL DEFAULT '0',
  `is_recursive` tinyint(1) NOT NULL DEFAULT '0',
  `name` varchar(255) COLLATE utf8_unicode_ci DEFAULT NULL,
  `content` text COLLATE utf8_unicode_ci,
  `taskcategories_id` int(11) NOT NULL DEFAULT '0',
  `actiontime` int(11) NOT NULL DEFAULT '0',
  `comment` text COLLATE utf8_unicode_ci,
  `date_mod` datetime DEFAULT NULL,
  `date_creation` datetime DEFAULT NULL,
  PRIMARY KEY (`id`),
  KEY `name` (`name`),
  KEY `is_recursive` (`is_recursive`),
  KEY `taskcategories_id` (`taskcategories_id`),
  KEY `entities_id` (`entities_id`),
  KEY `date_mod` (`date_mod`),
  KEY `date_creation` (`date_creation`)
) ENGINE=MyISAM DEFAULT CHARSET=utf8 COLLATE=utf8_unicode_ci;
/*!40101 SET character_set_client = @saved_cs_client */;

--
-- Dumping data for table `glpi_tasktemplates`
--

LOCK TABLES `glpi_tasktemplates` WRITE;
/*!40000 ALTER TABLE `glpi_tasktemplates` DISABLE KEYS */;
/*!40000 ALTER TABLE `glpi_tasktemplates` ENABLE KEYS */;
UNLOCK TABLES;

--
-- Table structure for table `glpi_ticketcosts`
--

DROP TABLE IF EXISTS `glpi_ticketcosts`;
/*!40101 SET @saved_cs_client     = @@character_set_client */;
/*!40101 SET character_set_client = utf8 */;
CREATE TABLE `glpi_ticketcosts` (
  `id` int(11) NOT NULL AUTO_INCREMENT,
  `tickets_id` int(11) NOT NULL DEFAULT '0',
  `name` varchar(255) COLLATE utf8_unicode_ci DEFAULT NULL,
  `comment` text COLLATE utf8_unicode_ci,
  `begin_date` date DEFAULT NULL,
  `end_date` date DEFAULT NULL,
  `actiontime` int(11) NOT NULL DEFAULT '0',
  `cost_time` decimal(20,4) NOT NULL DEFAULT '0.0000',
  `cost_fixed` decimal(20,4) NOT NULL DEFAULT '0.0000',
  `cost_material` decimal(20,4) NOT NULL DEFAULT '0.0000',
  `budgets_id` int(11) NOT NULL DEFAULT '0',
  `entities_id` int(11) NOT NULL DEFAULT '0',
  PRIMARY KEY (`id`),
  KEY `name` (`name`),
  KEY `tickets_id` (`tickets_id`),
  KEY `begin_date` (`begin_date`),
  KEY `end_date` (`end_date`),
  KEY `entities_id` (`entities_id`),
  KEY `budgets_id` (`budgets_id`)
) ENGINE=MyISAM DEFAULT CHARSET=utf8 COLLATE=utf8_unicode_ci;
/*!40101 SET character_set_client = @saved_cs_client */;

--
-- Dumping data for table `glpi_ticketcosts`
--

LOCK TABLES `glpi_ticketcosts` WRITE;
/*!40000 ALTER TABLE `glpi_ticketcosts` DISABLE KEYS */;
/*!40000 ALTER TABLE `glpi_ticketcosts` ENABLE KEYS */;
UNLOCK TABLES;

--
-- Table structure for table `glpi_ticketfollowups`
--

DROP TABLE IF EXISTS `glpi_ticketfollowups`;
/*!40101 SET @saved_cs_client     = @@character_set_client */;
/*!40101 SET character_set_client = utf8 */;
CREATE TABLE `glpi_ticketfollowups` (
  `id` int(11) NOT NULL AUTO_INCREMENT,
  `tickets_id` int(11) NOT NULL DEFAULT '0',
  `date` datetime DEFAULT NULL,
  `users_id` int(11) NOT NULL DEFAULT '0',
  `content` longtext COLLATE utf8_unicode_ci,
  `is_private` tinyint(1) NOT NULL DEFAULT '0',
  `requesttypes_id` int(11) NOT NULL DEFAULT '0',
  `date_mod` datetime DEFAULT NULL,
  PRIMARY KEY (`id`),
  KEY `date` (`date`),
  KEY `date_mod` (`date_mod`),
  KEY `users_id` (`users_id`),
  KEY `tickets_id` (`tickets_id`),
  KEY `is_private` (`is_private`),
  KEY `requesttypes_id` (`requesttypes_id`)
) ENGINE=MyISAM DEFAULT CHARSET=utf8 COLLATE=utf8_unicode_ci;
/*!40101 SET character_set_client = @saved_cs_client */;

--
-- Dumping data for table `glpi_ticketfollowups`
--

LOCK TABLES `glpi_ticketfollowups` WRITE;
/*!40000 ALTER TABLE `glpi_ticketfollowups` DISABLE KEYS */;
/*!40000 ALTER TABLE `glpi_ticketfollowups` ENABLE KEYS */;
UNLOCK TABLES;

--
-- Table structure for table `glpi_ticketrecurrents`
--

DROP TABLE IF EXISTS `glpi_ticketrecurrents`;
/*!40101 SET @saved_cs_client     = @@character_set_client */;
/*!40101 SET character_set_client = utf8 */;
CREATE TABLE `glpi_ticketrecurrents` (
  `id` int(11) NOT NULL AUTO_INCREMENT,
  `name` varchar(255) COLLATE utf8_unicode_ci DEFAULT NULL,
  `comment` text COLLATE utf8_unicode_ci,
  `entities_id` int(11) NOT NULL DEFAULT '0',
  `is_recursive` tinyint(1) NOT NULL DEFAULT '0',
  `is_active` tinyint(1) NOT NULL DEFAULT '0',
  `tickettemplates_id` int(11) NOT NULL DEFAULT '0',
  `begin_date` datetime DEFAULT NULL,
  `periodicity` varchar(255) COLLATE utf8_unicode_ci DEFAULT NULL,
  `create_before` int(11) NOT NULL DEFAULT '0',
  `next_creation_date` datetime DEFAULT NULL,
  `calendars_id` int(11) NOT NULL DEFAULT '0',
  `end_date` datetime DEFAULT NULL,
  PRIMARY KEY (`id`),
  KEY `entities_id` (`entities_id`),
  KEY `is_recursive` (`is_recursive`),
  KEY `is_active` (`is_active`),
  KEY `tickettemplates_id` (`tickettemplates_id`),
  KEY `next_creation_date` (`next_creation_date`)
) ENGINE=MyISAM DEFAULT CHARSET=utf8 COLLATE=utf8_unicode_ci;
/*!40101 SET character_set_client = @saved_cs_client */;

--
-- Dumping data for table `glpi_ticketrecurrents`
--

LOCK TABLES `glpi_ticketrecurrents` WRITE;
/*!40000 ALTER TABLE `glpi_ticketrecurrents` DISABLE KEYS */;
/*!40000 ALTER TABLE `glpi_ticketrecurrents` ENABLE KEYS */;
UNLOCK TABLES;

--
-- Table structure for table `glpi_tickets`
--

DROP TABLE IF EXISTS `glpi_tickets`;
/*!40101 SET @saved_cs_client     = @@character_set_client */;
/*!40101 SET character_set_client = utf8 */;
CREATE TABLE `glpi_tickets` (
  `id` int(11) NOT NULL AUTO_INCREMENT,
  `entities_id` int(11) NOT NULL DEFAULT '0',
  `name` varchar(255) COLLATE utf8_unicode_ci DEFAULT NULL,
  `date` datetime DEFAULT NULL,
  `closedate` datetime DEFAULT NULL,
  `solvedate` datetime DEFAULT NULL,
  `date_mod` datetime DEFAULT NULL,
  `users_id_lastupdater` int(11) NOT NULL DEFAULT '0',
  `status` int(11) NOT NULL DEFAULT '1',
  `users_id_recipient` int(11) NOT NULL DEFAULT '0',
  `requesttypes_id` int(11) NOT NULL DEFAULT '0',
  `content` longtext COLLATE utf8_unicode_ci,
  `urgency` int(11) NOT NULL DEFAULT '1',
  `impact` int(11) NOT NULL DEFAULT '1',
  `priority` int(11) NOT NULL DEFAULT '1',
  `itilcategories_id` int(11) NOT NULL DEFAULT '0',
  `type` int(11) NOT NULL DEFAULT '1',
  `solutiontypes_id` int(11) NOT NULL DEFAULT '0',
  `solution` longtext COLLATE utf8_unicode_ci,
  `global_validation` int(11) NOT NULL DEFAULT '1',
  `slts_tto_id` int(11) NOT NULL DEFAULT '0',
  `slts_ttr_id` int(11) NOT NULL DEFAULT '0',
  `ttr_slalevels_id` int(11) NOT NULL DEFAULT '0',
  `due_date` datetime DEFAULT NULL,
  `time_to_own` datetime DEFAULT NULL,
  `begin_waiting_date` datetime DEFAULT NULL,
  `sla_waiting_duration` int(11) NOT NULL DEFAULT '0',
  `waiting_duration` int(11) NOT NULL DEFAULT '0',
  `close_delay_stat` int(11) NOT NULL DEFAULT '0',
  `solve_delay_stat` int(11) NOT NULL DEFAULT '0',
  `takeintoaccount_delay_stat` int(11) NOT NULL DEFAULT '0',
  `actiontime` int(11) NOT NULL DEFAULT '0',
  `is_deleted` tinyint(1) NOT NULL DEFAULT '0',
  `locations_id` int(11) NOT NULL DEFAULT '0',
  `validation_percent` int(11) NOT NULL DEFAULT '0',
  `date_creation` datetime DEFAULT NULL,
  PRIMARY KEY (`id`),
  KEY `date` (`date`),
  KEY `closedate` (`closedate`),
  KEY `status` (`status`),
  KEY `priority` (`priority`),
  KEY `request_type` (`requesttypes_id`),
  KEY `date_mod` (`date_mod`),
  KEY `entities_id` (`entities_id`),
  KEY `users_id_recipient` (`users_id_recipient`),
  KEY `solvedate` (`solvedate`),
  KEY `urgency` (`urgency`),
  KEY `impact` (`impact`),
  KEY `global_validation` (`global_validation`),
  KEY `slts_tto_id` (`slts_tto_id`),
  KEY `slts_ttr_id` (`slts_ttr_id`),
  KEY `due_date` (`due_date`),
  KEY `time_to_own` (`time_to_own`),
  KEY `users_id_lastupdater` (`users_id_lastupdater`),
  KEY `type` (`type`),
  KEY `solutiontypes_id` (`solutiontypes_id`),
  KEY `itilcategories_id` (`itilcategories_id`),
  KEY `is_deleted` (`is_deleted`),
  KEY `name` (`name`),
  KEY `locations_id` (`locations_id`),
  KEY `date_creation` (`date_creation`)
) ENGINE=MyISAM DEFAULT CHARSET=utf8 COLLATE=utf8_unicode_ci;
/*!40101 SET character_set_client = @saved_cs_client */;

--
-- Dumping data for table `glpi_tickets`
--

LOCK TABLES `glpi_tickets` WRITE;
/*!40000 ALTER TABLE `glpi_tickets` DISABLE KEYS */;
/*!40000 ALTER TABLE `glpi_tickets` ENABLE KEYS */;
UNLOCK TABLES;

--
-- Table structure for table `glpi_tickets_tickets`
--

DROP TABLE IF EXISTS `glpi_tickets_tickets`;
/*!40101 SET @saved_cs_client     = @@character_set_client */;
/*!40101 SET character_set_client = utf8 */;
CREATE TABLE `glpi_tickets_tickets` (
  `id` int(11) NOT NULL AUTO_INCREMENT,
  `tickets_id_1` int(11) NOT NULL DEFAULT '0',
  `tickets_id_2` int(11) NOT NULL DEFAULT '0',
  `link` int(11) NOT NULL DEFAULT '1',
  PRIMARY KEY (`id`),
  KEY `unicity` (`tickets_id_1`,`tickets_id_2`)
) ENGINE=MyISAM DEFAULT CHARSET=utf8 COLLATE=utf8_unicode_ci;
/*!40101 SET character_set_client = @saved_cs_client */;

--
-- Dumping data for table `glpi_tickets_tickets`
--

LOCK TABLES `glpi_tickets_tickets` WRITE;
/*!40000 ALTER TABLE `glpi_tickets_tickets` DISABLE KEYS */;
/*!40000 ALTER TABLE `glpi_tickets_tickets` ENABLE KEYS */;
UNLOCK TABLES;

--
-- Table structure for table `glpi_tickets_users`
--

DROP TABLE IF EXISTS `glpi_tickets_users`;
/*!40101 SET @saved_cs_client     = @@character_set_client */;
/*!40101 SET character_set_client = utf8 */;
CREATE TABLE `glpi_tickets_users` (
  `id` int(11) NOT NULL AUTO_INCREMENT,
  `tickets_id` int(11) NOT NULL DEFAULT '0',
  `users_id` int(11) NOT NULL DEFAULT '0',
  `type` int(11) NOT NULL DEFAULT '1',
  `use_notification` tinyint(1) NOT NULL DEFAULT '1',
  `alternative_email` varchar(255) COLLATE utf8_unicode_ci DEFAULT NULL,
  PRIMARY KEY (`id`),
  UNIQUE KEY `unicity` (`tickets_id`,`type`,`users_id`,`alternative_email`),
  KEY `user` (`users_id`,`type`)
) ENGINE=MyISAM DEFAULT CHARSET=utf8 COLLATE=utf8_unicode_ci;
/*!40101 SET character_set_client = @saved_cs_client */;

--
-- Dumping data for table `glpi_tickets_users`
--

LOCK TABLES `glpi_tickets_users` WRITE;
/*!40000 ALTER TABLE `glpi_tickets_users` DISABLE KEYS */;
/*!40000 ALTER TABLE `glpi_tickets_users` ENABLE KEYS */;
UNLOCK TABLES;

--
-- Table structure for table `glpi_ticketsatisfactions`
--

DROP TABLE IF EXISTS `glpi_ticketsatisfactions`;
/*!40101 SET @saved_cs_client     = @@character_set_client */;
/*!40101 SET character_set_client = utf8 */;
CREATE TABLE `glpi_ticketsatisfactions` (
  `id` int(11) NOT NULL AUTO_INCREMENT,
  `tickets_id` int(11) NOT NULL DEFAULT '0',
  `type` int(11) NOT NULL DEFAULT '1',
  `date_begin` datetime DEFAULT NULL,
  `date_answered` datetime DEFAULT NULL,
  `satisfaction` int(11) DEFAULT NULL,
  `comment` text COLLATE utf8_unicode_ci,
  PRIMARY KEY (`id`),
  UNIQUE KEY `tickets_id` (`tickets_id`)
) ENGINE=MyISAM DEFAULT CHARSET=utf8 COLLATE=utf8_unicode_ci;
/*!40101 SET character_set_client = @saved_cs_client */;

--
-- Dumping data for table `glpi_ticketsatisfactions`
--

LOCK TABLES `glpi_ticketsatisfactions` WRITE;
/*!40000 ALTER TABLE `glpi_ticketsatisfactions` DISABLE KEYS */;
/*!40000 ALTER TABLE `glpi_ticketsatisfactions` ENABLE KEYS */;
UNLOCK TABLES;

--
-- Table structure for table `glpi_tickettasks`
--

DROP TABLE IF EXISTS `glpi_tickettasks`;
/*!40101 SET @saved_cs_client     = @@character_set_client */;
/*!40101 SET character_set_client = utf8 */;
CREATE TABLE `glpi_tickettasks` (
  `id` int(11) NOT NULL AUTO_INCREMENT,
  `tickets_id` int(11) NOT NULL DEFAULT '0',
  `taskcategories_id` int(11) NOT NULL DEFAULT '0',
  `date` datetime DEFAULT NULL,
  `users_id` int(11) NOT NULL DEFAULT '0',
  `content` longtext COLLATE utf8_unicode_ci,
  `is_private` tinyint(1) NOT NULL DEFAULT '0',
  `actiontime` int(11) NOT NULL DEFAULT '0',
  `begin` datetime DEFAULT NULL,
  `end` datetime DEFAULT NULL,
  `state` int(11) NOT NULL DEFAULT '1',
  `users_id_tech` int(11) NOT NULL DEFAULT '0',
  `groups_id_tech` int(11) NOT NULL DEFAULT '0',
  `date_mod` datetime DEFAULT NULL,
  PRIMARY KEY (`id`),
  KEY `date` (`date`),
  KEY `date_mod` (`date_mod`),
  KEY `users_id` (`users_id`),
  KEY `tickets_id` (`tickets_id`),
  KEY `is_private` (`is_private`),
  KEY `taskcategories_id` (`taskcategories_id`),
  KEY `state` (`state`),
  KEY `users_id_tech` (`users_id_tech`),
  KEY `groups_id_tech` (`groups_id_tech`),
  KEY `begin` (`begin`),
  KEY `end` (`end`)
) ENGINE=MyISAM DEFAULT CHARSET=utf8 COLLATE=utf8_unicode_ci;
/*!40101 SET character_set_client = @saved_cs_client */;

--
-- Dumping data for table `glpi_tickettasks`
--

LOCK TABLES `glpi_tickettasks` WRITE;
/*!40000 ALTER TABLE `glpi_tickettasks` DISABLE KEYS */;
/*!40000 ALTER TABLE `glpi_tickettasks` ENABLE KEYS */;
UNLOCK TABLES;

--
-- Table structure for table `glpi_tickettemplatehiddenfields`
--

DROP TABLE IF EXISTS `glpi_tickettemplatehiddenfields`;
/*!40101 SET @saved_cs_client     = @@character_set_client */;
/*!40101 SET character_set_client = utf8 */;
CREATE TABLE `glpi_tickettemplatehiddenfields` (
  `id` int(11) NOT NULL AUTO_INCREMENT,
  `tickettemplates_id` int(11) NOT NULL DEFAULT '0',
  `num` int(11) NOT NULL DEFAULT '0',
  PRIMARY KEY (`id`),
  KEY `unicity` (`tickettemplates_id`,`num`)
) ENGINE=MyISAM DEFAULT CHARSET=utf8 COLLATE=utf8_unicode_ci;
/*!40101 SET character_set_client = @saved_cs_client */;

--
-- Dumping data for table `glpi_tickettemplatehiddenfields`
--

LOCK TABLES `glpi_tickettemplatehiddenfields` WRITE;
/*!40000 ALTER TABLE `glpi_tickettemplatehiddenfields` DISABLE KEYS */;
/*!40000 ALTER TABLE `glpi_tickettemplatehiddenfields` ENABLE KEYS */;
UNLOCK TABLES;

--
-- Table structure for table `glpi_tickettemplatemandatoryfields`
--

DROP TABLE IF EXISTS `glpi_tickettemplatemandatoryfields`;
/*!40101 SET @saved_cs_client     = @@character_set_client */;
/*!40101 SET character_set_client = utf8 */;
CREATE TABLE `glpi_tickettemplatemandatoryfields` (
  `id` int(11) NOT NULL AUTO_INCREMENT,
  `tickettemplates_id` int(11) NOT NULL DEFAULT '0',
  `num` int(11) NOT NULL DEFAULT '0',
  PRIMARY KEY (`id`),
  KEY `unicity` (`tickettemplates_id`,`num`)
) ENGINE=MyISAM AUTO_INCREMENT=2 DEFAULT CHARSET=utf8 COLLATE=utf8_unicode_ci;
/*!40101 SET character_set_client = @saved_cs_client */;

--
-- Dumping data for table `glpi_tickettemplatemandatoryfields`
--

LOCK TABLES `glpi_tickettemplatemandatoryfields` WRITE;
/*!40000 ALTER TABLE `glpi_tickettemplatemandatoryfields` DISABLE KEYS */;
INSERT INTO `glpi_tickettemplatemandatoryfields` VALUES (1,1,21);
/*!40000 ALTER TABLE `glpi_tickettemplatemandatoryfields` ENABLE KEYS */;
UNLOCK TABLES;

--
-- Table structure for table `glpi_tickettemplatepredefinedfields`
--

DROP TABLE IF EXISTS `glpi_tickettemplatepredefinedfields`;
/*!40101 SET @saved_cs_client     = @@character_set_client */;
/*!40101 SET character_set_client = utf8 */;
CREATE TABLE `glpi_tickettemplatepredefinedfields` (
  `id` int(11) NOT NULL AUTO_INCREMENT,
  `tickettemplates_id` int(11) NOT NULL DEFAULT '0',
  `num` int(11) NOT NULL DEFAULT '0',
  `value` text COLLATE utf8_unicode_ci,
  PRIMARY KEY (`id`),
  KEY `unicity` (`tickettemplates_id`,`num`)
) ENGINE=MyISAM DEFAULT CHARSET=utf8 COLLATE=utf8_unicode_ci;
/*!40101 SET character_set_client = @saved_cs_client */;

--
-- Dumping data for table `glpi_tickettemplatepredefinedfields`
--

LOCK TABLES `glpi_tickettemplatepredefinedfields` WRITE;
/*!40000 ALTER TABLE `glpi_tickettemplatepredefinedfields` DISABLE KEYS */;
/*!40000 ALTER TABLE `glpi_tickettemplatepredefinedfields` ENABLE KEYS */;
UNLOCK TABLES;

--
-- Table structure for table `glpi_tickettemplates`
--

DROP TABLE IF EXISTS `glpi_tickettemplates`;
/*!40101 SET @saved_cs_client     = @@character_set_client */;
/*!40101 SET character_set_client = utf8 */;
CREATE TABLE `glpi_tickettemplates` (
  `id` int(11) NOT NULL AUTO_INCREMENT,
  `name` varchar(255) COLLATE utf8_unicode_ci DEFAULT NULL,
  `entities_id` int(11) NOT NULL DEFAULT '0',
  `is_recursive` tinyint(1) NOT NULL DEFAULT '0',
  `comment` text COLLATE utf8_unicode_ci,
  PRIMARY KEY (`id`),
  KEY `name` (`name`),
  KEY `entities_id` (`entities_id`),
  KEY `is_recursive` (`is_recursive`)
) ENGINE=MyISAM AUTO_INCREMENT=2 DEFAULT CHARSET=utf8 COLLATE=utf8_unicode_ci;
/*!40101 SET character_set_client = @saved_cs_client */;

--
-- Dumping data for table `glpi_tickettemplates`
--

LOCK TABLES `glpi_tickettemplates` WRITE;
/*!40000 ALTER TABLE `glpi_tickettemplates` DISABLE KEYS */;
INSERT INTO `glpi_tickettemplates` VALUES (1,'Default',0,1,NULL);
/*!40000 ALTER TABLE `glpi_tickettemplates` ENABLE KEYS */;
UNLOCK TABLES;

--
-- Table structure for table `glpi_ticketvalidations`
--

DROP TABLE IF EXISTS `glpi_ticketvalidations`;
/*!40101 SET @saved_cs_client     = @@character_set_client */;
/*!40101 SET character_set_client = utf8 */;
CREATE TABLE `glpi_ticketvalidations` (
  `id` int(11) NOT NULL AUTO_INCREMENT,
  `entities_id` int(11) NOT NULL DEFAULT '0',
  `users_id` int(11) NOT NULL DEFAULT '0',
  `tickets_id` int(11) NOT NULL DEFAULT '0',
  `users_id_validate` int(11) NOT NULL DEFAULT '0',
  `comment_submission` text COLLATE utf8_unicode_ci,
  `comment_validation` text COLLATE utf8_unicode_ci,
  `status` int(11) NOT NULL DEFAULT '2',
  `submission_date` datetime DEFAULT NULL,
  `validation_date` datetime DEFAULT NULL,
  PRIMARY KEY (`id`),
  KEY `entities_id` (`entities_id`),
  KEY `users_id` (`users_id`),
  KEY `users_id_validate` (`users_id_validate`),
  KEY `tickets_id` (`tickets_id`),
  KEY `submission_date` (`submission_date`),
  KEY `validation_date` (`validation_date`),
  KEY `status` (`status`)
) ENGINE=MyISAM DEFAULT CHARSET=utf8 COLLATE=utf8_unicode_ci;
/*!40101 SET character_set_client = @saved_cs_client */;

--
-- Dumping data for table `glpi_ticketvalidations`
--

LOCK TABLES `glpi_ticketvalidations` WRITE;
/*!40000 ALTER TABLE `glpi_ticketvalidations` DISABLE KEYS */;
/*!40000 ALTER TABLE `glpi_ticketvalidations` ENABLE KEYS */;
UNLOCK TABLES;

--
-- Table structure for table `glpi_transfers`
--

DROP TABLE IF EXISTS `glpi_transfers`;
/*!40101 SET @saved_cs_client     = @@character_set_client */;
/*!40101 SET character_set_client = utf8 */;
CREATE TABLE `glpi_transfers` (
  `id` int(11) NOT NULL AUTO_INCREMENT,
  `name` varchar(255) COLLATE utf8_unicode_ci DEFAULT NULL,
  `keep_ticket` int(11) NOT NULL DEFAULT '0',
  `keep_networklink` int(11) NOT NULL DEFAULT '0',
  `keep_reservation` int(11) NOT NULL DEFAULT '0',
  `keep_history` int(11) NOT NULL DEFAULT '0',
  `keep_device` int(11) NOT NULL DEFAULT '0',
  `keep_infocom` int(11) NOT NULL DEFAULT '0',
  `keep_dc_monitor` int(11) NOT NULL DEFAULT '0',
  `clean_dc_monitor` int(11) NOT NULL DEFAULT '0',
  `keep_dc_phone` int(11) NOT NULL DEFAULT '0',
  `clean_dc_phone` int(11) NOT NULL DEFAULT '0',
  `keep_dc_peripheral` int(11) NOT NULL DEFAULT '0',
  `clean_dc_peripheral` int(11) NOT NULL DEFAULT '0',
  `keep_dc_printer` int(11) NOT NULL DEFAULT '0',
  `clean_dc_printer` int(11) NOT NULL DEFAULT '0',
  `keep_supplier` int(11) NOT NULL DEFAULT '0',
  `clean_supplier` int(11) NOT NULL DEFAULT '0',
  `keep_contact` int(11) NOT NULL DEFAULT '0',
  `clean_contact` int(11) NOT NULL DEFAULT '0',
  `keep_contract` int(11) NOT NULL DEFAULT '0',
  `clean_contract` int(11) NOT NULL DEFAULT '0',
  `keep_software` int(11) NOT NULL DEFAULT '0',
  `clean_software` int(11) NOT NULL DEFAULT '0',
  `keep_document` int(11) NOT NULL DEFAULT '0',
  `clean_document` int(11) NOT NULL DEFAULT '0',
  `keep_cartridgeitem` int(11) NOT NULL DEFAULT '0',
  `clean_cartridgeitem` int(11) NOT NULL DEFAULT '0',
  `keep_cartridge` int(11) NOT NULL DEFAULT '0',
  `keep_consumable` int(11) NOT NULL DEFAULT '0',
  `date_mod` datetime DEFAULT NULL,
  `comment` text COLLATE utf8_unicode_ci,
  `keep_disk` int(11) NOT NULL DEFAULT '0',
  PRIMARY KEY (`id`),
  KEY `date_mod` (`date_mod`)
) ENGINE=MyISAM AUTO_INCREMENT=2 DEFAULT CHARSET=utf8 COLLATE=utf8_unicode_ci;
/*!40101 SET character_set_client = @saved_cs_client */;

--
-- Dumping data for table `glpi_transfers`
--

LOCK TABLES `glpi_transfers` WRITE;
/*!40000 ALTER TABLE `glpi_transfers` DISABLE KEYS */;
INSERT INTO `glpi_transfers` VALUES (1,'complete',2,2,1,1,1,1,1,1,1,1,1,1,1,1,1,1,1,1,1,1,1,1,1,1,1,1,1,1,NULL,NULL,1);
/*!40000 ALTER TABLE `glpi_transfers` ENABLE KEYS */;
UNLOCK TABLES;

--
-- Table structure for table `glpi_usercategories`
--

DROP TABLE IF EXISTS `glpi_usercategories`;
/*!40101 SET @saved_cs_client     = @@character_set_client */;
/*!40101 SET character_set_client = utf8 */;
CREATE TABLE `glpi_usercategories` (
  `id` int(11) NOT NULL AUTO_INCREMENT,
  `name` varchar(255) COLLATE utf8_unicode_ci DEFAULT NULL,
  `comment` text COLLATE utf8_unicode_ci,
  `date_mod` datetime DEFAULT NULL,
  `date_creation` datetime DEFAULT NULL,
  PRIMARY KEY (`id`),
  KEY `name` (`name`),
  KEY `date_mod` (`date_mod`),
  KEY `date_creation` (`date_creation`)
) ENGINE=MyISAM DEFAULT CHARSET=utf8 COLLATE=utf8_unicode_ci;
/*!40101 SET character_set_client = @saved_cs_client */;

--
-- Dumping data for table `glpi_usercategories`
--

LOCK TABLES `glpi_usercategories` WRITE;
/*!40000 ALTER TABLE `glpi_usercategories` DISABLE KEYS */;
/*!40000 ALTER TABLE `glpi_usercategories` ENABLE KEYS */;
UNLOCK TABLES;

--
-- Table structure for table `glpi_useremails`
--

DROP TABLE IF EXISTS `glpi_useremails`;
/*!40101 SET @saved_cs_client     = @@character_set_client */;
/*!40101 SET character_set_client = utf8 */;
CREATE TABLE `glpi_useremails` (
  `id` int(11) NOT NULL AUTO_INCREMENT,
  `users_id` int(11) NOT NULL DEFAULT '0',
  `is_default` tinyint(1) NOT NULL DEFAULT '0',
  `is_dynamic` tinyint(1) NOT NULL DEFAULT '0',
  `email` varchar(255) COLLATE utf8_unicode_ci DEFAULT NULL,
  PRIMARY KEY (`id`),
  UNIQUE KEY `unicity` (`users_id`,`email`),
  KEY `email` (`email`),
  KEY `is_default` (`is_default`),
  KEY `is_dynamic` (`is_dynamic`)
) ENGINE=MyISAM DEFAULT CHARSET=utf8 COLLATE=utf8_unicode_ci;
/*!40101 SET character_set_client = @saved_cs_client */;

--
-- Dumping data for table `glpi_useremails`
--

LOCK TABLES `glpi_useremails` WRITE;
/*!40000 ALTER TABLE `glpi_useremails` DISABLE KEYS */;
/*!40000 ALTER TABLE `glpi_useremails` ENABLE KEYS */;
UNLOCK TABLES;

--
-- Table structure for table `glpi_users`
--

DROP TABLE IF EXISTS `glpi_users`;
/*!40101 SET @saved_cs_client     = @@character_set_client */;
/*!40101 SET character_set_client = utf8 */;
CREATE TABLE `glpi_users` (
  `id` int(11) NOT NULL AUTO_INCREMENT,
  `name` varchar(255) COLLATE utf8_unicode_ci DEFAULT NULL,
  `password` varchar(255) COLLATE utf8_unicode_ci DEFAULT NULL,
  `phone` varchar(255) COLLATE utf8_unicode_ci DEFAULT NULL,
  `phone2` varchar(255) COLLATE utf8_unicode_ci DEFAULT NULL,
  `mobile` varchar(255) COLLATE utf8_unicode_ci DEFAULT NULL,
  `realname` varchar(255) COLLATE utf8_unicode_ci DEFAULT NULL,
  `firstname` varchar(255) COLLATE utf8_unicode_ci DEFAULT NULL,
  `locations_id` int(11) NOT NULL DEFAULT '0',
  `language` char(10) COLLATE utf8_unicode_ci DEFAULT NULL COMMENT 'see define.php CFG_GLPI[language] array',
  `use_mode` int(11) NOT NULL DEFAULT '0',
  `list_limit` int(11) DEFAULT NULL,
  `is_active` tinyint(1) NOT NULL DEFAULT '1',
  `comment` text COLLATE utf8_unicode_ci,
  `auths_id` int(11) NOT NULL DEFAULT '0',
  `authtype` int(11) NOT NULL DEFAULT '0',
  `last_login` datetime DEFAULT NULL,
  `date_mod` datetime DEFAULT NULL,
  `date_sync` datetime DEFAULT NULL,
  `is_deleted` tinyint(1) NOT NULL DEFAULT '0',
  `profiles_id` int(11) NOT NULL DEFAULT '0',
  `entities_id` int(11) NOT NULL DEFAULT '0',
  `usertitles_id` int(11) NOT NULL DEFAULT '0',
  `usercategories_id` int(11) NOT NULL DEFAULT '0',
  `date_format` int(11) DEFAULT NULL,
  `number_format` int(11) DEFAULT NULL,
  `names_format` int(11) DEFAULT NULL,
  `csv_delimiter` char(1) COLLATE utf8_unicode_ci DEFAULT NULL,
  `is_ids_visible` tinyint(1) DEFAULT NULL,
  `use_flat_dropdowntree` tinyint(1) DEFAULT NULL,
  `show_jobs_at_login` tinyint(1) DEFAULT NULL,
  `priority_1` char(20) COLLATE utf8_unicode_ci DEFAULT NULL,
  `priority_2` char(20) COLLATE utf8_unicode_ci DEFAULT NULL,
  `priority_3` char(20) COLLATE utf8_unicode_ci DEFAULT NULL,
  `priority_4` char(20) COLLATE utf8_unicode_ci DEFAULT NULL,
  `priority_5` char(20) COLLATE utf8_unicode_ci DEFAULT NULL,
  `priority_6` char(20) COLLATE utf8_unicode_ci DEFAULT NULL,
  `followup_private` tinyint(1) DEFAULT NULL,
  `task_private` tinyint(1) DEFAULT NULL,
  `default_requesttypes_id` int(11) DEFAULT NULL,
  `password_forget_token` char(40) COLLATE utf8_unicode_ci DEFAULT NULL,
  `password_forget_token_date` datetime DEFAULT NULL,
  `user_dn` text COLLATE utf8_unicode_ci,
  `registration_number` varchar(255) COLLATE utf8_unicode_ci DEFAULT NULL,
  `show_count_on_tabs` tinyint(1) DEFAULT NULL,
  `refresh_ticket_list` int(11) DEFAULT NULL,
  `set_default_tech` tinyint(1) DEFAULT NULL,
  `personal_token` varchar(255) COLLATE utf8_unicode_ci DEFAULT NULL,
  `personal_token_date` datetime DEFAULT NULL,
  `display_count_on_home` int(11) DEFAULT NULL,
  `notification_to_myself` tinyint(1) DEFAULT NULL,
  `duedateok_color` varchar(255) COLLATE utf8_unicode_ci DEFAULT NULL,
  `duedatewarning_color` varchar(255) COLLATE utf8_unicode_ci DEFAULT NULL,
  `duedatecritical_color` varchar(255) COLLATE utf8_unicode_ci DEFAULT NULL,
  `duedatewarning_less` int(11) DEFAULT NULL,
  `duedatecritical_less` int(11) DEFAULT NULL,
  `duedatewarning_unit` varchar(255) COLLATE utf8_unicode_ci DEFAULT NULL,
  `duedatecritical_unit` varchar(255) COLLATE utf8_unicode_ci DEFAULT NULL,
  `display_options` text COLLATE utf8_unicode_ci,
  `is_deleted_ldap` tinyint(1) NOT NULL DEFAULT '0',
  `pdffont` varchar(255) COLLATE utf8_unicode_ci DEFAULT NULL,
  `picture` varchar(255) COLLATE utf8_unicode_ci DEFAULT NULL,
  `begin_date` datetime DEFAULT NULL,
  `end_date` datetime DEFAULT NULL,
  `keep_devices_when_purging_item` tinyint(1) DEFAULT NULL,
  `privatebookmarkorder` longtext COLLATE utf8_unicode_ci,
  `backcreated` tinyint(1) DEFAULT NULL,
  `task_state` int(11) DEFAULT NULL,
  `layout` char(20) COLLATE utf8_unicode_ci DEFAULT NULL,
  `palette` char(20) COLLATE utf8_unicode_ci DEFAULT NULL,
  `ticket_timeline` tinyint(1) DEFAULT NULL,
  `ticket_timeline_keep_replaced_tabs` tinyint(1) DEFAULT NULL,
  `set_default_requester` tinyint(1) DEFAULT NULL,
  `lock_autolock_mode` tinyint(1) DEFAULT NULL,
  `lock_directunlock_notification` tinyint(1) DEFAULT NULL,
  `date_creation` datetime DEFAULT NULL,
  `highcontrast_css` tinyint(1) DEFAULT '0',
  `plannings` text COLLATE utf8_unicode_ci,
  PRIMARY KEY (`id`),
  UNIQUE KEY `unicity` (`name`),
  KEY `firstname` (`firstname`),
  KEY `realname` (`realname`),
  KEY `entities_id` (`entities_id`),
  KEY `profiles_id` (`profiles_id`),
  KEY `locations_id` (`locations_id`),
  KEY `usertitles_id` (`usertitles_id`),
  KEY `usercategories_id` (`usercategories_id`),
  KEY `is_deleted` (`is_deleted`),
  KEY `is_active` (`is_active`),
  KEY `date_mod` (`date_mod`),
  KEY `authitem` (`authtype`,`auths_id`),
  KEY `is_deleted_ldap` (`is_deleted_ldap`),
  KEY `date_creation` (`date_creation`)
) ENGINE=MyISAM AUTO_INCREMENT=6 DEFAULT CHARSET=utf8 COLLATE=utf8_unicode_ci;
/*!40101 SET character_set_client = @saved_cs_client */;

--
-- Dumping data for table `glpi_users`
--

LOCK TABLES `glpi_users` WRITE;
/*!40000 ALTER TABLE `glpi_users` DISABLE KEYS */;
INSERT INTO `glpi_users` VALUES (2,'glpi','$2y$10$zeAEBPiQoXZHLPwV7SIWIuVNqdfI/sibVoKaYUe38qnlmPIhrqXi2','','','','',NULL,0,NULL,0,20,1,NULL,0,1,'2024-08-01 12:46:40','2024-08-01 12:46:40',NULL,0,0,0,0,0,NULL,NULL,NULL,NULL,NULL,NULL,NULL,NULL,NULL,NULL,NULL,NULL,NULL,NULL,NULL,NULL,'',NULL,NULL,NULL,NULL,NULL,NULL,NULL,NULL,NULL,NULL,NULL,NULL,NULL,NULL,NULL,NULL,NULL,NULL,0,NULL,NULL,NULL,NULL,NULL,NULL,NULL,NULL,NULL,NULL,NULL,NULL,NULL,NULL,NULL,NULL,NULL,''),(3,'post-only','3177926a7314de24680a9938aaa97703','','','','',NULL,0,NULL,0,20,1,NULL,0,0,NULL,NULL,NULL,0,0,0,0,0,NULL,NULL,NULL,NULL,NULL,NULL,NULL,NULL,NULL,NULL,NULL,NULL,NULL,NULL,NULL,NULL,'',NULL,NULL,NULL,NULL,NULL,NULL,NULL,NULL,NULL,NULL,NULL,NULL,NULL,NULL,NULL,NULL,NULL,NULL,0,NULL,NULL,NULL,NULL,NULL,NULL,NULL,NULL,NULL,NULL,NULL,NULL,NULL,NULL,NULL,NULL,0,''),(4,'tech','d9f9133fb120cd6096870bc2b496805b','','','','',NULL,0,NULL,0,20,1,NULL,0,0,NULL,NULL,NULL,0,0,0,0,0,NULL,NULL,NULL,NULL,NULL,NULL,NULL,NULL,NULL,NULL,NULL,NULL,NULL,NULL,NULL,NULL,'',NULL,NULL,NULL,NULL,NULL,NULL,NULL,NULL,NULL,NULL,NULL,NULL,NULL,NULL,NULL,NULL,NULL,NULL,0,NULL,NULL,NULL,NULL,NULL,NULL,NULL,NULL,NULL,NULL,NULL,NULL,NULL,NULL,NULL,NULL,0,''),(5,'normal','fea087517c26fadd409bd4b9dc642555','','','','',NULL,0,NULL,0,20,1,NULL,0,0,NULL,NULL,NULL,0,0,0,0,0,NULL,NULL,NULL,NULL,NULL,NULL,NULL,NULL,NULL,NULL,NULL,NULL,NULL,NULL,NULL,NULL,'',NULL,NULL,NULL,NULL,NULL,NULL,NULL,NULL,NULL,NULL,NULL,NULL,NULL,NULL,NULL,NULL,NULL,NULL,0,NULL,NULL,NULL,NULL,NULL,NULL,NULL,NULL,NULL,NULL,NULL,NULL,NULL,NULL,NULL,NULL,0,'');
/*!40000 ALTER TABLE `glpi_users` ENABLE KEYS */;
UNLOCK TABLES;

--
-- Table structure for table `glpi_usertitles`
--

DROP TABLE IF EXISTS `glpi_usertitles`;
/*!40101 SET @saved_cs_client     = @@character_set_client */;
/*!40101 SET character_set_client = utf8 */;
CREATE TABLE `glpi_usertitles` (
  `id` int(11) NOT NULL AUTO_INCREMENT,
  `name` varchar(255) COLLATE utf8_unicode_ci DEFAULT NULL,
  `comment` text COLLATE utf8_unicode_ci,
  `date_mod` datetime DEFAULT NULL,
  `date_creation` datetime DEFAULT NULL,
  PRIMARY KEY (`id`),
  KEY `name` (`name`),
  KEY `date_mod` (`date_mod`),
  KEY `date_creation` (`date_creation`)
) ENGINE=MyISAM DEFAULT CHARSET=utf8 COLLATE=utf8_unicode_ci;
/*!40101 SET character_set_client = @saved_cs_client */;

--
-- Dumping data for table `glpi_usertitles`
--

LOCK TABLES `glpi_usertitles` WRITE;
/*!40000 ALTER TABLE `glpi_usertitles` DISABLE KEYS */;
/*!40000 ALTER TABLE `glpi_usertitles` ENABLE KEYS */;
UNLOCK TABLES;

--
-- Table structure for table `glpi_virtualmachinestates`
--

DROP TABLE IF EXISTS `glpi_virtualmachinestates`;
/*!40101 SET @saved_cs_client     = @@character_set_client */;
/*!40101 SET character_set_client = utf8 */;
CREATE TABLE `glpi_virtualmachinestates` (
  `id` int(11) NOT NULL AUTO_INCREMENT,
  `name` varchar(255) COLLATE utf8_unicode_ci NOT NULL DEFAULT '',
  `comment` text COLLATE utf8_unicode_ci NOT NULL,
  `date_mod` datetime DEFAULT NULL,
  `date_creation` datetime DEFAULT NULL,
  PRIMARY KEY (`id`),
  KEY `date_mod` (`date_mod`),
  KEY `date_creation` (`date_creation`)
) ENGINE=MyISAM DEFAULT CHARSET=utf8 COLLATE=utf8_unicode_ci;
/*!40101 SET character_set_client = @saved_cs_client */;

--
-- Dumping data for table `glpi_virtualmachinestates`
--

LOCK TABLES `glpi_virtualmachinestates` WRITE;
/*!40000 ALTER TABLE `glpi_virtualmachinestates` DISABLE KEYS */;
/*!40000 ALTER TABLE `glpi_virtualmachinestates` ENABLE KEYS */;
UNLOCK TABLES;

--
-- Table structure for table `glpi_virtualmachinesystems`
--

DROP TABLE IF EXISTS `glpi_virtualmachinesystems`;
/*!40101 SET @saved_cs_client     = @@character_set_client */;
/*!40101 SET character_set_client = utf8 */;
CREATE TABLE `glpi_virtualmachinesystems` (
  `id` int(11) NOT NULL AUTO_INCREMENT,
  `name` varchar(255) COLLATE utf8_unicode_ci NOT NULL DEFAULT '',
  `comment` text COLLATE utf8_unicode_ci NOT NULL,
  `date_mod` datetime DEFAULT NULL,
  `date_creation` datetime DEFAULT NULL,
  PRIMARY KEY (`id`),
  KEY `date_mod` (`date_mod`),
  KEY `date_creation` (`date_creation`)
) ENGINE=MyISAM DEFAULT CHARSET=utf8 COLLATE=utf8_unicode_ci;
/*!40101 SET character_set_client = @saved_cs_client */;

--
-- Dumping data for table `glpi_virtualmachinesystems`
--

LOCK TABLES `glpi_virtualmachinesystems` WRITE;
/*!40000 ALTER TABLE `glpi_virtualmachinesystems` DISABLE KEYS */;
/*!40000 ALTER TABLE `glpi_virtualmachinesystems` ENABLE KEYS */;
UNLOCK TABLES;

--
-- Table structure for table `glpi_virtualmachinetypes`
--

DROP TABLE IF EXISTS `glpi_virtualmachinetypes`;
/*!40101 SET @saved_cs_client     = @@character_set_client */;
/*!40101 SET character_set_client = utf8 */;
CREATE TABLE `glpi_virtualmachinetypes` (
  `id` int(11) NOT NULL AUTO_INCREMENT,
  `name` varchar(255) COLLATE utf8_unicode_ci NOT NULL DEFAULT '',
  `comment` text COLLATE utf8_unicode_ci NOT NULL,
  `date_mod` datetime DEFAULT NULL,
  `date_creation` datetime DEFAULT NULL,
  PRIMARY KEY (`id`),
  KEY `date_mod` (`date_mod`),
  KEY `date_creation` (`date_creation`)
) ENGINE=MyISAM DEFAULT CHARSET=utf8 COLLATE=utf8_unicode_ci;
/*!40101 SET character_set_client = @saved_cs_client */;

--
-- Dumping data for table `glpi_virtualmachinetypes`
--

LOCK TABLES `glpi_virtualmachinetypes` WRITE;
/*!40000 ALTER TABLE `glpi_virtualmachinetypes` DISABLE KEYS */;
/*!40000 ALTER TABLE `glpi_virtualmachinetypes` ENABLE KEYS */;
UNLOCK TABLES;

--
-- Table structure for table `glpi_vlans`
--

DROP TABLE IF EXISTS `glpi_vlans`;
/*!40101 SET @saved_cs_client     = @@character_set_client */;
/*!40101 SET character_set_client = utf8 */;
CREATE TABLE `glpi_vlans` (
  `id` int(11) NOT NULL AUTO_INCREMENT,
  `entities_id` int(11) NOT NULL DEFAULT '0',
  `is_recursive` tinyint(1) NOT NULL DEFAULT '0',
  `name` varchar(255) COLLATE utf8_unicode_ci DEFAULT NULL,
  `comment` text COLLATE utf8_unicode_ci,
  `tag` int(11) NOT NULL DEFAULT '0',
  `date_mod` datetime DEFAULT NULL,
  `date_creation` datetime DEFAULT NULL,
  PRIMARY KEY (`id`),
  KEY `name` (`name`),
  KEY `entities_id` (`entities_id`),
  KEY `tag` (`tag`),
  KEY `date_mod` (`date_mod`),
  KEY `date_creation` (`date_creation`)
) ENGINE=MyISAM DEFAULT CHARSET=utf8 COLLATE=utf8_unicode_ci;
/*!40101 SET character_set_client = @saved_cs_client */;

--
-- Dumping data for table `glpi_vlans`
--

LOCK TABLES `glpi_vlans` WRITE;
/*!40000 ALTER TABLE `glpi_vlans` DISABLE KEYS */;
/*!40000 ALTER TABLE `glpi_vlans` ENABLE KEYS */;
UNLOCK TABLES;

--
-- Table structure for table `glpi_wifinetworks`
--

DROP TABLE IF EXISTS `glpi_wifinetworks`;
/*!40101 SET @saved_cs_client     = @@character_set_client */;
/*!40101 SET character_set_client = utf8 */;
CREATE TABLE `glpi_wifinetworks` (
  `id` int(11) NOT NULL AUTO_INCREMENT,
  `entities_id` int(11) NOT NULL DEFAULT '0',
  `is_recursive` tinyint(1) NOT NULL DEFAULT '0',
  `name` varchar(255) COLLATE utf8_unicode_ci DEFAULT NULL,
  `essid` varchar(255) COLLATE utf8_unicode_ci DEFAULT NULL,
  `mode` varchar(255) COLLATE utf8_unicode_ci DEFAULT NULL COMMENT 'ad-hoc, access_point',
  `comment` text COLLATE utf8_unicode_ci,
  `date_mod` datetime DEFAULT NULL,
  `date_creation` datetime DEFAULT NULL,
  PRIMARY KEY (`id`),
  KEY `entities_id` (`entities_id`),
  KEY `essid` (`essid`),
  KEY `name` (`name`),
  KEY `date_mod` (`date_mod`),
  KEY `date_creation` (`date_creation`)
) ENGINE=MyISAM DEFAULT CHARSET=utf8 COLLATE=utf8_unicode_ci;
/*!40101 SET character_set_client = @saved_cs_client */;

--
-- Dumping data for table `glpi_wifinetworks`
--

LOCK TABLES `glpi_wifinetworks` WRITE;
/*!40000 ALTER TABLE `glpi_wifinetworks` DISABLE KEYS */;
/*!40000 ALTER TABLE `glpi_wifinetworks` ENABLE KEYS */;
UNLOCK TABLES;
/*!40103 SET TIME_ZONE=@OLD_TIME_ZONE */;

/*!40101 SET SQL_MODE=@OLD_SQL_MODE */;
/*!40014 SET FOREIGN_KEY_CHECKS=@OLD_FOREIGN_KEY_CHECKS */;
/*!40014 SET UNIQUE_CHECKS=@OLD_UNIQUE_CHECKS */;
/*!40101 SET CHARACTER_SET_CLIENT=@OLD_CHARACTER_SET_CLIENT */;
/*!40101 SET CHARACTER_SET_RESULTS=@OLD_CHARACTER_SET_RESULTS */;
/*!40101 SET COLLATION_CONNECTION=@OLD_COLLATION_CONNECTION */;
/*!40111 SET SQL_NOTES=@OLD_SQL_NOTES */;

-- Dump completed on 2024-08-01 12:52:08
